{
"type": "FeatureCollection",
"name": "BufferLayananSampah204080160_4326",
"crs": { "type": "name", "properties": { "name": "urn:ogc:def:crs:OGC:1.3:CRS84" } },
"features": [
{ "type": "Feature", "properties": { "distance": 20.0 }, "geometry": { "type": "MultiPolygon", "coordinates": [ [ [ [ 110.358070860856444, -7.781395766513858 ], [ 110.35809191033006, -7.781396988695273 ], [ 110.358112675871013, -7.781400640863885 ], [ 110.358132876413407, -7.781406671942014 ], [ 110.358152237283662, -7.781415001917386 ], [ 110.358170498371095, -7.781425516428416 ], [ 110.358187412301547, -7.781438074902051 ], [ 110.358202748977561, -7.781452506942554 ], [ 110.358216302826762, -7.781468616865008 ], [ 110.358227890077018, -7.781486186404763 ], [ 110.358237353284139, -7.781504979246741 ], [ 110.358244564959449, -7.781524741030995 ], [ 110.358249427563095, -7.781545203875152 ], [ 110.358251875309492, -7.781566091804303 ], [ 110.358251875979846, -7.781587121658129 ], [ 110.358249427284974, -7.781608009417091 ], [ 110.358244565023313, -7.781628472928191 ], [ 110.35823735310079, -7.781648234603473 ], [ 110.358227889871046, -7.781667026856708 ], [ 110.358225667334636, -7.781670397316308 ], [ 110.358239635770843, -7.781667940993106 ], [ 110.358260686256159, -7.781666718278811 ], [ 110.358281736650085, -7.781667941357817 ], [ 110.35830250130104, -7.781671592612432 ], [ 110.358322701858171, -7.781677624587235 ], [ 110.35834206274626, -7.78168595365065 ], [ 110.358360323850263, -7.781696468154717 ], [ 110.358377237797171, -7.781709026621974 ], [ 110.358392574489329, -7.781723458656744 ], [ 110.358406128354133, -7.781739568574249 ], [ 110.35841771561924, -7.781757138109829 ], [ 110.35842717884023, -7.781775930948535 ], [ 110.358434390528302, -7.781795692730399 ], [ 110.358439253141995, -7.78181615647765 ], [ 110.358441700899718, -7.781837043501806 ], [ 110.358441701578442, -7.781858073356156 ], [ 110.358439252890193, -7.781878961116572 ], [ 110.358434390633363, -7.781899424630083 ], [ 110.358427178713782, -7.781919186308705 ], [ 110.358417715485089, -7.78193797856611 ], [ 110.358406128298824, -7.781955549236513 ], [ 110.358392574415632, -7.781971658862427 ], [ 110.358377237362319, -7.781986090638878 ], [ 110.358360324214047, -7.781998648600237 ], [ 110.358342062863827, -7.78200916394766 ], [ 110.358322702025291, -7.782017493240116 ], [ 110.358302502153904, -7.782023524712197 ], [ 110.358281736356659, -7.782027176466535 ], [ 110.358260685853253, -7.78202839918039 ], [ 110.358239635441592, -7.782027176098899 ], [ 110.358218870774181, -7.782023524839884 ], [ 110.358198670202782, -7.78201749285901 ], [ 110.358179309303395, -7.78200916378817 ], [ 110.358161048191647, -7.781998649275728 ], [ 110.358144134240973, -7.781986090799602 ], [ 110.358128797549227, -7.781971658755925 ], [ 110.358115243688999, -7.781955548830008 ], [ 110.358103656432405, -7.781937979286891 ], [ 110.358094193223366, -7.781919186442009 ], [ 110.358086981550073, -7.781899424655586 ], [ 110.358082118953163, -7.781878960905709 ], [ 110.358079671213332, -7.781858073880929 ], [ 110.358079670552655, -7.781837044028069 ], [ 110.358082119258114, -7.781816156271098 ], [ 110.35808698153042, -7.781795692762861 ], [ 110.358094193462861, -7.781775931091051 ], [ 110.358103656701147, -7.781757138841582 ], [ 110.358105879238991, -7.781753768382746 ], [ 110.358091910799487, -7.781756224701244 ], [ 110.35807086030988, -7.781757447406767 ], [ 110.358049810818542, -7.781756225222853 ], [ 110.358029045261119, -7.78175257304984 ], [ 110.358008844704457, -7.781746541965635 ], [ 110.357989483822891, -7.78173821198284 ], [ 110.357971222727713, -7.781727697463436 ], [ 110.357954308793524, -7.781715138980925 ], [ 110.357938972117935, -7.781700706931555 ], [ 110.357925418271932, -7.781684597905159 ], [ 110.357913831031539, -7.781667027453396 ], [ 110.357904367836383, -7.78164823460521 ], [ 110.357897156175824, -7.78162847281643 ], [ 110.357892293588975, -7.781608009969612 ], [ 110.357889845860484, -7.781587122039878 ], [ 110.357889845208163, -7.781566092187505 ], [ 110.357892293920258, -7.781545204432024 ], [ 110.357897156197382, -7.781524740926197 ], [ 110.357904368132779, -7.781504979257695 ], [ 110.357913831372102, -7.781486187012432 ], [ 110.357925418563269, -7.781468616355711 ], [ 110.357938971538445, -7.781452506743111 ], [ 110.357954309491461, -7.781438074983157 ], [ 110.357971222626645, -7.781425517036809 ], [ 110.357989483958363, -7.781415001703754 ], [ 110.358008844773607, -7.781406672424555 ], [ 110.35802904461778, -7.781400640964219 ], [ 110.358049810384941, -7.781396989219806 ], [ 110.358070860856444, -7.781395766513858 ] ] ], [ [ [ 110.362690612742398, -7.783955641241515 ], [ 110.362711663280763, -7.783956864110867 ], [ 110.362732428097445, -7.783960516065002 ], [ 110.36275262884341, -7.783966546937727 ], [ 110.362771989935425, -7.783974876718191 ], [ 110.362790251258431, -7.783985391951936 ], [ 110.362807164530906, -7.783997950258005 ], [ 110.362822502372751, -7.784012381246989 ], [ 110.362836055577745, -7.784028491039546 ], [ 110.362847643090902, -7.784046061376841 ], [ 110.36285710565339, -7.784064854133517 ], [ 110.362864317585462, -7.784084615857989 ], [ 110.362869180435482, -7.784105079571837 ], [ 110.362871628418617, -7.784125966587097 ], [ 110.362871628401919, -7.784146996455739 ], [ 110.362869180815281, -7.784167884257601 ], [ 110.362864317826791, -7.784188347833646 ], [ 110.362857106062066, -7.784208108694624 ], [ 110.362847642961569, -7.784226901965228 ], [ 110.362836055880649, -7.784244471860119 ], [ 110.362822502073001, -7.784260582538134 ], [ 110.362807165069924, -7.784275013574278 ], [ 110.362790251034852, -7.784287571712833 ], [ 110.362771989675736, -7.784298087250778 ], [ 110.362752628799413, -7.784306416743098 ], [ 110.362732428863239, -7.784312447517257 ], [ 110.362711662972359, -7.784316099482033 ], [ 110.362690612349112, -7.784317322407377 ], [ 110.36266956179297, -7.784316099535551 ], [ 110.362648796959846, -7.784312447577026 ], [ 110.362628596199613, -7.784306416698234 ], [ 110.362609235096244, -7.784298086910349 ], [ 110.362590973765492, -7.784287571668232 ], [ 110.362574060489251, -7.784275013353295 ], [ 110.362558722647819, -7.784260582355414 ], [ 110.362545169447415, -7.784244472554424 ], [ 110.362533581942728, -7.784226902209606 ], [ 110.362524119392205, -7.784208109446728 ], [ 110.362516907474898, -7.784188347717706 ], [ 110.362512044641676, -7.784167884001203 ], [ 110.362509596676418, -7.784146996985327 ], [ 110.362509596711178, -7.784125967118144 ], [ 110.362512044315039, -7.78410507931974 ], [ 110.362516907319005, -7.78408461574896 ], [ 110.362524119096605, -7.784064854894774 ], [ 110.362533582206694, -7.784046061632132 ], [ 110.362545169293426, -7.784028491745903 ], [ 110.362558723102779, -7.784012381076831 ], [ 110.362574060103341, -7.783997950049411 ], [ 110.362590974131834, -7.783985391918907 ], [ 110.362609235480647, -7.783974876387874 ], [ 110.362628596343541, -7.783966546900947 ], [ 110.362648796263798, -7.783960516130434 ], [ 110.362669562137242, -7.783956864167287 ], [ 110.362690612742398, -7.783955641241515 ] ] ], [ [ [ 110.362106968402259, -7.785230790977574 ], [ 110.362128018999911, -7.785232013880833 ], [ 110.362148784778, -7.78523566586937 ], [ 110.362168984665999, -7.785241696772437 ], [ 110.362188346707754, -7.785250026584221 ], [ 110.362206608066771, -7.785260541845781 ], [ 110.362223521369373, -7.785273099272583 ], [ 110.362238858324062, -7.785287531187101 ], [ 110.36225241244918, -7.785303641000223 ], [ 110.362263999060531, -7.785321211351922 ], [ 110.362273462526844, -7.785340004122089 ], [ 110.362280674447703, -7.785359765854844 ], [ 110.362285537279888, -7.785380228668573 ], [ 110.362287985234758, -7.78540111658871 ], [ 110.362287985183784, -7.785422146453755 ], [ 110.362285537556005, -7.785443034248054 ], [ 110.362280674521358, -7.785463496908196 ], [ 110.362273462702063, -7.785483258658615 ], [ 110.362263999543416, -7.785502051910637 ], [ 110.362252412400125, -7.78551962178373 ], [ 110.36223885852813, -7.785535731532522 ], [ 110.362223521455519, -7.785550163445818 ], [ 110.362206607350743, -7.785562721554798 ], [ 110.362188346829612, -7.785573236158189 ], [ 110.362168984975085, -7.785581566520861 ], [ 110.362148784970273, -7.785587597261221 ], [ 110.362128019012985, -7.785591249191707 ], [ 110.36210696923338, -7.785592472084101 ], [ 110.362085918617964, -7.78559124917836 ], [ 110.362065152823419, -7.785587597185435 ], [ 110.362044952921138, -7.78558156627628 ], [ 110.362025590868072, -7.785573236457088 ], [ 110.362007329501296, -7.78556272118716 ], [ 110.361990416194914, -7.785550163751484 ], [ 110.361975079240636, -7.785535731828073 ], [ 110.361961525120108, -7.785519622006498 ], [ 110.361949938517256, -7.785502051647294 ], [ 110.361940475062895, -7.785483258870919 ], [ 110.3619332631568, -7.785463497133613 ], [ 110.361928400341384, -7.785443034317231 ], [ 110.361925952404434, -7.785422146396482 ], [ 110.361925952473456, -7.785401116532894 ], [ 110.361928400118487, -7.785380228742056 ], [ 110.361933263168581, -7.785359766087185 ], [ 110.361940475000765, -7.785340004343555 ], [ 110.361949938169019, -7.785321211099482 ], [ 110.361961525318108, -7.78530364123507 ], [ 110.361975079191794, -7.785287531495224 ], [ 110.361990416261904, -7.785273099590651 ], [ 110.3620073303601, -7.785260541489702 ], [ 110.362025590870928, -7.78525002689322 ], [ 110.362044952712012, -7.785241696535968 ], [ 110.362065152700922, -7.785235665799234 ], [ 110.362085918640744, -7.78523201387039 ], [ 110.362106968402259, -7.785230790977574 ] ] ], [ [ [ 110.359830001691378, -7.784395249671916 ], [ 110.35985105223169, -7.784396472684333 ], [ 110.359871817941794, -7.784400123875063 ], [ 110.35989201774801, -7.784406155785447 ], [ 110.359911379700677, -7.784414484790253 ], [ 110.359929640960459, -7.784425000142735 ], [ 110.359946554155016, -7.78443755855713 ], [ 110.359961891905343, -7.784451989642633 ], [ 110.35997544500637, -7.784468099518564 ], [ 110.359987032404618, -7.784485669924973 ], [ 110.359996495749641, -7.784504462736923 ], [ 110.360003707549581, -7.784524224499376 ], [ 110.360008570262849, -7.784544687330256 ], [ 110.360011018102398, -7.784565575254831 ], [ 110.360011017941318, -7.784586605111473 ], [ 110.360008570210056, -7.784607492884706 ], [ 110.360003707986962, -7.784627955512727 ], [ 110.359996496081621, -7.784647717217696 ], [ 110.359987032847442, -7.784666510412933 ], [ 110.359975445640174, -7.784684080218665 ], [ 110.35996189171523, -7.784700190794937 ], [ 110.3599465546055, -7.784714621718082 ], [ 110.359929640474505, -7.784727180638461 ], [ 110.359911379942488, -7.784737695142541 ], [ 110.359892018092538, -7.784746024496529 ], [ 110.359871818103656, -7.78475205603377 ], [ 110.359851052177461, -7.784755707854632 ], [ 110.359830002442365, -7.784756930636893 ], [ 110.359808951884276, -7.784755707621993 ], [ 110.359788186157715, -7.784752056426864 ], [ 110.359767986337246, -7.784746024510391 ], [ 110.359748624373267, -7.78473769549818 ], [ 110.359730363105726, -7.784727180137325 ], [ 110.359713449907389, -7.784714621714039 ], [ 110.359698112157503, -7.784700190619653 ], [ 110.359684559061037, -7.784684080735276 ], [ 110.359672971671287, -7.78466651032136 ], [ 110.359663508338244, -7.784647717503196 ], [ 110.359656296553069, -7.784627955736209 ], [ 110.359651433856584, -7.784607492902667 ], [ 110.359648986034927, -7.784586604977505 ], [ 110.359648986214083, -7.784565575122309 ], [ 110.359651433962554, -7.784544687352555 ], [ 110.359656296201123, -7.784524224729806 ], [ 110.35966350811934, -7.78450446303163 ], [ 110.359672971363111, -7.784485669844348 ], [ 110.359684558576177, -7.784468100047299 ], [ 110.359698112502798, -7.784451989479969 ], [ 110.359713449610013, -7.784437558565549 ], [ 110.359730363734428, -7.784424999653203 ], [ 110.359748624256142, -7.78441448515603 ], [ 110.359767986092649, -7.78440615580745 ], [ 110.359788186065643, -7.784400124273832 ], [ 110.359808951974358, -7.784396472454606 ], [ 110.359830001691378, -7.784395249671916 ] ] ], [ [ [ 110.361454607130611, -7.787694773013428 ], [ 110.361475657846128, -7.78769599595875 ], [ 110.361496423735559, -7.787699647988186 ], [ 110.361516623726857, -7.787705678930447 ], [ 110.36153598586246, -7.787714008779181 ], [ 110.361554246399052, -7.787724523169062 ], [ 110.361571160678508, -7.787737081532762 ], [ 110.361586497691704, -7.787751513474666 ], [ 110.361600051861728, -7.787767623311185 ], [ 110.361611638505138, -7.787785192777462 ], [ 110.361621101986188, -7.78780398646664 ], [ 110.361628313908312, -7.787823748209169 ], [ 110.361633176726912, -7.787844211027742 ], [ 110.361635624653516, -7.787865098947797 ], [ 110.361635624560009, -7.787886128807767 ], [ 110.361633176877334, -7.787907015687625 ], [ 110.361628313772158, -7.78792747923757 ], [ 110.361621101871648, -7.787947240968709 ], [ 110.361611638620886, -7.787966034197191 ], [ 110.361600051375802, -7.787983604042743 ], [ 110.361586498300653, -7.787999713761741 ], [ 110.361571160204221, -7.788014145639355 ], [ 110.361554246884268, -7.788026703712631 ], [ 110.361535985330548, -7.788037218275393 ], [ 110.361516624256737, -7.788045547693961 ], [ 110.361496423215954, -7.788051579295366 ], [ 110.361475658039467, -7.788055231184576 ], [ 110.361454607230101, -7.788056454032937 ], [ 110.36143355649682, -7.788055231085135 ], [ 110.361412790590933, -7.788051579051304 ], [ 110.361392590585325, -7.78804554810297 ], [ 110.361373228438424, -7.78803721824681 ], [ 110.361354967894059, -7.788026703848552 ], [ 110.361338053610837, -7.788014145475978 ], [ 110.361322716598053, -7.787999713525178 ], [ 110.361309162432619, -7.787983603680224 ], [ 110.361297575797693, -7.787966034206419 ], [ 110.361288112328609, -7.787947240511039 ], [ 110.361280900421264, -7.787927478763955 ], [ 110.361276037619447, -7.787907015942728 ], [ 110.361273589710748, -7.787886128022062 ], [ 110.361273589822318, -7.787865098163552 ], [ 110.361276037522231, -7.787844211287153 ], [ 110.361280900642882, -7.78782374774248 ], [ 110.361288112556281, -7.787803986018136 ], [ 110.361297575816664, -7.787785192797609 ], [ 110.361309163067531, -7.787767622960734 ], [ 110.361322716144386, -7.78775151325069 ], [ 110.361338054238288, -7.7877370813818 ], [ 110.361354967551677, -7.787724523316539 ], [ 110.361373229095108, -7.787714008760696 ], [ 110.361392590155432, -7.787705679347559 ], [ 110.361412791180328, -7.787699647749765 ], [ 110.361433556339335, -7.787695995862217 ], [ 110.361454607130611, -7.787694773013428 ] ] ], [ [ [ 110.359461799883803, -7.780950530577818 ], [ 110.359482850250529, -7.780951753594641 ], [ 110.359503615788881, -7.780955404789937 ], [ 110.359523815427494, -7.780961436704987 ], [ 110.359543177218995, -7.780969765714494 ], [ 110.359561438326253, -7.78098028107163 ], [ 110.359578351378957, -7.780992839490628 ], [ 110.359593689, -7.781007270580565 ], [ 110.359607241986126, -7.781023380460712 ], [ 110.359618829285324, -7.781040950871067 ], [ 110.359628292548564, -7.781059743686643 ], [ 110.359635504285052, -7.781079505452348 ], [ 110.359640366954068, -7.781099968286066 ], [ 110.359642814769188, -7.781120856213017 ], [ 110.359642814603788, -7.781141886071556 ], [ 110.359640366888385, -7.78116277384617 ], [ 110.359635504701131, -7.781183236475039 ], [ 110.359628292851141, -7.7812029981803 ], [ 110.35961882969103, -7.781221791375295 ], [ 110.359607242575578, -7.781239361180261 ], [ 110.359593688758935, -7.781255471755197 ], [ 110.359578351772569, -7.78126990267653 ], [ 110.359561437778282, -7.781282461594563 ], [ 110.359543177394499, -7.781292976095865 ], [ 110.359523815702275, -7.781301305446651 ], [ 110.359503615878509, -7.781307336980311 ], [ 110.359482850122589, -7.781310988797285 ], [ 110.359461800560595, -7.781312211575341 ], [ 110.359440750176134, -7.781310988556036 ], [ 110.359419984621326, -7.781307337356342 ], [ 110.359399784968446, -7.78130130543522 ], [ 110.359380423165632, -7.781292976418293 ], [ 110.35936216205063, -7.781282461052784 ], [ 110.359345248994174, -7.781269902624918 ], [ 110.359329911373536, -7.781255471526091 ], [ 110.359316358391993, -7.781239361637516 ], [ 110.359304771101293, -7.781221791219641 ], [ 110.359295307850019, -7.78120299839787 ], [ 110.359288096128296, -7.78118323662762 ], [ 110.359283233476049, -7.781162773791256 ], [ 110.359280785678834, -7.7811418858637 ], [ 110.359280785862282, -7.781120856006629 ], [ 110.35928323359488, -7.781099968235479 ], [ 110.359288095797595, -7.78107950561188 ], [ 110.359295307660474, -7.78105974391341 ], [ 110.359304770830178, -7.781040950726347 ], [ 110.359316357951414, -7.781023380930078 ], [ 110.359329911769734, -7.781007270364078 ], [ 110.359345248753584, -7.78099283945147 ], [ 110.359362162741292, -7.780980280541445 ], [ 110.359380423114786, -7.780969766047064 ], [ 110.359399784793553, -7.780961436701684 ], [ 110.359419984601431, -7.780955405171643 ], [ 110.3594407503399, -7.780951753356309 ], [ 110.359461799883803, -7.780950530577818 ] ] ], [ [ [ 110.359212672052166, -7.781375264162678 ], [ 110.359233722438248, -7.781376487193505 ], [ 110.35925448799405, -7.781380138402449 ], [ 110.359274687647968, -7.781386170330602 ], [ 110.359294049452416, -7.781394499352499 ], [ 110.359312310570104, -7.781405014721142 ], [ 110.359329223631931, -7.781417572246094 ], [ 110.35934456125662, -7.781432004249821 ], [ 110.359358114244884, -7.781448114137942 ], [ 110.359369701543386, -7.781465684554861 ], [ 110.359379164803045, -7.781484477375489 ], [ 110.359386376533138, -7.781504239144683 ], [ 110.359391239193073, -7.78152470198026 ], [ 110.359393686996469, -7.781545589907439 ], [ 110.359393686816915, -7.781566619764544 ], [ 110.359391239085141, -7.781587507536101 ], [ 110.359386376879456, -7.781607970160328 ], [ 110.35937916500923, -7.781627731859423 ], [ 110.359369701827418, -7.781646525046815 ], [ 110.359358114689059, -7.781664094842831 ], [ 110.359344560848584, -7.781680205407606 ], [ 110.359329223837818, -7.781694636317693 ], [ 110.35931230982024, -7.781707194319056 ], [ 110.359294049410508, -7.781717709711928 ], [ 110.359274687694125, -7.781726039049195 ], [ 110.359254487846925, -7.781732070568927 ], [ 110.359233722068652, -7.781735722371756 ], [ 110.359212672485668, -7.781736945135646 ], [ 110.359191622081838, -7.781735722102337 ], [ 110.359170856509607, -7.781732070888998 ], [ 110.359150656841422, -7.781726038954771 ], [ 110.359131295025648, -7.781717709925451 ], [ 110.359113033900229, -7.781707194548436 ], [ 110.359096120834622, -7.781694637014613 ], [ 110.359080783210374, -7.781680205001996 ], [ 110.359067230226685, -7.781664095105445 ], [ 110.359055642936681, -7.78164652468101 ], [ 110.359046179688988, -7.781627731854185 ], [ 110.359038967973646, -7.781607970080449 ], [ 110.359034105330508, -7.781587507242222 ], [ 110.359031657544989, -7.781566619314443 ], [ 110.359031657742591, -7.781545589458802 ], [ 110.359034105491588, -7.781524701690707 ], [ 110.359038967712735, -7.781504239071749 ], [ 110.359046179595822, -7.781484477379451 ], [ 110.359055642787226, -7.781465684199996 ], [ 110.359067229931398, -7.781448114412675 ], [ 110.359080783773535, -7.781432003856841 ], [ 110.3590961207818, -7.781417572955471 ], [ 110.359113034792784, -7.781405014962139 ], [ 110.359131295192228, -7.781394499576167 ], [ 110.359150656895153, -7.781386170244311 ], [ 110.35917085672645, -7.781380138728194 ], [ 110.359191622487273, -7.781376486927 ], [ 110.359212672052166, -7.781375264162678 ] ] ], [ [ [ 110.358948345285285, -7.783372039887102 ], [ 110.358969395768653, -7.783373262938976 ], [ 110.358990161417964, -7.783376914168332 ], [ 110.35901036116033, -7.783382946115982 ], [ 110.359029723046987, -7.783391275156202 ], [ 110.359047983332573, -7.783401790540388 ], [ 110.359064897367773, -7.783414348081934 ], [ 110.359080234142695, -7.78342878009767 ], [ 110.359093788085005, -7.783444889998505 ], [ 110.359105375419944, -7.783462460424569 ], [ 110.359114838704841, -7.783481253252028 ], [ 110.359122050448676, -7.783501015025641 ], [ 110.359126913110629, -7.78352147786317 ], [ 110.359129360904319, -7.7835423657898 ], [ 110.359129360703449, -7.783563395643873 ], [ 110.359126912940411, -7.783584282505444 ], [ 110.359122050689848, -7.783604746026319 ], [ 110.359114838765848, -7.78362450771529 ], [ 110.35910537552067, -7.783643300890445 ], [ 110.359093788310247, -7.783660870672227 ], [ 110.359080234391371, -7.783676980316504 ], [ 110.359064897292782, -7.783691412113551 ], [ 110.359047984090225, -7.78370397009743 ], [ 110.35902972267742, -7.783714485469007 ], [ 110.359010361768881, -7.783722814786914 ], [ 110.35899016091409, -7.783728846284041 ], [ 110.358969395941813, -7.783732498066757 ], [ 110.358948345352132, -7.78373372080789 ], [ 110.358927294850986, -7.783732497753512 ], [ 110.358906529185234, -7.783728846519776 ], [ 110.3588863294286, -7.783722814566032 ], [ 110.358866967530631, -7.783714485518408 ], [ 110.358848707237314, -7.783703970125848 ], [ 110.358831793198348, -7.783691412575429 ], [ 110.358816456423838, -7.783676980550799 ], [ 110.358802902486104, -7.783660870641516 ], [ 110.358791315159678, -7.783643300207949 ], [ 110.358781851886732, -7.783624507374275 ], [ 110.358774640157662, -7.783604745596133 ], [ 110.358769777512521, -7.783584282755945 ], [ 110.358767329736722, -7.783563394828727 ], [ 110.358767329048717, -7.783542364974733 ], [ 110.358769777735901, -7.783521478118015 ], [ 110.358774640001926, -7.783501014602411 ], [ 110.358781851938815, -7.783481252920219 ], [ 110.358791315193557, -7.783462459753037 ], [ 110.358802902409792, -7.783444889979935 ], [ 110.358816456330345, -7.783428780344583 ], [ 110.358831793426404, -7.783414348556277 ], [ 110.358848706622382, -7.783401790580425 ], [ 110.358866968024898, -7.783391275215757 ], [ 110.358886328919979, -7.783382945903253 ], [ 110.358906529758883, -7.783376914409747 ], [ 110.358927294713681, -7.783373262628653 ], [ 110.358948345285285, -7.783372039887102 ] ] ], [ [ [ 110.358736902147484, -7.784421677053771 ], [ 110.358757952681515, -7.784422900120294 ], [ 110.358778718379071, -7.784426551363882 ], [ 110.358798918166627, -7.784432583325153 ], [ 110.358818280094781, -7.784440912378195 ], [ 110.358836540417641, -7.784451427774237 ], [ 110.358853454485399, -7.784463985326517 ], [ 110.358868791287691, -7.784478417351711 ], [ 110.3588823452518, -7.784494527260596 ], [ 110.358893932604076, -7.784512096788702 ], [ 110.358903395897528, -7.784530890525629 ], [ 110.358910607646465, -7.784550651397996 ], [ 110.35891547030451, -7.784571115141603 ], [ 110.358917918090853, -7.784592002163564 ], [ 110.358917918782069, -7.784613032017139 ], [ 110.358915470090011, -7.784633919778232 ], [ 110.358910607813144, -7.784654383293861 ], [ 110.358903395857553, -7.78467414497602 ], [ 110.358893932575995, -7.784692938142832 ], [ 110.358882345324815, -7.784710507914909 ], [ 110.358868791361417, -7.784726617548253 ], [ 110.358853454215122, -7.784741049333233 ], [ 110.358836540962329, -7.784753607304126 ], [ 110.358818279497413, -7.784764122661954 ], [ 110.358798918535612, -7.784772451965541 ], [ 110.358778717627132, -7.784778483447962 ], [ 110.358757952601465, -7.784782135215787 ], [ 110.358736901959389, -7.78478335794205 ], [ 110.358715851407609, -7.784782134873042 ], [ 110.358695085693597, -7.784778483625057 ], [ 110.358674885891773, -7.784772451657709 ], [ 110.358655523952308, -7.784764122597237 ], [ 110.358637263621688, -7.784753607192822 ], [ 110.358620349550165, -7.784741049631671 ], [ 110.358605012748313, -7.784726617597583 ], [ 110.358591458788766, -7.78471050768026 ], [ 110.358579871445002, -7.784692938144636 ], [ 110.358570408163516, -7.784674144401511 ], [ 110.358563196429344, -7.784654383524598 ], [ 110.358558333788096, -7.784633919778329 ], [ 110.358555886019658, -7.784613032755782 ], [ 110.35855588534649, -7.784592002903678 ], [ 110.358558334055758, -7.784571115146049 ], [ 110.358563196348115, -7.784550651635687 ], [ 110.358570408316567, -7.784530889960332 ], [ 110.358579871607745, -7.784512096801473 ], [ 110.358591458864709, -7.784494527038078 ], [ 110.358605012829784, -7.784478417413679 ], [ 110.358620349973563, -7.784463985637419 ], [ 110.358637263219777, -7.784451427674559 ], [ 110.358655524674376, -7.784440912323636 ], [ 110.358674885622719, -7.784432583025461 ], [ 110.358695086515311, -7.784426551546661 ], [ 110.358715851523513, -7.784422899780469 ], [ 110.358736902147484, -7.784421677053771 ] ] ], [ [ [ 110.357327730745823, -7.786640090430872 ], [ 110.357348781381603, -7.78664131267141 ], [ 110.357369547167593, -7.786644964896042 ], [ 110.357389747034503, -7.786650996026329 ], [ 110.357409109026435, -7.786659326053389 ], [ 110.357427370309011, -7.786669840610843 ], [ 110.357444283505444, -7.786682399125008 ], [ 110.357459621238078, -7.786696830299186 ], [ 110.357473175209051, -7.78671294025287 ], [ 110.357484761644528, -7.786730510720974 ], [ 110.357494225822592, -7.786749303583191 ], [ 110.357501437531596, -7.786769065379695 ], [ 110.35750630013807, -7.786789528229363 ], [ 110.357508747856457, -7.786810416157161 ], [ 110.357508748468348, -7.786831446002813 ], [ 110.357506300592235, -7.786852333748239 ], [ 110.357501437308358, -7.786872796332051 ], [ 110.357494225242277, -7.786892557979721 ], [ 110.357484761842613, -7.786911351103961 ], [ 110.357473175374281, -7.786928920827352 ], [ 110.357459621281151, -7.786945031308274 ], [ 110.357444284003918, -7.786959463030297 ], [ 110.357427369712454, -7.78697202093162 ], [ 110.357409109023735, -7.78698253621835 ], [ 110.357389747027014, -7.786990865444786 ], [ 110.357369546901978, -7.786996896850517 ], [ 110.357348781758958, -7.787000548539075 ], [ 110.357327731007274, -7.787001771185876 ], [ 110.35730668035373, -7.787000548942852 ], [ 110.357285914551312, -7.786996896713815 ], [ 110.357265714670106, -7.78699086557745 ], [ 110.357246352666863, -7.786982535542958 ], [ 110.357228091376527, -7.786972020977128 ], [ 110.357211178176328, -7.786959462454084 ], [ 110.35719584044412, -7.786945031271011 ], [ 110.357182286477752, -7.786928921308889 ], [ 110.357170700050773, -7.786911350833267 ], [ 110.357161235884675, -7.786892557964848 ], [ 110.357154024190464, -7.7868727961638 ], [ 110.357149161600773, -7.786852333311487 ], [ 110.357146713900306, -7.786831445383088 ], [ 110.357146713306449, -7.786810415538909 ], [ 110.3571491611998, -7.786789527796929 ], [ 110.357154024499138, -7.786769065218413 ], [ 110.357161236578122, -7.786749303577547 ], [ 110.357170699987378, -7.786730510461263 ], [ 110.357182286462859, -7.786712939842056 ], [ 110.357195840556315, -7.786696830274588 ], [ 110.357211177831005, -7.786682398561286 ], [ 110.357228092115875, -7.786669840667997 ], [ 110.357246352794306, -7.786659325388177 ], [ 110.35726571477754, -7.78665099616715 ], [ 110.357285914886717, -7.786644964765034 ], [ 110.357306680012243, -7.786641313078114 ], [ 110.357327730745823, -7.786640090430872 ] ] ], [ [ [ 110.356658747989286, -7.784454717476953 ], [ 110.356679798511863, -7.784455939741767 ], [ 110.356700564183313, -7.784459591990277 ], [ 110.35672076393594, -7.784465623143725 ], [ 110.356740125815378, -7.784473953192917 ], [ 110.35675838608185, -7.784484467769792 ], [ 110.356775300080798, -7.784497026304523 ], [ 110.356790637715235, -7.784511457496018 ], [ 110.356804191595515, -7.784527567464914 ], [ 110.356815777949066, -7.784545137945919 ], [ 110.356825242055038, -7.784563930818553 ], [ 110.356832453704158, -7.784583691718358 ], [ 110.356837316259686, -7.78460415547757 ], [ 110.356839763942205, -7.784625042503118 ], [ 110.356839764529681, -7.784646072348199 ], [ 110.356837316642299, -7.784666960090246 ], [ 110.356832453359118, -7.784687423572391 ], [ 110.3568252413084, -7.784707185211174 ], [ 110.356815777937172, -7.784725978323991 ], [ 110.356804191509994, -7.784743548033503 ], [ 110.356790637470141, -7.784759658498332 ], [ 110.35677530025761, -7.784774090202252 ], [ 110.356758386948314, -7.784786648085089 ], [ 110.356740125438833, -7.784797162444562 ], [ 110.356720764440823, -7.784805492554277 ], [ 110.356700563509122, -7.784811523935161 ], [ 110.356679798472157, -7.784815175599622 ], [ 110.356658747830863, -7.784816398222084 ], [ 110.356637697290537, -7.784815175954781 ], [ 110.356616931602645, -7.784811523701865 ], [ 110.356596731835737, -7.78480549254234 ], [ 110.356577369944972, -7.784797162485716 ], [ 110.356559109670783, -7.784786647900464 ], [ 110.356542195668069, -7.784774089356861 ], [ 110.356526858034059, -7.784759658156487 ], [ 110.356513304158369, -7.784743548179142 ], [ 110.356501717813316, -7.784725977690636 ], [ 110.35649225371931, -7.784707184811786 ], [ 110.356485042084969, -7.784687423907459 ], [ 110.356480179546239, -7.784666960145585 ], [ 110.356477731881625, -7.784646073119453 ], [ 110.356477731312182, -7.784625043275831 ], [ 110.356480179216774, -7.784604155537269 ], [ 110.35648504251543, -7.784583692060404 ], [ 110.356492254579038, -7.784563930428405 ], [ 110.356501717959858, -7.784545137323563 ], [ 110.35651330439282, -7.784527567622719 ], [ 110.356526858434364, -7.784511457166833 ], [ 110.356542195644366, -7.784497025471653 ], [ 110.356559108947067, -7.784484467596844 ], [ 110.356577370446246, -7.784473953244275 ], [ 110.356596731430798, -7.784465623139949 ], [ 110.356616932346597, -7.784459591762703 ], [ 110.356637697366097, -7.784455940099853 ], [ 110.356658747989286, -7.784454717476953 ] ] ], [ [ [ 110.357010978189862, -7.785694266738282 ], [ 110.357032028776459, -7.785695488990672 ], [ 110.357052794512512, -7.785699141226973 ], [ 110.357072994329471, -7.785705172368551 ], [ 110.357092356272076, -7.785713502406392 ], [ 110.357110617506621, -7.785724016973968 ], [ 110.357127530656953, -7.785736575497456 ], [ 110.357142868346088, -7.785751006680025 ], [ 110.357156422276674, -7.785767116641095 ], [ 110.357168008675515, -7.785784687115419 ], [ 110.357177472821107, -7.785803479982674 ], [ 110.357184684502272, -7.785823241782905 ], [ 110.357189547085952, -7.785843704634968 ], [ 110.357191994786845, -7.785864592563772 ], [ 110.357191995386813, -7.785885622409085 ], [ 110.35718954750449, -7.785906510152775 ], [ 110.357184684220215, -7.785926972733495 ], [ 110.357177472159535, -7.785946734376759 ], [ 110.357168008771026, -7.785965527495337 ], [ 110.357156422319434, -7.785983097211875 ], [ 110.357142868248388, -7.785999207684892 ], [ 110.357127530998312, -7.786013639398005 ], [ 110.357110617645631, -7.786026197290961 ], [ 110.357092356086085, -7.786036712565837 ], [ 110.357072994129268, -7.786045041781208 ], [ 110.35705279404732, -7.786051073175442 ], [ 110.357032028950101, -7.786054724852224 ], [ 110.357010978246223, -7.786055947487131 ], [ 110.356989927641877, -7.786054725232251 ], [ 110.356969161889367, -7.786051072991567 ], [ 110.356948962058127, -7.786045041843909 ], [ 110.356929600104209, -7.786036711798638 ], [ 110.35691133886192, -7.786026197222685 ], [ 110.356894425707821, -7.786013638690321 ], [ 110.356879088019127, -7.785999207498841 ], [ 110.356865534093103, -7.785983097529351 ], [ 110.356853947702803, -7.785965527047491 ], [ 110.356844483569162, -7.785946734174057 ], [ 110.356837271902776, -7.785926972369262 ], [ 110.35683240933588, -7.785906509514573 ], [ 110.356829961652892, -7.785885621585151 ], [ 110.356829961070986, -7.78586459174133 ], [ 110.356832408970547, -7.785843704001088 ], [ 110.356837272270269, -7.785823241425646 ], [ 110.356844484343839, -7.785803479789204 ], [ 110.356853947741939, -7.785784686678562 ], [ 110.356865534199329, -7.785767116970713 ], [ 110.356879088272052, -7.78575100650666 ], [ 110.356894425519599, -7.785736574802253 ], [ 110.356911338865686, -7.785724016917328 ], [ 110.356929600414929, -7.785713501649357 ], [ 110.356948962358288, -7.785705172439413 ], [ 110.356969162424335, -7.785699141048775 ], [ 110.356989927504102, -7.785695489373645 ], [ 110.357010978189862, -7.785694266738282 ] ] ], [ [ [ 110.356459278301188, -7.787506034788404 ], [ 110.356480328067022, -7.787507257073963 ], [ 110.356501093884006, -7.787510909343849 ], [ 110.356521294682508, -7.787516940519023 ], [ 110.35654065578683, -7.787525269681371 ], [ 110.356558917079028, -7.787535785181606 ], [ 110.356575831187683, -7.787548342827503 ], [ 110.356591168915713, -7.787562774937168 ], [ 110.356604722876341, -7.787578884917525 ], [ 110.356616309295916, -7.787596454503137 ], [ 110.356625772543012, -7.787615247381035 ], [ 110.356632985128485, -7.78763500919079 ], [ 110.356637847698565, -7.787655472046949 ], [ 110.35664029537503, -7.787676359975813 ], [ 110.356640295940068, -7.78769738981708 ], [ 110.356637848012781, -7.787718277552744 ], [ 110.356632984672785, -7.787738741026019 ], [ 110.356625773455988, -7.787758502654941 ], [ 110.35661630999661, -7.787777295754305 ], [ 110.356604722560377, -7.787794865446958 ], [ 110.356591168407164, -7.787810974989978 ], [ 110.356575831068866, -7.787825406675003 ], [ 110.356558917623076, -7.787837965442119 ], [ 110.356540655970946, -7.787848479780301 ], [ 110.356521294824717, -7.787856809867974 ], [ 110.356501094648138, -7.787862841227682 ], [ 110.356480328550902, -7.787866492868067 ], [ 110.356459277756812, -7.787867715467975 ], [ 110.356438227973214, -7.78786649317993 ], [ 110.356417462139788, -7.787862840905632 ], [ 110.356397261327018, -7.787856809724381 ], [ 110.356377900211371, -7.787848480554597 ], [ 110.356359638911428, -7.787837965045968 ], [ 110.356342724799006, -7.78782540739121 ], [ 110.356327387071403, -7.787810975272645 ], [ 110.356313833115379, -7.78779486528385 ], [ 110.356302246704303, -7.787777295690717 ], [ 110.356292783469158, -7.787758502806607 ], [ 110.356285570898478, -7.787738740992323 ], [ 110.35628070834521, -7.787718278133521 ], [ 110.356278260686651, -7.787697390204055 ], [ 110.356278260139661, -7.787676360364245 ], [ 110.356280708084171, -7.787655472632068 ], [ 110.356285571439656, -7.787635009164075 ], [ 110.356292782669328, -7.787615247541941 ], [ 110.356302246138313, -7.787596454450553 ], [ 110.35631383358033, -7.787578884766587 ], [ 110.35632738773522, -7.787562775232502 ], [ 110.356342725070988, -7.787548343556217 ], [ 110.356359638510199, -7.787535784797134 ], [ 110.356377900151998, -7.787525270465856 ], [ 110.356397261284769, -7.787516940383593 ], [ 110.35641746144546, -7.787510909027505 ], [ 110.356438227525217, -7.787507257388755 ], [ 110.356459278301188, -7.787506034788404 ] ] ] ] } },
{ "type": "Feature", "properties": { "distance": 40.0 }, "geometry": { "type": "MultiPolygon", "coordinates": [ [ [ [ 110.359775858281168, -7.780950530600811 ], [ 110.359794784819584, -7.780988116225777 ], [ 110.359809208307325, -7.78102763975263 ], [ 110.359818933662154, -7.781068565417433 ], [ 110.359823830217195, -7.781110341272083 ], [ 110.3598238299044, -7.781152400990644 ], [ 110.359818933583938, -7.781194176541946 ], [ 110.359809208316605, -7.781235102708091 ], [ 110.359794784630836, -7.781274625220917 ], [ 110.359775858320219, -7.781312211618859 ], [ 110.359752685000657, -7.781347352143328 ], [ 110.359725577371819, -7.781379571493148 ], [ 110.359694902486893, -7.781408435152152 ], [ 110.359661076308313, -7.781433551189992 ], [ 110.359624554622172, -7.781454581102635 ], [ 110.359585831224265, -7.781471239809617 ], [ 110.359565973454608, -7.781477169652295 ], [ 110.359569806093418, -7.781493299233237 ], [ 110.359574702626418, -7.781535074183824 ], [ 110.359574702283965, -7.781577134804034 ], [ 110.359569806838991, -7.781618909446089 ], [ 110.359560080627887, -7.781659835601583 ], [ 110.35954565780726, -7.781699359007947 ], [ 110.359526730546307, -7.781736945389309 ], [ 110.359503557180886, -7.781772085895884 ], [ 110.359476449504399, -7.781804305225378 ], [ 110.359445775477568, -7.781833168863269 ], [ 110.359411948342768, -7.781858284875404 ], [ 110.359375426607443, -7.781879314762181 ], [ 110.359336704068156, -7.781895973443488 ], [ 110.359296303450989, -7.781908036485213 ], [ 110.359254772783899, -7.781915340093856 ], [ 110.359212672692919, -7.781917785619846 ], [ 110.359170571866144, -7.781915340455253 ], [ 110.359129040706563, -7.781908037119672 ], [ 110.359088640447652, -7.781895974148276 ], [ 110.359049917713079, -7.781879315179078 ], [ 110.359013396361419, -7.78185828441803 ], [ 110.358979569320908, -7.781833168435651 ], [ 110.358948894978369, -7.781804305307403 ], [ 110.358921787201737, -7.781772085503132 ], [ 110.358898613535771, -7.781736945552622 ], [ 110.358879687053715, -7.781699358988249 ], [ 110.358865263637796, -7.781659835436251 ], [ 110.358855538368303, -7.781618909757138 ], [ 110.358850641906884, -7.781577134804133 ], [ 110.358850642321499, -7.781535074189792 ], [ 110.358855537835339, -7.78149329956159 ], [ 110.358865264108289, -7.781452373427183 ], [ 110.358879686980416, -7.781412850047986 ], [ 110.358898614279738, -7.781375263698418 ], [ 110.358921787668322, -7.781340123226579 ], [ 110.358948895351546, -7.781307903932847 ], [ 110.358979569368302, -7.781279040329831 ], [ 110.359013396476755, -7.781253924349808 ], [ 110.359049918170896, -7.781232894490646 ], [ 110.359088640656381, -7.781216235830967 ], [ 110.359108499325274, -7.781210306011476 ], [ 110.359104666706116, -7.781194176427799 ], [ 110.359099770222656, -7.781152400570723 ], [ 110.3590997706076, -7.781110340858032 ], [ 110.359104666090019, -7.781068565319213 ], [ 110.35911439232612, -7.781027639175515 ], [ 110.359128815156453, -7.780988116688492 ], [ 110.359147742412361, -7.780950530323702 ], [ 110.359170915755101, -7.780915389833972 ], [ 110.359198023390661, -7.780883170519911 ], [ 110.359228698265511, -7.780854306895781 ], [ 110.359262524417758, -7.78082919089005 ], [ 110.359299046062731, -7.780808161005018 ], [ 110.359337769406821, -7.780791502319668 ], [ 110.359378169006717, -7.780779439263203 ], [ 110.359419699559268, -7.780772135632819 ], [ 110.359461800442801, -7.780769690078125 ], [ 110.35950390025296, -7.780772135203414 ], [ 110.35954543131048, -7.780779439398628 ], [ 110.359585831481738, -7.780791502319515 ], [ 110.359624554145142, -7.780808161234241 ], [ 110.359661075446354, -7.78082919103429 ], [ 110.359694902456283, -7.780854306960258 ], [ 110.359725576790524, -7.780883170034381 ], [ 110.359752684581181, -7.780915389788979 ], [ 110.359775858281168, -7.780950530600811 ] ], [ [ 110.359440750176134, -7.781310988556036 ], [ 110.359461800560595, -7.781312211575341 ], [ 110.359482850122589, -7.781310988797285 ], [ 110.359503615878509, -7.781307336980311 ], [ 110.359523815702275, -7.781301305446651 ], [ 110.359543177394499, -7.781292976095865 ], [ 110.359561437778282, -7.781282461594563 ], [ 110.359578351772569, -7.78126990267653 ], [ 110.359593688758935, -7.781255471755197 ], [ 110.359607242575578, -7.781239361180261 ], [ 110.35961882969103, -7.781221791375295 ], [ 110.359628292851141, -7.7812029981803 ], [ 110.359635504701131, -7.781183236475039 ], [ 110.359640366888385, -7.78116277384617 ], [ 110.359642814603788, -7.781141886071556 ], [ 110.359642814769188, -7.781120856213017 ], [ 110.359640366954068, -7.781099968286066 ], [ 110.359635504285052, -7.781079505452348 ], [ 110.359628292548564, -7.781059743686643 ], [ 110.359618829285324, -7.781040950871067 ], [ 110.359607241986126, -7.781023380460712 ], [ 110.359593689, -7.781007270580565 ], [ 110.359578351378957, -7.780992839490628 ], [ 110.359561438326253, -7.78098028107163 ], [ 110.359543177218995, -7.780969765714494 ], [ 110.359523815427494, -7.780961436704987 ], [ 110.359503615788881, -7.780955404789937 ], [ 110.359482850250529, -7.780951753594641 ], [ 110.359461799883803, -7.780950530577818 ], [ 110.3594407503399, -7.780951753356309 ], [ 110.359419984601431, -7.780955405171643 ], [ 110.359399784793553, -7.780961436701684 ], [ 110.359380423114786, -7.780969766047064 ], [ 110.359362162741292, -7.780980280541445 ], [ 110.359345248753584, -7.78099283945147 ], [ 110.359329911769734, -7.781007270364078 ], [ 110.359316357951414, -7.781023380930078 ], [ 110.359304770830178, -7.781040950726347 ], [ 110.359295307660474, -7.78105974391341 ], [ 110.359288095797595, -7.78107950561188 ], [ 110.35928323359488, -7.781099968235479 ], [ 110.359280785862282, -7.781120856006629 ], [ 110.359280785678834, -7.7811418858637 ], [ 110.359283233476049, -7.781162773791256 ], [ 110.359288096128296, -7.78118323662762 ], [ 110.359295307850019, -7.78120299839787 ], [ 110.359304771101293, -7.781221791219641 ], [ 110.359316358391993, -7.781239361637516 ], [ 110.359329911373536, -7.781255471526091 ], [ 110.359345248994174, -7.781269902624918 ], [ 110.35936216205063, -7.781282461052784 ], [ 110.359380423165632, -7.781292976418293 ], [ 110.359399784968446, -7.78130130543522 ], [ 110.359419984621326, -7.781307337356342 ], [ 110.359440750176134, -7.781310988556036 ] ], [ [ 110.359191622081838, -7.781735722102337 ], [ 110.359212672485668, -7.781736945135646 ], [ 110.359233722068652, -7.781735722371756 ], [ 110.359254487846925, -7.781732070568927 ], [ 110.359274687694125, -7.781726039049195 ], [ 110.359294049410508, -7.781717709711928 ], [ 110.35931230982024, -7.781707194319056 ], [ 110.359329223837818, -7.781694636317693 ], [ 110.359344560848584, -7.781680205407606 ], [ 110.359358114689059, -7.781664094842831 ], [ 110.359369701827418, -7.781646525046815 ], [ 110.35937916500923, -7.781627731859423 ], [ 110.359386376879456, -7.781607970160328 ], [ 110.359391239085141, -7.781587507536101 ], [ 110.359393686816915, -7.781566619764544 ], [ 110.359393686996469, -7.781545589907439 ], [ 110.359391239193073, -7.78152470198026 ], [ 110.359386376533138, -7.781504239144683 ], [ 110.359379164803045, -7.781484477375489 ], [ 110.359369701543386, -7.781465684554861 ], [ 110.359358114244884, -7.781448114137942 ], [ 110.35934456125662, -7.781432004249821 ], [ 110.359329223631931, -7.781417572246094 ], [ 110.359312310570104, -7.781405014721142 ], [ 110.359294049452416, -7.781394499352499 ], [ 110.359274687647968, -7.781386170330602 ], [ 110.35925448799405, -7.781380138402449 ], [ 110.359233722438248, -7.781376487193505 ], [ 110.359212672052166, -7.781375264162678 ], [ 110.359191622487273, -7.781376486927 ], [ 110.35917085672645, -7.781380138728194 ], [ 110.359150656895153, -7.781386170244311 ], [ 110.359131295192228, -7.781394499576167 ], [ 110.359113034792784, -7.781405014962139 ], [ 110.3590961207818, -7.781417572955471 ], [ 110.359080783773535, -7.781432003856841 ], [ 110.359067229931398, -7.781448114412675 ], [ 110.359055642787226, -7.781465684199996 ], [ 110.359046179595822, -7.781484477379451 ], [ 110.359038967712735, -7.781504239071749 ], [ 110.359034105491588, -7.781524701690707 ], [ 110.359031657742591, -7.781545589458802 ], [ 110.359031657544989, -7.781566619314443 ], [ 110.359034105330508, -7.781587507242222 ], [ 110.359038967973646, -7.781607970080449 ], [ 110.359046179688988, -7.781627731854185 ], [ 110.359055642936681, -7.78164652468101 ], [ 110.359067230226685, -7.781664095105445 ], [ 110.359080783210374, -7.781680205001996 ], [ 110.359096120834622, -7.781694637014613 ], [ 110.359113033900229, -7.781707194548436 ], [ 110.359131295025648, -7.781717709925451 ], [ 110.359150656841422, -7.781726038954771 ], [ 110.359170856509607, -7.781732070888998 ], [ 110.359191622081838, -7.781735722102337 ] ] ], [ [ [ 110.35838491859532, -7.781395766687598 ], [ 110.358403845928407, -7.781433352366741 ], [ 110.358418269293821, -7.781472875930692 ], [ 110.358427994517868, -7.781513801616382 ], [ 110.358429649936539, -7.781527924422575 ], [ 110.358459961567377, -7.781545378453297 ], [ 110.358493788551911, -7.781570494473044 ], [ 110.358524463751834, -7.781599357631951 ], [ 110.358551570579138, -7.781631577457139 ], [ 110.358574744208198, -7.781666718328462 ], [ 110.358593671569054, -7.781704304001016 ], [ 110.358608094959948, -7.781743827560215 ], [ 110.358617820206874, -7.781784753243042 ], [ 110.358622716644362, -7.781826529101174 ], [ 110.358622716206028, -7.781868588808579 ], [ 110.358617820661962, -7.781910363431112 ], [ 110.358608095258205, -7.781951289557529 ], [ 110.358593671431947, -7.78199081292157 ], [ 110.358574744981397, -7.78202839925335 ], [ 110.358551571522966, -7.78206353969968 ], [ 110.358524463758229, -7.782095758960464 ], [ 110.35849378874218, -7.78212462252073 ], [ 110.358459962437678, -7.782149739355972 ], [ 110.358423440635221, -7.782170769154585 ], [ 110.358384718037769, -7.78218742774353 ], [ 110.358344317372215, -7.782199490689937 ], [ 110.358302786667181, -7.782206794201604 ], [ 110.358260685642279, -7.782209239628891 ], [ 110.358218585706751, -7.782206794369309 ], [ 110.358177054543006, -7.782199490939631 ], [ 110.358136654291499, -7.782187427877681 ], [ 110.358097931575841, -7.782170768822699 ], [ 110.358061410252915, -7.782149738886294 ], [ 110.358027583253346, -7.782124622831063 ], [ 110.3579969080551, -7.782095759636576 ], [ 110.357969801246156, -7.782063539777684 ], [ 110.357946627651089, -7.782028398876297 ], [ 110.357927700338053, -7.781990813178942 ], [ 110.357913277006233, -7.781951289601571 ], [ 110.357903551826467, -7.781910363908171 ], [ 110.357901896425119, -7.78189624110149 ], [ 110.357871584796612, -7.781878787031004 ], [ 110.357837757829984, -7.78185367096301 ], [ 110.35780708266401, -7.781824807757117 ], [ 110.35777997588626, -7.781792587888272 ], [ 110.357756802319528, -7.781757447883079 ], [ 110.357737875035639, -7.781719861274663 ], [ 110.357723451727935, -7.781680338597047 ], [ 110.357713726572385, -7.78163941199628 ], [ 110.357708830225008, -7.781597637039313 ], [ 110.35770883075223, -7.781555577338818 ], [ 110.357713726379799, -7.781513801828559 ], [ 110.357723451855051, -7.781472875728061 ], [ 110.357737875738707, -7.781433352397852 ], [ 110.357756802229716, -7.781395766106267 ], [ 110.357779975709533, -7.781360625704653 ], [ 110.357807083475393, -7.781328406491119 ], [ 110.357837757565079, -7.781299542977175 ], [ 110.35787158473579, -7.781274427093887 ], [ 110.357908106482, -7.781253396433311 ], [ 110.357946829005968, -7.781236737881687 ], [ 110.357987229585362, -7.781224674966006 ], [ 110.358028760195268, -7.78121737147746 ], [ 110.358070860213274, -7.781214926063742 ], [ 110.358112960955211, -7.781217371331334 ], [ 110.358154492022052, -7.781224674759652 ], [ 110.358194892184272, -7.78123673781297 ], [ 110.358233614821813, -7.781253396853157 ], [ 110.35827013608062, -7.781274426769989 ], [ 110.358303963032199, -7.781299542802502 ], [ 110.35833463819985, -7.781328405972851 ], [ 110.35836174499596, -7.781360625807962 ], [ 110.35838491859532, -7.781395766687598 ] ], [ [ 110.358049810818542, -7.781756225222853 ], [ 110.35807086030988, -7.781757447406767 ], [ 110.358091910799487, -7.781756224701244 ], [ 110.358105879238991, -7.781753768382746 ], [ 110.358103656701147, -7.781757138841582 ], [ 110.358094193462861, -7.781775931091051 ], [ 110.35808698153042, -7.781795692762861 ], [ 110.358082119258114, -7.781816156271098 ], [ 110.358079670552655, -7.781837044028069 ], [ 110.358079671213332, -7.781858073880929 ], [ 110.358082118953163, -7.781878960905709 ], [ 110.358086981550073, -7.781899424655586 ], [ 110.358094193223366, -7.781919186442009 ], [ 110.358103656432405, -7.781937979286891 ], [ 110.358115243688999, -7.781955548830008 ], [ 110.358128797549227, -7.781971658755925 ], [ 110.358144134240973, -7.781986090799602 ], [ 110.358161048191647, -7.781998649275728 ], [ 110.358179309303395, -7.78200916378817 ], [ 110.358198670202782, -7.78201749285901 ], [ 110.358218870774181, -7.782023524839884 ], [ 110.358239635441592, -7.782027176098899 ], [ 110.358260685853253, -7.78202839918039 ], [ 110.358281736356659, -7.782027176466535 ], [ 110.358302502153904, -7.782023524712197 ], [ 110.358322702025291, -7.782017493240116 ], [ 110.358342062863827, -7.78200916394766 ], [ 110.358360324214047, -7.781998648600237 ], [ 110.358377237362319, -7.781986090638878 ], [ 110.358392574415632, -7.781971658862427 ], [ 110.358406128298824, -7.781955549236513 ], [ 110.358417715485089, -7.78193797856611 ], [ 110.358427178713782, -7.781919186308705 ], [ 110.358434390633363, -7.781899424630083 ], [ 110.358439252890193, -7.781878961116572 ], [ 110.358441701578442, -7.781858073356156 ], [ 110.358441700899718, -7.781837043501806 ], [ 110.358439253141995, -7.78181615647765 ], [ 110.358434390528302, -7.781795692730399 ], [ 110.35842717884023, -7.781775930948535 ], [ 110.35841771561924, -7.781757138109829 ], [ 110.358406128354133, -7.781739568574249 ], [ 110.358392574489329, -7.781723458656744 ], [ 110.358377237797171, -7.781709026621974 ], [ 110.358360323850263, -7.781696468154717 ], [ 110.35834206274626, -7.78168595365065 ], [ 110.358322701858171, -7.781677624587235 ], [ 110.35830250130104, -7.781671592612432 ], [ 110.358281736650085, -7.781667941357817 ], [ 110.358260686256159, -7.781666718278811 ], [ 110.358239635770843, -7.781667940993106 ], [ 110.358225667334636, -7.781670397316308 ], [ 110.358227889871046, -7.781667026856708 ], [ 110.35823735310079, -7.781648234603473 ], [ 110.358244565023313, -7.781628472928191 ], [ 110.358249427284974, -7.781608009417091 ], [ 110.358251875979846, -7.781587121658129 ], [ 110.358251875309492, -7.781566091804303 ], [ 110.358249427563095, -7.781545203875152 ], [ 110.358244564959449, -7.781524741030995 ], [ 110.358237353284139, -7.781504979246741 ], [ 110.358227890077018, -7.781486186404763 ], [ 110.358216302826762, -7.781468616865008 ], [ 110.358202748977561, -7.781452506942554 ], [ 110.358187412301547, -7.781438074902051 ], [ 110.358170498371095, -7.781425516428416 ], [ 110.358152237283662, -7.781415001917386 ], [ 110.358132876413407, -7.781406671942014 ], [ 110.358112675871013, -7.781400640863885 ], [ 110.35809191033006, -7.781396988695273 ], [ 110.358070860856444, -7.781395766513858 ], [ 110.358049810384941, -7.781396989219806 ], [ 110.35802904461778, -7.781400640964219 ], [ 110.358008844773607, -7.781406672424555 ], [ 110.357989483958363, -7.781415001703754 ], [ 110.357971222626645, -7.781425517036809 ], [ 110.357954309491461, -7.781438074983157 ], [ 110.357938971538445, -7.781452506743111 ], [ 110.357925418563269, -7.781468616355711 ], [ 110.357913831372102, -7.781486187012432 ], [ 110.357904368132779, -7.781504979257695 ], [ 110.357897156197382, -7.781524740926197 ], [ 110.357892293920258, -7.781545204432024 ], [ 110.357889845208163, -7.781566092187505 ], [ 110.357889845860484, -7.781587122039878 ], [ 110.357892293588975, -7.781608009969612 ], [ 110.357897156175824, -7.78162847281643 ], [ 110.357904367836383, -7.78164823460521 ], [ 110.357913831031539, -7.781667027453396 ], [ 110.357925418271932, -7.781684597905159 ], [ 110.357938972117935, -7.781700706931555 ], [ 110.357954308793524, -7.781715138980925 ], [ 110.357971222727713, -7.781727697463436 ], [ 110.357989483822891, -7.78173821198284 ], [ 110.358008844704457, -7.781746541965635 ], [ 110.358029045261119, -7.78175257304984 ], [ 110.358049810818542, -7.781756225222853 ] ] ], [ [ [ 110.359262405455226, -7.783372039532379 ], [ 110.359281332037, -7.783409625181112 ], [ 110.359295755539449, -7.783449148723774 ], [ 110.35930548087876, -7.783490075300709 ], [ 110.359310377392333, -7.783531850250204 ], [ 110.359310377008612, -7.783573909959844 ], [ 110.359305481497017, -7.783615685495439 ], [ 110.359295756105809, -7.783656611636588 ], [ 110.359281332270683, -7.783696135021342 ], [ 110.359262405791327, -7.783733720475079 ], [ 110.359239231374886, -7.783768860951833 ], [ 110.359212124444369, -7.783801081155224 ], [ 110.359181449339147, -7.783829943852147 ], [ 110.359147622019137, -7.783855060731072 ], [ 110.359111100091539, -7.783876090577989 ], [ 110.359072377354067, -7.783892749217832 ], [ 110.359031977442442, -7.783904812218461 ], [ 110.358990445666592, -7.783912115782787 ], [ 110.358948345376049, -7.783914561265973 ], [ 110.358906244354642, -7.783912116059279 ], [ 110.358864713914954, -7.783904812684236 ], [ 110.358824313479133, -7.783892749673843 ], [ 110.358785590580183, -7.783876090667997 ], [ 110.358749068170553, -7.783855060776289 ], [ 110.358715240998521, -7.783829943858914 ], [ 110.358684566541655, -7.783801080703913 ], [ 110.358657458670777, -7.783768860876937 ], [ 110.358634284931981, -7.783733720908121 ], [ 110.358615358398026, -7.783696135234613 ], [ 110.35860093495468, -7.783656611673771 ], [ 110.35859120968253, -7.783615685086251 ], [ 110.358586313240536, -7.783573910134316 ], [ 110.358586313696435, -7.783531850430577 ], [ 110.358591209276923, -7.783490074908836 ], [ 110.358600934729992, -7.783449148788772 ], [ 110.358615358616618, -7.783409625431183 ], [ 110.358634285134372, -7.783372040009279 ], [ 110.35865745957399, -7.783336899567238 ], [ 110.358684566511229, -7.783304679399618 ], [ 110.358715241606376, -7.783275816737598 ], [ 110.358749068900039, -7.783250699890792 ], [ 110.358785590786454, -7.783229670071492 ], [ 110.35882431347008, -7.783213011453268 ], [ 110.358864713318169, -7.783200948467135 ], [ 110.358906245024173, -7.783193644909341 ], [ 110.358948345242339, -7.783191199424417 ], [ 110.35899044619272, -7.783193644621176 ], [ 110.359031976566584, -7.783200947978627 ], [ 110.359072376945349, -7.783213010964736 ], [ 110.359111099799037, -7.783229669940867 ], [ 110.359147622177687, -7.783250699799074 ], [ 110.359181449334656, -7.783275816680961 ], [ 110.359212123793213, -7.78330467980041 ], [ 110.359239231682409, -7.783336899593654 ], [ 110.359262405455226, -7.783372039532379 ] ], [ [ 110.358927294850986, -7.783732497753512 ], [ 110.358948345352132, -7.78373372080789 ], [ 110.358969395941813, -7.783732498066757 ], [ 110.35899016091409, -7.783728846284041 ], [ 110.359010361768881, -7.783722814786914 ], [ 110.35902972267742, -7.783714485469007 ], [ 110.359047984090225, -7.78370397009743 ], [ 110.359064897292782, -7.783691412113551 ], [ 110.359080234391371, -7.783676980316504 ], [ 110.359093788310247, -7.783660870672227 ], [ 110.35910537552067, -7.783643300890445 ], [ 110.359114838765848, -7.78362450771529 ], [ 110.359122050689848, -7.783604746026319 ], [ 110.359126912940411, -7.783584282505444 ], [ 110.359129360703449, -7.783563395643873 ], [ 110.359129360904319, -7.7835423657898 ], [ 110.359126913110629, -7.78352147786317 ], [ 110.359122050448676, -7.783501015025641 ], [ 110.359114838704841, -7.783481253252028 ], [ 110.359105375419944, -7.783462460424569 ], [ 110.359093788085005, -7.783444889998505 ], [ 110.359080234142695, -7.78342878009767 ], [ 110.359064897367773, -7.783414348081934 ], [ 110.359047983332573, -7.783401790540388 ], [ 110.359029723046987, -7.783391275156202 ], [ 110.35901036116033, -7.783382946115982 ], [ 110.358990161417964, -7.783376914168332 ], [ 110.358969395768653, -7.783373262938976 ], [ 110.358948345285285, -7.783372039887102 ], [ 110.358927294713681, -7.783373262628653 ], [ 110.358906529758883, -7.783376914409747 ], [ 110.358886328919979, -7.783382945903253 ], [ 110.358866968024898, -7.783391275215757 ], [ 110.358848706622382, -7.783401790580425 ], [ 110.358831793426404, -7.783414348556277 ], [ 110.358816456330345, -7.783428780344583 ], [ 110.358802902409792, -7.783444889979935 ], [ 110.358791315193557, -7.783462459753037 ], [ 110.358781851938815, -7.783481252920219 ], [ 110.358774640001926, -7.783501014602411 ], [ 110.358769777735901, -7.783521478118015 ], [ 110.358767329048717, -7.783542364974733 ], [ 110.358767329736722, -7.783563394828727 ], [ 110.358769777512521, -7.783584282755945 ], [ 110.358774640157662, -7.783604745596133 ], [ 110.358781851886732, -7.783624507374275 ], [ 110.358791315159678, -7.783643300207949 ], [ 110.358802902486104, -7.783660870641516 ], [ 110.358816456423838, -7.783676980550799 ], [ 110.358831793198348, -7.783691412575429 ], [ 110.358848707237314, -7.783703970125848 ], [ 110.358866967530631, -7.783714485518408 ], [ 110.3588863294286, -7.783722814566032 ], [ 110.358906529185234, -7.783728846519776 ], [ 110.358927294850986, -7.783732497753512 ] ] ], [ [ [ 110.363004672661845, -7.783955640863129 ], [ 110.363023599611225, -7.783993227277523 ], [ 110.363038023490134, -7.784032750721901 ], [ 110.36304774920967, -7.784073676337944 ], [ 110.363052644284195, -7.78411545217549 ], [ 110.363052644268848, -7.784157511914247 ], [ 110.363047749114173, -7.784199286616905 ], [ 110.363038023154033, -7.784240212869747 ], [ 110.363023599634715, -7.784279736407522 ], [ 110.363004673444735, -7.784317322052159 ], [ 110.362981499287329, -7.784352462755127 ], [ 110.362954391676439, -7.784384682311103 ], [ 110.362923716759482, -7.78441354529524 ], [ 110.362889889589667, -7.784438661581744 ], [ 110.362853367769418, -7.784459691761395 ], [ 110.362814645096421, -7.784476350750113 ], [ 110.362774244298549, -7.784488414109691 ], [ 110.362732713407595, -7.784495717137744 ], [ 110.362690612142998, -7.784498162988021 ], [ 110.362648511919915, -7.78449571724326 ], [ 110.362606980421972, -7.784488414223598 ], [ 110.362566580703799, -7.784476350653658 ], [ 110.362527857577504, -7.784459691973609 ], [ 110.362491334906849, -7.784438662385497 ], [ 110.362457508350602, -7.784413545746772 ], [ 110.362426833576421, -7.784384682838973 ], [ 110.362399726274631, -7.784352462322689 ], [ 110.362376552179313, -7.7843173225314 ], [ 110.362357625277753, -7.78427973609219 ], [ 110.362343201457904, -7.784240212629606 ], [ 110.362333475805499, -7.784199287002944 ], [ 110.362328580802568, -7.784157511162948 ], [ 110.362328579983199, -7.784115451428669 ], [ 110.362333476113676, -7.784073676741197 ], [ 110.36234320213569, -7.784032750509411 ], [ 110.362357625706551, -7.783993226998798 ], [ 110.362376551934943, -7.783955641385957 ], [ 110.362399726115584, -7.783920500717706 ], [ 110.362426833733224, -7.783888281197498 ], [ 110.362457508640148, -7.783859418248248 ], [ 110.362491335783645, -7.783834301993894 ], [ 110.362527857562696, -7.783813271841885 ], [ 110.362566580181905, -7.783796612874806 ], [ 110.362606980916254, -7.783784549529758 ], [ 110.362648511737362, -7.783777246508271 ], [ 110.362690612929583, -7.783774800656283 ], [ 110.362732713081655, -7.783777246391147 ], [ 110.36277424451373, -7.783784549393248 ], [ 110.362814644174819, -7.78379661293893 ], [ 110.362853367255852, -7.783813271589286 ], [ 110.36288988989547, -7.783834301143914 ], [ 110.362923716436626, -7.783859417747158 ], [ 110.36295439121109, -7.783888281523897 ], [ 110.362981498532562, -7.783920501101949 ], [ 110.363004672661845, -7.783955640863129 ] ], [ [ 110.36266956179297, -7.784316099535551 ], [ 110.362690612349112, -7.784317322407377 ], [ 110.362711662972359, -7.784316099482033 ], [ 110.362732428863239, -7.784312447517257 ], [ 110.362752628799413, -7.784306416743098 ], [ 110.362771989675736, -7.784298087250778 ], [ 110.362790251034852, -7.784287571712833 ], [ 110.362807165069924, -7.784275013574278 ], [ 110.362822502073001, -7.784260582538134 ], [ 110.362836055880649, -7.784244471860119 ], [ 110.362847642961569, -7.784226901965228 ], [ 110.362857106062066, -7.784208108694624 ], [ 110.362864317826791, -7.784188347833646 ], [ 110.362869180815281, -7.784167884257601 ], [ 110.362871628401919, -7.784146996455739 ], [ 110.362871628418617, -7.784125966587097 ], [ 110.362869180435482, -7.784105079571837 ], [ 110.362864317585462, -7.784084615857989 ], [ 110.36285710565339, -7.784064854133517 ], [ 110.362847643090902, -7.784046061376841 ], [ 110.362836055577745, -7.784028491039546 ], [ 110.362822502372751, -7.784012381246989 ], [ 110.362807164530906, -7.783997950258005 ], [ 110.362790251258431, -7.783985391951936 ], [ 110.362771989935425, -7.783974876718191 ], [ 110.36275262884341, -7.783966546937727 ], [ 110.362732428097445, -7.783960516065002 ], [ 110.362711663280763, -7.783956864110867 ], [ 110.362690612742398, -7.783955641241515 ], [ 110.362669562137242, -7.783956864167287 ], [ 110.362648796263798, -7.783960516130434 ], [ 110.362628596343541, -7.783966546900947 ], [ 110.362609235480647, -7.783974876387874 ], [ 110.362590974131834, -7.783985391918907 ], [ 110.362574060103341, -7.783997950049411 ], [ 110.362558723102779, -7.784012381076831 ], [ 110.362545169293426, -7.784028491745903 ], [ 110.362533582206694, -7.784046061632132 ], [ 110.362524119096605, -7.784064854894774 ], [ 110.362516907319005, -7.78408461574896 ], [ 110.362512044315039, -7.78410507931974 ], [ 110.362509596711178, -7.784125967118144 ], [ 110.362509596676418, -7.784146996985327 ], [ 110.362512044641676, -7.784167884001203 ], [ 110.362516907474898, -7.784188347717706 ], [ 110.362524119392205, -7.784208109446728 ], [ 110.362533581942728, -7.784226902209606 ], [ 110.362545169447415, -7.784244472554424 ], [ 110.362558722647819, -7.784260582355414 ], [ 110.362574060489251, -7.784275013353295 ], [ 110.362590973765492, -7.784287571668232 ], [ 110.362609235096244, -7.784298086910349 ], [ 110.362628596199613, -7.784306416698234 ], [ 110.362648796959846, -7.784312447577026 ], [ 110.36266956179297, -7.784316099535551 ] ] ], [ [ [ 110.360144062675062, -7.784395249630782 ], [ 110.360162989377045, -7.784432835248493 ], [ 110.360177412991689, -7.784472358768843 ], [ 110.360187138435023, -7.784513284427969 ], [ 110.360192034132041, -7.784555060276487 ], [ 110.360192034734823, -7.784597119992628 ], [ 110.360187138382614, -7.784638895541171 ], [ 110.360177413043601, -7.784679821705615 ], [ 110.360162989247172, -7.784719344217831 ], [ 110.360144062788407, -7.784756930616274 ], [ 110.360120889285227, -7.78479207114231 ], [ 110.360093781439772, -7.784824290494753 ], [ 110.360063106308147, -7.784853154157422 ], [ 110.36002927985615, -7.784878270199933 ], [ 110.359992757873528, -7.78489930011814 ], [ 110.35995403416014, -7.784915958831514 ], [ 110.359913634166475, -7.784928021909637 ], [ 110.359872102296649, -7.784935325553002 ], [ 110.359830001901443, -7.784937771115702 ], [ 110.359787901673059, -7.784935325989298 ], [ 110.35974637020621, -7.784928021785632 ], [ 110.359705969642704, -7.78491595884978 ], [ 110.359667246611721, -7.784899299914762 ], [ 110.359630724974451, -7.784878270090568 ], [ 110.359596897665725, -7.784853154138278 ], [ 110.359566223074637, -7.784824291037464 ], [ 110.359539115072451, -7.78479207125755 ], [ 110.3595159412084, -7.784756930423536 ], [ 110.35949701455425, -7.784719344781039 ], [ 110.359482590998681, -7.784679821242503 ], [ 110.359472865622507, -7.784638895572783 ], [ 110.359467969090176, -7.784597119720444 ], [ 110.359467969466522, -7.784555060011559 ], [ 110.359472865887611, -7.784513284476871 ], [ 110.359482591288497, -7.784472358333505 ], [ 110.359497015136455, -7.784432835848455 ], [ 110.359515941633603, -7.784395249481838 ], [ 110.35953911515999, -7.784360108990531 ], [ 110.359566223012195, -7.784327889673849 ], [ 110.359596898133731, -7.784299026046067 ], [ 110.359630724559395, -7.784273910035704 ], [ 110.35966724650082, -7.784252880145118 ], [ 110.359705970160377, -7.784236221453376 ], [ 110.359746370090477, -7.784224158389759 ], [ 110.359787901890471, -7.784216854752933 ], [ 110.359830002213286, -7.784214409188499 ], [ 110.359872102370645, -7.784216854304982 ], [ 110.359913633771654, -7.784224158491077 ], [ 110.35995403427809, -7.784236221402633 ], [ 110.359992757263782, -7.784252880307937 ], [ 110.360029278870073, -7.784273910098634 ], [ 110.360063106163722, -7.78429902601545 ], [ 110.360093780756486, -7.784327889080691 ], [ 110.360120888777004, -7.784360108826868 ], [ 110.360144062675062, -7.784395249630782 ] ], [ [ 110.359808951884276, -7.784755707621993 ], [ 110.359830002442365, -7.784756930636893 ], [ 110.359851052177461, -7.784755707854632 ], [ 110.359871818103656, -7.78475205603377 ], [ 110.359892018092538, -7.784746024496529 ], [ 110.359911379942488, -7.784737695142541 ], [ 110.359929640474505, -7.784727180638461 ], [ 110.3599465546055, -7.784714621718082 ], [ 110.35996189171523, -7.784700190794937 ], [ 110.359975445640174, -7.784684080218665 ], [ 110.359987032847442, -7.784666510412933 ], [ 110.359996496081621, -7.784647717217696 ], [ 110.360003707986962, -7.784627955512727 ], [ 110.360008570210056, -7.784607492884706 ], [ 110.360011017941318, -7.784586605111473 ], [ 110.360011018102398, -7.784565575254831 ], [ 110.360008570262849, -7.784544687330256 ], [ 110.360003707549581, -7.784524224499376 ], [ 110.359996495749641, -7.784504462736923 ], [ 110.359987032404618, -7.784485669924973 ], [ 110.35997544500637, -7.784468099518564 ], [ 110.359961891905343, -7.784451989642633 ], [ 110.359946554155016, -7.78443755855713 ], [ 110.359929640960459, -7.784425000142735 ], [ 110.359911379700677, -7.784414484790253 ], [ 110.35989201774801, -7.784406155785447 ], [ 110.359871817941794, -7.784400123875063 ], [ 110.35985105223169, -7.784396472684333 ], [ 110.359830001691378, -7.784395249671916 ], [ 110.359808951974358, -7.784396472454606 ], [ 110.359788186065643, -7.784400124273832 ], [ 110.359767986092649, -7.78440615580745 ], [ 110.359748624256142, -7.78441448515603 ], [ 110.359730363734428, -7.784424999653203 ], [ 110.359713449610013, -7.784437558565549 ], [ 110.359698112502798, -7.784451989479969 ], [ 110.359684558576177, -7.784468100047299 ], [ 110.359672971363111, -7.784485669844348 ], [ 110.35966350811934, -7.78450446303163 ], [ 110.359656296201123, -7.784524224729806 ], [ 110.359651433962554, -7.784544687352555 ], [ 110.359648986214083, -7.784565575122309 ], [ 110.359648986034927, -7.784586604977505 ], [ 110.359651433856584, -7.784607492902667 ], [ 110.359656296553069, -7.784627955736209 ], [ 110.359663508338244, -7.784647717503196 ], [ 110.359672971671287, -7.78466651032136 ], [ 110.359684559061037, -7.784684080735276 ], [ 110.359698112157503, -7.784700190619653 ], [ 110.359713449907389, -7.784714621714039 ], [ 110.359730363105726, -7.784727180137325 ], [ 110.359748624373267, -7.78473769549818 ], [ 110.359767986337246, -7.784746024510391 ], [ 110.359788186157715, -7.784752056426864 ], [ 110.359808951884276, -7.784755707621993 ] ] ], [ [ [ 110.359050963086034, -7.784421676919227 ], [ 110.359069889687646, -7.784459262577852 ], [ 110.359084313197528, -7.784498786127073 ], [ 110.359094038533158, -7.784539711802645 ], [ 110.359098935027916, -7.784581487656324 ], [ 110.359098934614551, -7.784623547362183 ], [ 110.359094039061517, -7.784665322890595 ], [ 110.359084313617672, -7.784706249021246 ], [ 110.359069889719379, -7.784745772392338 ], [ 110.359050963167221, -7.784783357829428 ], [ 110.359027788669295, -7.784818498286796 ], [ 110.359000681649746, -7.784850718468271 ], [ 110.358970006449084, -7.784879581141093 ], [ 110.358936179935512, -7.78490469799542 ], [ 110.358899656996769, -7.784925727813469 ], [ 110.358860934152787, -7.784942386424667 ], [ 110.358820534133798, -7.784954449395888 ], [ 110.358779003158062, -7.784961752931826 ], [ 110.358736901855835, -7.784964198383898 ], [ 110.358694801640041, -7.784961753149257 ], [ 110.358653270196939, -7.784954449744382 ], [ 110.358612869670736, -7.784942386706743 ], [ 110.358574146688767, -7.784925727675243 ], [ 110.358537624204573, -7.784904697759831 ], [ 110.358503797874377, -7.784879580822349 ], [ 110.358473122455877, -7.784850717647058 ], [ 110.358446015446901, -7.78481849870985 ], [ 110.358422840770615, -7.784783357822085 ], [ 110.358403914216851, -7.784745772138659 ], [ 110.358389490766058, -7.784706248571257 ], [ 110.358379765497574, -7.7846653228851 ], [ 110.358374869074439, -7.784623547029001 ], [ 110.358374869559995, -7.784581487329024 ], [ 110.358379765181908, -7.784539711814472 ], [ 110.358389490687628, -7.784498785704907 ], [ 110.358403914637435, -7.784459262361005 ], [ 110.358422841227991, -7.784421676955734 ], [ 110.358446015749095, -7.784386536533103 ], [ 110.358473122775393, -7.784354316387401 ], [ 110.358503797965938, -7.784325453749472 ], [ 110.3585376253601, -7.784300336928641 ], [ 110.358574147350708, -7.784279307136843 ], [ 110.35861287014086, -7.784262648547282 ], [ 110.358653270096298, -7.784250585590544 ], [ 110.358694801002173, -7.784243282061152 ], [ 110.35873690223201, -7.784240836607337 ], [ 110.358779002376778, -7.784243281832024 ], [ 110.358820533754056, -7.784250585219321 ], [ 110.358860934223188, -7.784262648232658 ], [ 110.358899657159895, -7.784279307234434 ], [ 110.358936179613096, -7.784300337116362 ], [ 110.358970005928228, -7.784325454018348 ], [ 110.359000681348434, -7.784354317158061 ], [ 110.359027788375727, -7.784386536061541 ], [ 110.359050963086034, -7.784421676919227 ] ], [ [ 110.358715851407609, -7.784782134873042 ], [ 110.358736901959389, -7.78478335794205 ], [ 110.358757952601465, -7.784782135215787 ], [ 110.358778717627132, -7.784778483447962 ], [ 110.358798918535612, -7.784772451965541 ], [ 110.358818279497413, -7.784764122661954 ], [ 110.358836540962329, -7.784753607304126 ], [ 110.358853454215122, -7.784741049333233 ], [ 110.358868791361417, -7.784726617548253 ], [ 110.358882345324815, -7.784710507914909 ], [ 110.358893932575995, -7.784692938142832 ], [ 110.358903395857553, -7.78467414497602 ], [ 110.358910607813144, -7.784654383293861 ], [ 110.358915470090011, -7.784633919778232 ], [ 110.358917918782069, -7.784613032017139 ], [ 110.358917918090853, -7.784592002163564 ], [ 110.35891547030451, -7.784571115141603 ], [ 110.358910607646465, -7.784550651397996 ], [ 110.358903395897528, -7.784530890525629 ], [ 110.358893932604076, -7.784512096788702 ], [ 110.3588823452518, -7.784494527260596 ], [ 110.358868791287691, -7.784478417351711 ], [ 110.358853454485399, -7.784463985326517 ], [ 110.358836540417641, -7.784451427774237 ], [ 110.358818280094781, -7.784440912378195 ], [ 110.358798918166627, -7.784432583325153 ], [ 110.358778718379071, -7.784426551363882 ], [ 110.358757952681515, -7.784422900120294 ], [ 110.358736902147484, -7.784421677053771 ], [ 110.358715851523513, -7.784422899780469 ], [ 110.358695086515311, -7.784426551546661 ], [ 110.358674885622719, -7.784432583025461 ], [ 110.358655524674376, -7.784440912323636 ], [ 110.358637263219777, -7.784451427674559 ], [ 110.358620349973563, -7.784463985637419 ], [ 110.358605012829784, -7.784478417413679 ], [ 110.358591458864709, -7.784494527038078 ], [ 110.358579871607745, -7.784512096801473 ], [ 110.358570408316567, -7.784530889960332 ], [ 110.358563196348115, -7.784550651635687 ], [ 110.358558334055758, -7.784571115146049 ], [ 110.35855588534649, -7.784592002903678 ], [ 110.358555886019658, -7.784613032755782 ], [ 110.358558333788096, -7.784633919778329 ], [ 110.358563196429344, -7.784654383524598 ], [ 110.358570408163516, -7.784674144401511 ], [ 110.358579871445002, -7.784692938144636 ], [ 110.358591458788766, -7.78471050768026 ], [ 110.358605012748313, -7.784726617597583 ], [ 110.358620349550165, -7.784741049631671 ], [ 110.358637263621688, -7.784753607192822 ], [ 110.358655523952308, -7.784764122597237 ], [ 110.358674885891773, -7.784772451657709 ], [ 110.358695085693597, -7.784778483625057 ], [ 110.358715851407609, -7.784782134873042 ] ] ], [ [ [ 110.356972808829028, -7.784454717074389 ], [ 110.356991735239106, -7.78449230281073 ], [ 110.357006159456276, -7.784531826416163 ], [ 110.357015884586886, -7.784572752122938 ], [ 110.357020780873981, -7.78461452798382 ], [ 110.357020780253137, -7.784656587672718 ], [ 110.357015884495624, -7.784698363160267 ], [ 110.357006158853025, -7.784739289226702 ], [ 110.356991735671357, -7.784778812512462 ], [ 110.356972808938522, -7.784816398746034 ], [ 110.35694963518165, -7.784851539076873 ], [ 110.356922527106363, -7.784883758206484 ], [ 110.356891852678785, -7.784912621623029 ], [ 110.356858025145328, -7.784937738299847 ], [ 110.356821503021578, -7.784958767931579 ], [ 110.356782780106556, -7.784975427250566 ], [ 110.356742380041112, -7.784987490018684 ], [ 110.356700849042781, -7.784994793347867 ], [ 110.356658747742102, -7.784997238592362 ], [ 110.356616647552002, -7.78499479315214 ], [ 110.356575116158353, -7.784987489546416 ], [ 110.356534715703347, -7.784975427219904 ], [ 110.356495992816093, -7.784958768005112 ], [ 110.356459470447476, -7.784937737918952 ], [ 110.356425643343826, -7.784912621728765 ], [ 110.356394968077623, -7.784883758414604 ], [ 110.356367861237771, -7.784851538452873 ], [ 110.35634468674094, -7.784816398370081 ], [ 110.356325760378724, -7.784778812608955 ], [ 110.356311336220642, -7.784739288985352 ], [ 110.356301611157221, -7.784698363267996 ], [ 110.356296714941749, -7.784656587404711 ], [ 110.35629671563477, -7.784614527721727 ], [ 110.356301611461177, -7.784572752248057 ], [ 110.356311337165636, -7.784531826202729 ], [ 110.356325760398818, -7.784492302944157 ], [ 110.356344687170022, -7.784454716742433 ], [ 110.356367860950058, -7.784419576446316 ], [ 110.356394969032053, -7.784387357352486 ], [ 110.356425643449526, -7.78435849397083 ], [ 110.356459470956622, -7.784333377326129 ], [ 110.356495993039161, -7.784312347722011 ], [ 110.356534715900338, -7.78429568842465 ], [ 110.356575115902203, -7.784283625671015 ], [ 110.356616647737582, -7.78427632234972 ], [ 110.356658748058948, -7.784273877102088 ], [ 110.356700848178036, -7.784276322532356 ], [ 110.35674237950586, -7.784283626120469 ], [ 110.356782779903796, -7.784295688422659 ], [ 110.356821502745802, -7.784312347607734 ], [ 110.35685802508344, -7.784333377660381 ], [ 110.356891852172055, -7.784358493815064 ], [ 110.356922527439949, -7.78438735709367 ], [ 110.356949634298175, -7.784419577021648 ], [ 110.356972808829028, -7.784454717074389 ] ], [ [ 110.356637697290537, -7.784815175954781 ], [ 110.356658747830863, -7.784816398222084 ], [ 110.356679798472157, -7.784815175599622 ], [ 110.356700563509122, -7.784811523935161 ], [ 110.356720764440823, -7.784805492554277 ], [ 110.356740125438833, -7.784797162444562 ], [ 110.356758386948314, -7.784786648085089 ], [ 110.35677530025761, -7.784774090202252 ], [ 110.356790637470141, -7.784759658498332 ], [ 110.356804191509994, -7.784743548033503 ], [ 110.356815777937172, -7.784725978323991 ], [ 110.3568252413084, -7.784707185211174 ], [ 110.356832453359118, -7.784687423572391 ], [ 110.356837316642299, -7.784666960090246 ], [ 110.356839764529681, -7.784646072348199 ], [ 110.356839763942205, -7.784625042503118 ], [ 110.356837316259686, -7.78460415547757 ], [ 110.356832453704158, -7.784583691718358 ], [ 110.356825242055038, -7.784563930818553 ], [ 110.356815777949066, -7.784545137945919 ], [ 110.356804191595515, -7.784527567464914 ], [ 110.356790637715235, -7.784511457496018 ], [ 110.356775300080798, -7.784497026304523 ], [ 110.35675838608185, -7.784484467769792 ], [ 110.356740125815378, -7.784473953192917 ], [ 110.35672076393594, -7.784465623143725 ], [ 110.356700564183313, -7.784459591990277 ], [ 110.356679798511863, -7.784455939741767 ], [ 110.356658747989286, -7.784454717476953 ], [ 110.356637697366097, -7.784455940099853 ], [ 110.356616932346597, -7.784459591762703 ], [ 110.356596731430798, -7.784465623139949 ], [ 110.356577370446246, -7.784473953244275 ], [ 110.356559108947067, -7.784484467596844 ], [ 110.356542195644366, -7.784497025471653 ], [ 110.356526858434364, -7.784511457166833 ], [ 110.35651330439282, -7.784527567622719 ], [ 110.356501717959858, -7.784545137323563 ], [ 110.356492254579038, -7.784563930428405 ], [ 110.35648504251543, -7.784583692060404 ], [ 110.356480179216774, -7.784604155537269 ], [ 110.356477731312182, -7.784625043275831 ], [ 110.356477731881625, -7.784646073119453 ], [ 110.356480179546239, -7.784666960145585 ], [ 110.356485042084969, -7.784687423907459 ], [ 110.35649225371931, -7.784707184811786 ], [ 110.356501717813316, -7.784725977690636 ], [ 110.356513304158369, -7.784743548179142 ], [ 110.356526858034059, -7.784759658156487 ], [ 110.356542195668069, -7.784774089356861 ], [ 110.356559109670783, -7.784786647900464 ], [ 110.356577369944972, -7.784797162485716 ], [ 110.356596731835737, -7.78480549254234 ], [ 110.356616931602645, -7.784811523701865 ], [ 110.356637697290537, -7.784815175954781 ] ] ], [ [ [ 110.362421030142826, -7.785230791109623 ], [ 110.362439957087417, -7.785268376643734 ], [ 110.362454380943916, -7.785307900104711 ], [ 110.362464105718161, -7.785348825728133 ], [ 110.362469001645792, -7.785390601567826 ], [ 110.362469002468814, -7.785432661300712 ], [ 110.362464106323543, -7.785474436891413 ], [ 110.362454381175311, -7.785515363122834 ], [ 110.362439956644039, -7.785554885724575 ], [ 110.36242103033635, -7.785592472236591 ], [ 110.362397856055566, -7.785627611991477 ], [ 110.362370748311903, -7.785659832402491 ], [ 110.36234007416553, -7.785688695333301 ], [ 110.362306246856306, -7.785713811560662 ], [ 110.362269724895484, -7.7857348416775 ], [ 110.362231001175672, -7.785751500599225 ], [ 110.362190601147475, -7.785763563892604 ], [ 110.362149069216784, -7.785770866850732 ], [ 110.362106968732547, -7.785773312633689 ], [ 110.362064868390902, -7.785770866821102 ], [ 110.362023336783963, -7.785763563735364 ], [ 110.361982936059547, -7.785751501005141 ], [ 110.361944212849025, -7.785734841360672 ], [ 110.361907691013272, -7.785713811718328 ], [ 110.361873863492562, -7.785688695027706 ], [ 110.361843188676133, -7.785659832075134 ], [ 110.361816081346561, -7.785627612424945 ], [ 110.361792907242446, -7.785592471697615 ], [ 110.361773980345674, -7.785554886138697 ], [ 110.36175955654825, -7.785515362659514 ], [ 110.361749831841152, -7.785474437025479 ], [ 110.361744935985143, -7.785432661183338 ], [ 110.361744935234327, -7.785390601456279 ], [ 110.361749831448506, -7.785348825879426 ], [ 110.361759556658626, -7.785307899669069 ], [ 110.361773981241427, -7.78526837709448 ], [ 110.361792907587557, -7.785230790614285 ], [ 110.361816081892911, -7.785195649989619 ], [ 110.361843189641959, -7.785163430518883 ], [ 110.361873863778285, -7.785134567622952 ], [ 110.361907691061177, -7.785109451427745 ], [ 110.361944212980831, -7.78508842133855 ], [ 110.361982936646825, -7.785071762438467 ], [ 110.362023336611486, -7.785059699159614 ], [ 110.362064868472316, -7.785052396208066 ], [ 110.362106968884149, -7.785049950423377 ], [ 110.362149069154768, -7.785052396226082 ], [ 110.362190600695854, -7.785059699294249 ], [ 110.362231001363156, -7.785071762000188 ], [ 110.362269724528389, -7.785088421614971 ], [ 110.362306246333134, -7.78510945122381 ], [ 110.362340073838752, -7.785134567878956 ], [ 110.362370748656843, -7.785163430795936 ], [ 110.362397856004719, -7.785195650412403 ], [ 110.362421030142826, -7.785230791109623 ] ], [ [ 110.362085918617964, -7.78559124917836 ], [ 110.36210696923338, -7.785592472084101 ], [ 110.362128019012985, -7.785591249191707 ], [ 110.362148784970273, -7.785587597261221 ], [ 110.362168984975085, -7.785581566520861 ], [ 110.362188346829612, -7.785573236158189 ], [ 110.362206607350743, -7.785562721554798 ], [ 110.362223521455519, -7.785550163445818 ], [ 110.36223885852813, -7.785535731532522 ], [ 110.362252412400125, -7.78551962178373 ], [ 110.362263999543416, -7.785502051910637 ], [ 110.362273462702063, -7.785483258658615 ], [ 110.362280674521358, -7.785463496908196 ], [ 110.362285537556005, -7.785443034248054 ], [ 110.362287985183784, -7.785422146453755 ], [ 110.362287985234758, -7.78540111658871 ], [ 110.362285537279888, -7.785380228668573 ], [ 110.362280674447703, -7.785359765854844 ], [ 110.362273462526844, -7.785340004122089 ], [ 110.362263999060531, -7.785321211351922 ], [ 110.36225241244918, -7.785303641000223 ], [ 110.362238858324062, -7.785287531187101 ], [ 110.362223521369373, -7.785273099272583 ], [ 110.362206608066771, -7.785260541845781 ], [ 110.362188346707754, -7.785250026584221 ], [ 110.362168984665999, -7.785241696772437 ], [ 110.362148784778, -7.78523566586937 ], [ 110.362128018999911, -7.785232013880833 ], [ 110.362106968402259, -7.785230790977574 ], [ 110.362085918640744, -7.78523201387039 ], [ 110.362065152700922, -7.785235665799234 ], [ 110.362044952712012, -7.785241696535968 ], [ 110.362025590870928, -7.78525002689322 ], [ 110.3620073303601, -7.785260541489702 ], [ 110.361990416261904, -7.785273099590651 ], [ 110.361975079191794, -7.785287531495224 ], [ 110.361961525318108, -7.78530364123507 ], [ 110.361949938169019, -7.785321211099482 ], [ 110.361940475000765, -7.785340004343555 ], [ 110.361933263168581, -7.785359766087185 ], [ 110.361928400118487, -7.785380228742056 ], [ 110.361925952473456, -7.785401116532894 ], [ 110.361925952404434, -7.785422146396482 ], [ 110.361928400341384, -7.785443034317231 ], [ 110.3619332631568, -7.785463497133613 ], [ 110.361940475062895, -7.785483258870919 ], [ 110.361949938517256, -7.785502051647294 ], [ 110.361961525120108, -7.785519622006498 ], [ 110.361975079240636, -7.785535731828073 ], [ 110.361990416194914, -7.785550163751484 ], [ 110.362007329501296, -7.78556272118716 ], [ 110.362025590868072, -7.785573236457088 ], [ 110.362044952921138, -7.78558156627628 ], [ 110.362065152823419, -7.785587597185435 ], [ 110.362085918617964, -7.78559124917836 ] ] ], [ [ [ 110.357325039973944, -7.785694266150203 ], [ 110.357343966461883, -7.785731852780249 ], [ 110.357358390747294, -7.78577137547306 ], [ 110.357368115930072, -7.785812302079028 ], [ 110.357373012258066, -7.785854077032941 ], [ 110.357373011662219, -7.785896136722251 ], [ 110.357368115914781, -7.785937912213117 ], [ 110.357358390267251, -7.785978838285719 ], [ 110.357343967065688, -7.786018361580398 ], [ 110.35732504029825, -7.786055947825539 ], [ 110.357301866492577, -7.786091088170448 ], [ 110.357274758354919, -7.786123307316398 ], [ 110.357244083852237, -7.786152170751344 ], [ 110.35721025623198, -7.786177287448423 ], [ 110.357173734010885, -7.786198317101943 ], [ 110.357135010989325, -7.786214976443979 ], [ 110.357094610809568, -7.786227039236064 ], [ 110.357053078783764, -7.786234342588498 ], [ 110.357010978264853, -7.786236787859263 ], [ 110.356968877039776, -7.786234342442506 ], [ 110.356927345516908, -7.786227038861242 ], [ 110.356886945840174, -7.786214976559846 ], [ 110.356848221919648, -7.786198317366376 ], [ 110.356811700335641, -7.786177287302949 ], [ 110.356777873115362, -7.786152171132485 ], [ 110.356747197739779, -7.786123307836124 ], [ 110.356720090799271, -7.786091087890089 ], [ 110.356696916211902, -7.786055947820603 ], [ 110.356677989771825, -7.786018361165765 ], [ 110.356663565545531, -7.785978838454779 ], [ 110.356653840429942, -7.785937911838237 ], [ 110.356648944173557, -7.785896136881938 ], [ 110.356648944841623, -7.785854077198504 ], [ 110.356653840657941, -7.785812301721511 ], [ 110.356663566367359, -7.785771375670023 ], [ 110.356677989620451, -7.785731852402546 ], [ 110.356696916426259, -7.785694266189239 ], [ 110.356720090255109, -7.785659125879092 ], [ 110.356747198399489, -7.785626906768926 ], [ 110.356777872892053, -7.785598043368856 ], [ 110.356811700485949, -7.785572926703906 ], [ 110.356848222665818, -7.785551897078006 ], [ 110.356886945633534, -7.785535237757617 ], [ 110.356927345749725, -7.785523174979984 ], [ 110.35696887770564, -7.785515871634102 ], [ 110.357010978152147, -7.78551342636158 ], [ 110.357053079306198, -7.78551587176838 ], [ 110.357094610763227, -7.78552317533204 ], [ 110.357135010382876, -7.785535237609115 ], [ 110.35717373425814, -7.78555189677286 ], [ 110.357210255811182, -7.785572926802773 ], [ 110.357244083016411, -7.785598042937732 ], [ 110.357274758393686, -7.785626906198496 ], [ 110.357301865352554, -7.785659126110812 ], [ 110.357325039973944, -7.785694266150203 ] ], [ [ 110.356989927641877, -7.786054725232251 ], [ 110.357010978246223, -7.786055947487131 ], [ 110.357032028950101, -7.786054724852224 ], [ 110.35705279404732, -7.786051073175442 ], [ 110.357072994129268, -7.786045041781208 ], [ 110.357092356086085, -7.786036712565837 ], [ 110.357110617645631, -7.786026197290961 ], [ 110.357127530998312, -7.786013639398005 ], [ 110.357142868248388, -7.785999207684892 ], [ 110.357156422319434, -7.785983097211875 ], [ 110.357168008771026, -7.785965527495337 ], [ 110.357177472159535, -7.785946734376759 ], [ 110.357184684220215, -7.785926972733495 ], [ 110.35718954750449, -7.785906510152775 ], [ 110.357191995386813, -7.785885622409085 ], [ 110.357191994786845, -7.785864592563772 ], [ 110.357189547085952, -7.785843704634968 ], [ 110.357184684502272, -7.785823241782905 ], [ 110.357177472821107, -7.785803479982674 ], [ 110.357168008675515, -7.785784687115419 ], [ 110.357156422276674, -7.785767116641095 ], [ 110.357142868346088, -7.785751006680025 ], [ 110.357127530656953, -7.785736575497456 ], [ 110.357110617506621, -7.785724016973968 ], [ 110.357092356272076, -7.785713502406392 ], [ 110.357072994329471, -7.785705172368551 ], [ 110.357052794512512, -7.785699141226973 ], [ 110.357032028776459, -7.785695488990672 ], [ 110.357010978189862, -7.785694266738282 ], [ 110.356989927504102, -7.785695489373645 ], [ 110.356969162424335, -7.785699141048775 ], [ 110.356948962358288, -7.785705172439413 ], [ 110.356929600414929, -7.785713501649357 ], [ 110.356911338865686, -7.785724016917328 ], [ 110.356894425519599, -7.785736574802253 ], [ 110.356879088272052, -7.78575100650666 ], [ 110.356865534199329, -7.785767116970713 ], [ 110.356853947741939, -7.785784686678562 ], [ 110.356844484343839, -7.785803479789204 ], [ 110.356837272270269, -7.785823241425646 ], [ 110.356832408970547, -7.785843704001088 ], [ 110.356829961070986, -7.78586459174133 ], [ 110.356829961652892, -7.785885621585151 ], [ 110.35683240933588, -7.785906509514573 ], [ 110.356837271902776, -7.785926972369262 ], [ 110.356844483569162, -7.785946734174057 ], [ 110.356853947702803, -7.785965527047491 ], [ 110.356865534093103, -7.785983097529351 ], [ 110.356879088019127, -7.785999207498841 ], [ 110.356894425707821, -7.786013638690321 ], [ 110.35691133886192, -7.786026197222685 ], [ 110.356929600104209, -7.786036711798638 ], [ 110.356948962058127, -7.786045041843909 ], [ 110.356969161889367, -7.786051072991567 ], [ 110.356989927641877, -7.786054725232251 ] ] ], [ [ [ 110.357641793252114, -7.786640090570137 ], [ 110.357660719806347, -7.786677676285644 ], [ 110.357675144147393, -7.786717198970974 ], [ 110.357684869375802, -7.786758125572152 ], [ 110.357689765738769, -7.786799900524009 ], [ 110.357689765166768, -7.786841960214058 ], [ 110.35768486943175, -7.78688373570838 ], [ 110.357675143785031, -7.786924661787164 ], [ 110.357660720572639, -7.786964185090675 ], [ 110.357641793782932, -7.787001771347114 ], [ 110.35761861903687, -7.787036911704321 ], [ 110.357591511760575, -7.787069131771996 ], [ 110.357560836298049, -7.787097994318874 ], [ 110.357527009521007, -7.78712311103682 ], [ 110.357490487227693, -7.787144140711305 ], [ 110.357451764126338, -7.78716080007547 ], [ 110.357411362953428, -7.787172862889178 ], [ 110.357369831743, -7.787180166266541 ], [ 110.357327731128464, -7.787182611561096 ], [ 110.357285629804991, -7.787180166168048 ], [ 110.357244098182292, -7.787172862610081 ], [ 110.357203697500083, -7.787160799425386 ], [ 110.357164974386436, -7.787144141159356 ], [ 110.357128452706348, -7.78712311111617 ], [ 110.357094625393884, -7.787097994964356 ], [ 110.357063949931259, -7.787069131684802 ], [ 110.357036842003097, -7.787036911752131 ], [ 110.357013668249323, -7.78700177169649 ], [ 110.35699474174433, -7.786964185051683 ], [ 110.356980317462401, -7.786924662348174 ], [ 110.356970592301195, -7.786883735736414 ], [ 110.356965696009851, -7.786841960782145 ], [ 110.356965696654072, -7.786799901097995 ], [ 110.356970592457984, -7.786758125617543 ], [ 110.356980318166606, -7.786717199559871 ], [ 110.356994741430498, -7.786677676283563 ], [ 110.357013668258617, -7.786640090058957 ], [ 110.357036843027871, -7.786604949736503 ], [ 110.357063950310874, -7.786572729704614 ], [ 110.35709462576331, -7.786543867192634 ], [ 110.35712845251399, -7.786518750506816 ], [ 110.35716497476605, -7.786497720859957 ], [ 110.357203697813546, -7.786481061517431 ], [ 110.357244098922905, -7.786468998718196 ], [ 110.357285630063444, -7.786461695347376 ], [ 110.357327730605562, -7.786459250051063 ], [ 110.357369831857994, -7.786461695434164 ], [ 110.35741136341484, -7.786468998974519 ], [ 110.357451764039965, -7.786481062134893 ], [ 110.35749048710835, -7.786497720371199 ], [ 110.357527008757444, -7.786518750380869 ], [ 110.357560836054859, -7.786543866497177 ], [ 110.357591511519175, -7.786572729741142 ], [ 110.357618619465697, -7.786604949640072 ], [ 110.357641793252114, -7.786640090570137 ] ], [ [ 110.35730668035373, -7.787000548942852 ], [ 110.357327731007274, -7.787001771185876 ], [ 110.357348781758958, -7.787000548539075 ], [ 110.357369546901978, -7.786996896850517 ], [ 110.357389747027014, -7.786990865444786 ], [ 110.357409109023735, -7.78698253621835 ], [ 110.357427369712454, -7.78697202093162 ], [ 110.357444284003918, -7.786959463030297 ], [ 110.357459621281151, -7.786945031308274 ], [ 110.357473175374281, -7.786928920827352 ], [ 110.357484761842613, -7.786911351103961 ], [ 110.357494225242277, -7.786892557979721 ], [ 110.357501437308358, -7.786872796332051 ], [ 110.357506300592235, -7.786852333748239 ], [ 110.357508748468348, -7.786831446002813 ], [ 110.357508747856457, -7.786810416157161 ], [ 110.35750630013807, -7.786789528229363 ], [ 110.357501437531596, -7.786769065379695 ], [ 110.357494225822592, -7.786749303583191 ], [ 110.357484761644528, -7.786730510720974 ], [ 110.357473175209051, -7.78671294025287 ], [ 110.357459621238078, -7.786696830299186 ], [ 110.357444283505444, -7.786682399125008 ], [ 110.357427370309011, -7.786669840610843 ], [ 110.357409109026435, -7.786659326053389 ], [ 110.357389747034503, -7.786650996026329 ], [ 110.357369547167593, -7.786644964896042 ], [ 110.357348781381603, -7.78664131267141 ], [ 110.357327730745823, -7.786640090430872 ], [ 110.357306680012243, -7.786641313078114 ], [ 110.357285914886717, -7.786644964765034 ], [ 110.35726571477754, -7.78665099616715 ], [ 110.357246352794306, -7.786659325388177 ], [ 110.357228092115875, -7.786669840667997 ], [ 110.357211177831005, -7.786682398561286 ], [ 110.357195840556315, -7.786696830274588 ], [ 110.357182286462859, -7.786712939842056 ], [ 110.357170699987378, -7.786730510461263 ], [ 110.357161236578122, -7.786749303577547 ], [ 110.357154024499138, -7.786769065218413 ], [ 110.3571491611998, -7.786789527796929 ], [ 110.357146713306449, -7.786810415538909 ], [ 110.357146713900306, -7.786831445383088 ], [ 110.357149161600773, -7.786852333311487 ], [ 110.357154024190464, -7.7868727961638 ], [ 110.357161235884675, -7.786892557964848 ], [ 110.357170700050773, -7.786911350833267 ], [ 110.357182286477752, -7.786928921308889 ], [ 110.35719584044412, -7.786945031271011 ], [ 110.357211178176328, -7.786959462454084 ], [ 110.357228091376527, -7.786972020977128 ], [ 110.357246352666863, -7.786982535542958 ], [ 110.357265714670106, -7.78699086557745 ], [ 110.357285914551312, -7.786996896713815 ], [ 110.35730668035373, -7.787000548942852 ] ] ], [ [ [ 110.356773340494087, -7.787506034717776 ], [ 110.356792267907181, -7.78754362046876 ], [ 110.356806691279075, -7.78758314408096 ], [ 110.356816417342927, -7.787624069792027 ], [ 110.356821313622078, -7.787665844746009 ], [ 110.35682131295637, -7.787707904427284 ], [ 110.356816417119049, -7.787749679902064 ], [ 110.356806691362792, -7.787790605950761 ], [ 110.356792268035164, -7.787830129214048 ], [ 110.356773341126029, -7.787867715420723 ], [ 110.35675016716489, -7.787902855720602 ], [ 110.356723059765685, -7.787935075721485 ], [ 110.356692384179638, -7.787963939098868 ], [ 110.356658557284234, -7.787989054832122 ], [ 110.356622034873823, -7.788010085325783 ], [ 110.356583311662362, -7.788026744600635 ], [ 110.356542910386352, -7.788038807322309 ], [ 110.356501379081351, -7.788046110606086 ], [ 110.356459278382005, -7.788048555806827 ], [ 110.356417176984579, -7.788046110320984 ], [ 110.356375645299849, -7.788038806672495 ], [ 110.356335244566964, -7.788026744305283 ], [ 110.356296521418798, -7.788010085052403 ], [ 110.356259998809804, -7.787989054931302 ], [ 110.35622617148951, -7.787963938709738 ], [ 110.356195496940288, -7.787935075369617 ], [ 110.356168389031438, -7.787902856288079 ], [ 110.356145215313646, -7.787867715283922 ], [ 110.356126287948413, -7.787830129508142 ], [ 110.35611186463565, -7.787790605877768 ], [ 110.356102138638988, -7.787749680156127 ], [ 110.356097242431503, -7.787707905199742 ], [ 110.35609724316943, -7.787665845524368 ], [ 110.356102139075674, -7.78762407006347 ], [ 110.356111863986868, -7.787583144034515 ], [ 110.356126288272961, -7.787543620799815 ], [ 110.356145215220494, -7.787506034624983 ], [ 110.356168389204797, -7.78747089435984 ], [ 110.356195496610709, -7.787438674394771 ], [ 110.356226172186666, -7.78740981105229 ], [ 110.356259999055681, -7.787384695351169 ], [ 110.356296521424852, -7.787363664885133 ], [ 110.356335244582453, -7.787347005631895 ], [ 110.35637564579487, -7.787334942924713 ], [ 110.356417177029982, -7.787327639647448 ], [ 110.356459277656896, -7.787325194444946 ], [ 110.356501378983282, -7.787327639920836 ], [ 110.356542910602158, -7.7873349435517 ], [ 110.356583311277959, -7.787347005894584 ], [ 110.356622034380848, -7.787363665117734 ], [ 110.356658556958877, -7.787384695205329 ], [ 110.356692384264093, -7.787409811391359 ], [ 110.356723058815035, -7.787438674695911 ], [ 110.356750166742259, -7.787470893743684 ], [ 110.356773340494087, -7.787506034717776 ] ], [ [ 110.356438227973214, -7.78786649317993 ], [ 110.356459277756812, -7.787867715467975 ], [ 110.356480328550902, -7.787866492868067 ], [ 110.356501094648138, -7.787862841227682 ], [ 110.356521294824717, -7.787856809867974 ], [ 110.356540655970946, -7.787848479780301 ], [ 110.356558917623076, -7.787837965442119 ], [ 110.356575831068866, -7.787825406675003 ], [ 110.356591168407164, -7.787810974989978 ], [ 110.356604722560377, -7.787794865446958 ], [ 110.35661630999661, -7.787777295754305 ], [ 110.356625773455988, -7.787758502654941 ], [ 110.356632984672785, -7.787738741026019 ], [ 110.356637848012781, -7.787718277552744 ], [ 110.356640295940068, -7.78769738981708 ], [ 110.35664029537503, -7.787676359975813 ], [ 110.356637847698565, -7.787655472046949 ], [ 110.356632985128485, -7.78763500919079 ], [ 110.356625772543012, -7.787615247381035 ], [ 110.356616309295916, -7.787596454503137 ], [ 110.356604722876341, -7.787578884917525 ], [ 110.356591168915713, -7.787562774937168 ], [ 110.356575831187683, -7.787548342827503 ], [ 110.356558917079028, -7.787535785181606 ], [ 110.35654065578683, -7.787525269681371 ], [ 110.356521294682508, -7.787516940519023 ], [ 110.356501093884006, -7.787510909343849 ], [ 110.356480328067022, -7.787507257073963 ], [ 110.356459278301188, -7.787506034788404 ], [ 110.356438227525217, -7.787507257388755 ], [ 110.35641746144546, -7.787510909027505 ], [ 110.356397261284769, -7.787516940383593 ], [ 110.356377900151998, -7.787525270465856 ], [ 110.356359638510199, -7.787535784797134 ], [ 110.356342725070988, -7.787548343556217 ], [ 110.35632738773522, -7.787562775232502 ], [ 110.35631383358033, -7.787578884766587 ], [ 110.356302246138313, -7.787596454450553 ], [ 110.356292782669328, -7.787615247541941 ], [ 110.356285571439656, -7.787635009164075 ], [ 110.356280708084171, -7.787655472632068 ], [ 110.356278260139661, -7.787676360364245 ], [ 110.356278260686651, -7.787697390204055 ], [ 110.35628070834521, -7.787718278133521 ], [ 110.356285570898478, -7.787738740992323 ], [ 110.356292783469158, -7.787758502806607 ], [ 110.356302246704303, -7.787777295690717 ], [ 110.356313833115379, -7.78779486528385 ], [ 110.356327387071403, -7.787810975272645 ], [ 110.356342724799006, -7.78782540739121 ], [ 110.356359638911428, -7.787837965045968 ], [ 110.356377900211371, -7.787848480554597 ], [ 110.356397261327018, -7.787856809724381 ], [ 110.356417462139788, -7.787862840905632 ], [ 110.356438227973214, -7.78786649317993 ] ] ], [ [ [ 110.361768670668141, -7.787694772872831 ], [ 110.361787596737997, -7.787732358434617 ], [ 110.361802020597025, -7.78777188191511 ], [ 110.361811746249657, -7.787812808454123 ], [ 110.36181664212215, -7.787854583389096 ], [ 110.361816642860106, -7.787896643111887 ], [ 110.361811746602342, -7.787938418682691 ], [ 110.361802021315739, -7.787979344884704 ], [ 110.361787597527609, -7.788018868353793 ], [ 110.361768670130118, -7.788056453912821 ], [ 110.361745496551322, -7.788091594518488 ], [ 110.361718388588869, -7.788123813962708 ], [ 110.361687713301805, -7.788152676823513 ], [ 110.361653885747003, -7.788177793881265 ], [ 110.361617363534805, -7.788198823919561 ], [ 110.361578640466817, -7.788215482760751 ], [ 110.361538240184586, -7.788227545065418 ], [ 110.361496708000274, -7.78823484884273 ], [ 110.361454607270389, -7.788237294540404 ], [ 110.361412505786021, -7.788234848642323 ], [ 110.361370974863348, -7.788227545476142 ], [ 110.361330573932335, -7.788215482667528 ], [ 110.361291850532751, -7.788198823853656 ], [ 110.361255328532081, -7.788177793238369 ], [ 110.361221500867387, -7.788152677390232 ], [ 110.36119082593396, -7.788123814382876 ], [ 110.361163717607681, -7.788091594684523 ], [ 110.361140543442133, -7.788056453919014 ], [ 110.36112161742011, -7.788018868332405 ], [ 110.361107193620185, -7.787979344833706 ], [ 110.361097468034728, -7.787938418284074 ], [ 110.361092572233886, -7.787896643346657 ], [ 110.361092571568136, -7.787854583629716 ], [ 110.361097467894837, -7.787812808072754 ], [ 110.361107193243356, -7.787771881891814 ], [ 110.361121617083029, -7.787732358449905 ], [ 110.361140544518946, -7.787694772922693 ], [ 110.361163718120963, -7.787659632351765 ], [ 110.361190826090194, -7.787627412943327 ], [ 110.361221501367183, -7.787598550117432 ], [ 110.361255328895652, -7.78757343309181 ], [ 110.361291851066653, -7.787552403081159 ], [ 110.36133057408081, -7.78753574426165 ], [ 110.361370974299476, -7.787523681971498 ], [ 110.361412506413885, -7.78751637820076 ], [ 110.361454607071366, -7.787513932501369 ], [ 110.361496708484665, -7.787516378389535 ], [ 110.361538239341485, -7.787523681538142 ], [ 110.361578640215384, -7.787535744322464 ], [ 110.361617363569678, -7.787552403106639 ], [ 110.361653885539312, -7.787573433688421 ], [ 110.3616877131889, -7.787598549501058 ], [ 110.36171838812399, -7.787627412472824 ], [ 110.3617454964686, -7.787659632137425 ], [ 110.361768670668141, -7.787694772872831 ] ], [ [ 110.36143355649682, -7.788055231085135 ], [ 110.361454607230101, -7.788056454032937 ], [ 110.361475658039467, -7.788055231184576 ], [ 110.361496423215954, -7.788051579295366 ], [ 110.361516624256737, -7.788045547693961 ], [ 110.361535985330548, -7.788037218275393 ], [ 110.361554246884268, -7.788026703712631 ], [ 110.361571160204221, -7.788014145639355 ], [ 110.361586498300653, -7.787999713761741 ], [ 110.361600051375802, -7.787983604042743 ], [ 110.361611638620886, -7.787966034197191 ], [ 110.361621101871648, -7.787947240968709 ], [ 110.361628313772158, -7.78792747923757 ], [ 110.361633176877334, -7.787907015687625 ], [ 110.361635624560009, -7.787886128807767 ], [ 110.361635624653516, -7.787865098947797 ], [ 110.361633176726912, -7.787844211027742 ], [ 110.361628313908312, -7.787823748209169 ], [ 110.361621101986188, -7.78780398646664 ], [ 110.361611638505138, -7.787785192777462 ], [ 110.361600051861728, -7.787767623311185 ], [ 110.361586497691704, -7.787751513474666 ], [ 110.361571160678508, -7.787737081532762 ], [ 110.361554246399052, -7.787724523169062 ], [ 110.36153598586246, -7.787714008779181 ], [ 110.361516623726857, -7.787705678930447 ], [ 110.361496423735559, -7.787699647988186 ], [ 110.361475657846128, -7.78769599595875 ], [ 110.361454607130611, -7.787694773013428 ], [ 110.361433556339335, -7.787695995862217 ], [ 110.361412791180328, -7.787699647749765 ], [ 110.361392590155432, -7.787705679347559 ], [ 110.361373229095108, -7.787714008760696 ], [ 110.361354967551677, -7.787724523316539 ], [ 110.361338054238288, -7.7877370813818 ], [ 110.361322716144386, -7.78775151325069 ], [ 110.361309163067531, -7.787767622960734 ], [ 110.361297575816664, -7.787785192797609 ], [ 110.361288112556281, -7.787803986018136 ], [ 110.361280900642882, -7.78782374774248 ], [ 110.361276037522231, -7.787844211287153 ], [ 110.361273589822318, -7.787865098163552 ], [ 110.361273589710748, -7.787886128022062 ], [ 110.361276037619447, -7.787907015942728 ], [ 110.361280900421264, -7.787927478763955 ], [ 110.361288112328609, -7.787947240511039 ], [ 110.361297575797693, -7.787966034206419 ], [ 110.361309162432619, -7.787983603680224 ], [ 110.361322716598053, -7.787999713525178 ], [ 110.361338053610837, -7.788014145475978 ], [ 110.361354967894059, -7.788026703848552 ], [ 110.361373228438424, -7.78803721824681 ], [ 110.361392590585325, -7.78804554810297 ], [ 110.361412790590933, -7.788051579051304 ], [ 110.36143355649682, -7.788055231085135 ] ] ] ] } },
{ "type": "Feature", "properties": { "distance": 80.0 }, "geometry": { "type": "MultiPolygon", "coordinates": [ [ [ [ 110.36008991608189, -7.780769688963875 ], [ 110.360127769205135, -7.780844861093517 ], [ 110.360156616239678, -7.78092390812905 ], [ 110.360176067922012, -7.781005760353934 ], [ 110.360185859292571, -7.781089310249063 ], [ 110.360185859644702, -7.781173430597925 ], [ 110.360176067980916, -7.781256980811237 ], [ 110.360156617508068, -7.781338833164602 ], [ 110.360127770185315, -7.781417880026438 ], [ 110.360089916696907, -7.781493051948272 ], [ 110.360043570080961, -7.781563333031912 ], [ 110.359989354830034, -7.781627771767297 ], [ 110.359928005958395, -7.781685498217046 ], [ 110.359925620801661, -7.781687269267476 ], [ 110.359907490081198, -7.781763567187999 ], [ 110.359878642678979, -7.781842613120666 ], [ 110.359840790010665, -7.781917785013438 ], [ 110.359794442396094, -7.781988066059939 ], [ 110.359740227955399, -7.782052505660549 ], [ 110.359678878079222, -7.782110232063961 ], [ 110.359611224688805, -7.782160465026235 ], [ 110.359538181176987, -7.782202524827412 ], [ 110.359460735136309, -7.782235843114777 ], [ 110.359379935653635, -7.782259968310952 ], [ 110.359296873342686, -7.782274575533418 ], [ 110.359212672180078, -7.782279467486798 ], [ 110.359128471363817, -7.782274576244529 ], [ 110.359045408980236, -7.782259968651267 ], [ 110.358964609312252, -7.782235842685553 ], [ 110.358891291204216, -7.782204300176084 ], [ 110.358888804186805, -7.782209239564237 ], [ 110.358842456386199, -7.782279520490242 ], [ 110.358788241768977, -7.782343959953449 ], [ 110.358726892635104, -7.782401686205721 ], [ 110.3586592381873, -7.782451919001086 ], [ 110.358586194541189, -7.782493978625933 ], [ 110.35850874929109, -7.782527296729937 ], [ 110.358427948803353, -7.782551422638611 ], [ 110.35834488732344, -7.782566029668486 ], [ 110.358260686106817, -7.782570921427194 ], [ 110.358176485259193, -7.782566029992193 ], [ 110.358093422865906, -7.782551423115236 ], [ 110.35801262230585, -7.782527296967037 ], [ 110.357935176829301, -7.782493978827364 ], [ 110.357862133245561, -7.782451918919706 ], [ 110.357794479232737, -7.78240168586923 ], [ 110.357733130651766, -7.782343959447463 ], [ 110.357678915237017, -7.782279520597694 ], [ 110.357632568079524, -7.782209239669383 ], [ 110.357594715316495, -7.782134067348133 ], [ 110.357587664422056, -7.782114748103683 ], [ 110.357543305339789, -7.782073008362311 ], [ 110.357489090895712, -7.782008568589542 ], [ 110.357442742890697, -7.78193828764323 ], [ 110.357404890183219, -7.781863115308838 ], [ 110.357376042721341, -7.781784069029579 ], [ 110.357356592476009, -7.781702216721985 ], [ 110.357346800761135, -7.781618665902529 ], [ 110.357346800980821, -7.781534546506018 ], [ 110.357356592304811, -7.781450995499384 ], [ 110.357376043317188, -7.781369143319481 ], [ 110.357404891134607, -7.781290097590776 ], [ 110.357442744154952, -7.781214925039397 ], [ 110.357489092044688, -7.781144644272287 ], [ 110.357543306677584, -7.781080204975106 ], [ 110.357604655752411, -7.781022478887966 ], [ 110.357672309161941, -7.780972246247601 ], [ 110.357745352610408, -7.780930186763068 ], [ 110.357822798512828, -7.780896868778327 ], [ 110.35790359779422, -7.780872742958663 ], [ 110.35798665985115, -7.780858135989479 ], [ 110.358070860723089, -7.780853244257157 ], [ 110.358155061227649, -7.780858135685553 ], [ 110.358238123295564, -7.780872742524595 ], [ 110.358318922656053, -7.780896868605561 ], [ 110.358396367885874, -7.780930186656239 ], [ 110.358469411279444, -7.780972246457774 ], [ 110.358537065166203, -7.781022479391837 ], [ 110.358598414597665, -7.781080204791077 ], [ 110.358633142052071, -7.781121481228221 ], [ 110.358685117835833, -7.781059703072795 ], [ 110.358746467671708, -7.781001976808885 ], [ 110.358748852828739, -7.781000205765114 ], [ 110.358766983710552, -7.780923907905764 ], [ 110.358795831239306, -7.780844861152622 ], [ 110.358833684881176, -7.780769689357983 ], [ 110.35888003158982, -7.780699408413218 ], [ 110.358934246869055, -7.78063496891637 ], [ 110.358995595700407, -7.780577242606117 ], [ 110.359063249792371, -7.780527010629485 ], [ 110.359136293041161, -7.780484950887034 ], [ 110.359213737863058, -7.780451632630732 ], [ 110.359294537906251, -7.780427506533629 ], [ 110.359377599847079, -7.780412900185285 ], [ 110.35946180063489, -7.780408009072786 ], [ 110.359546001091132, -7.780412899314825 ], [ 110.359629062234831, -7.780427506781789 ], [ 110.35970986252029, -7.78045163259928 ], [ 110.359787307801867, -7.780484950399049 ], [ 110.359860351280219, -7.780527009967014 ], [ 110.359928004376755, -7.780577242686626 ], [ 110.359989353952429, -7.780634969705178 ], [ 110.360043568646532, -7.780699408274798 ], [ 110.36008991608189, -7.780769688963875 ] ], [ [ 110.3590997706076, -7.781110340858032 ], [ 110.359099770222656, -7.781152400570723 ], [ 110.359104666706116, -7.781194176427799 ], [ 110.359108499325274, -7.781210306011476 ], [ 110.359088640656381, -7.781216235830967 ], [ 110.359049918170896, -7.781232894490646 ], [ 110.359013396476755, -7.781253924349808 ], [ 110.358979569368302, -7.781279040329831 ], [ 110.358948895351546, -7.781307903932847 ], [ 110.358921787668322, -7.781340123226579 ], [ 110.358898614279738, -7.781375263698418 ], [ 110.358879686980416, -7.781412850047986 ], [ 110.358865264108289, -7.781452373427183 ], [ 110.358855537835339, -7.78149329956159 ], [ 110.358850642321499, -7.781535074189792 ], [ 110.358850641906884, -7.781577134804133 ], [ 110.358855538368303, -7.781618909757138 ], [ 110.358865263637796, -7.781659835436251 ], [ 110.358879687053715, -7.781699358988249 ], [ 110.358898613535771, -7.781736945552622 ], [ 110.358921787201737, -7.781772085503132 ], [ 110.358948894978369, -7.781804305307403 ], [ 110.358979569320908, -7.781833168435651 ], [ 110.359013396361419, -7.78185828441803 ], [ 110.359049917713079, -7.781879315179078 ], [ 110.359088640447652, -7.781895974148276 ], [ 110.359129040706563, -7.781908037119672 ], [ 110.359170571866144, -7.781915340455253 ], [ 110.359212672692919, -7.781917785619846 ], [ 110.359254772783899, -7.781915340093856 ], [ 110.359296303450989, -7.781908036485213 ], [ 110.359336704068156, -7.781895973443488 ], [ 110.359375426607443, -7.781879314762181 ], [ 110.359411948342768, -7.781858284875404 ], [ 110.359445775477568, -7.781833168863269 ], [ 110.359476449504399, -7.781804305225378 ], [ 110.359503557180886, -7.781772085895884 ], [ 110.359526730546307, -7.781736945389309 ], [ 110.35954565780726, -7.781699359007947 ], [ 110.359560080627887, -7.781659835601583 ], [ 110.359569806838991, -7.781618909446089 ], [ 110.359574702283965, -7.781577134804034 ], [ 110.359574702626418, -7.781535074183824 ], [ 110.359569806093418, -7.781493299233237 ], [ 110.359565973454608, -7.781477169652295 ], [ 110.359585831224265, -7.781471239809617 ], [ 110.359624554622172, -7.781454581102635 ], [ 110.359661076308313, -7.781433551189992 ], [ 110.359694902486893, -7.781408435152152 ], [ 110.359725577371819, -7.781379571493148 ], [ 110.359752685000657, -7.781347352143328 ], [ 110.359775858320219, -7.781312211618859 ], [ 110.359794784630836, -7.781274625220917 ], [ 110.359809208316605, -7.781235102708091 ], [ 110.359818933583938, -7.781194176541946 ], [ 110.3598238299044, -7.781152400990644 ], [ 110.359823830217195, -7.781110341272083 ], [ 110.359818933662154, -7.781068565417433 ], [ 110.359809208307325, -7.78102763975263 ], [ 110.359794784819584, -7.780988116225777 ], [ 110.359775858281168, -7.780950530600811 ], [ 110.359752684581181, -7.780915389788979 ], [ 110.359725576790524, -7.780883170034381 ], [ 110.359694902456283, -7.780854306960258 ], [ 110.359661075446354, -7.78082919103429 ], [ 110.359624554145142, -7.780808161234241 ], [ 110.359585831481738, -7.780791502319515 ], [ 110.35954543131048, -7.780779439398628 ], [ 110.35950390025296, -7.780772135203414 ], [ 110.359461800442801, -7.780769690078125 ], [ 110.359419699559268, -7.780772135632819 ], [ 110.359378169006717, -7.780779439263203 ], [ 110.359337769406821, -7.780791502319668 ], [ 110.359299046062731, -7.780808161005018 ], [ 110.359262524417758, -7.78082919089005 ], [ 110.359228698265511, -7.780854306895781 ], [ 110.359198023390661, -7.780883170519911 ], [ 110.359170915755101, -7.780915389833972 ], [ 110.359147742412361, -7.780950530323702 ], [ 110.359128815156453, -7.780988116688492 ], [ 110.35911439232612, -7.781027639175515 ], [ 110.359104666090019, -7.781068565319213 ], [ 110.3590997706076, -7.781110340858032 ] ], [ [ 110.358112960955211, -7.781217371331334 ], [ 110.358070860213274, -7.781214926063742 ], [ 110.358028760195268, -7.78121737147746 ], [ 110.357987229585362, -7.781224674966006 ], [ 110.357946829005968, -7.781236737881687 ], [ 110.357908106482, -7.781253396433311 ], [ 110.35787158473579, -7.781274427093887 ], [ 110.357837757565079, -7.781299542977175 ], [ 110.357807083475393, -7.781328406491119 ], [ 110.357779975709533, -7.781360625704653 ], [ 110.357756802229716, -7.781395766106267 ], [ 110.357737875738707, -7.781433352397852 ], [ 110.357723451855051, -7.781472875728061 ], [ 110.357713726379799, -7.781513801828559 ], [ 110.35770883075223, -7.781555577338818 ], [ 110.357708830225008, -7.781597637039313 ], [ 110.357713726572385, -7.78163941199628 ], [ 110.357723451727935, -7.781680338597047 ], [ 110.357737875035639, -7.781719861274663 ], [ 110.357756802319528, -7.781757447883079 ], [ 110.35777997588626, -7.781792587888272 ], [ 110.35780708266401, -7.781824807757117 ], [ 110.357837757829984, -7.78185367096301 ], [ 110.357871584796612, -7.781878787031004 ], [ 110.357901896425119, -7.78189624110149 ], [ 110.357903551826467, -7.781910363908171 ], [ 110.357913277006233, -7.781951289601571 ], [ 110.357927700338053, -7.781990813178942 ], [ 110.357946627651089, -7.782028398876297 ], [ 110.357969801246156, -7.782063539777684 ], [ 110.3579969080551, -7.782095759636576 ], [ 110.358027583253346, -7.782124622831063 ], [ 110.358061410252915, -7.782149738886294 ], [ 110.358097931575841, -7.782170768822699 ], [ 110.358136654291499, -7.782187427877681 ], [ 110.358177054543006, -7.782199490939631 ], [ 110.358218585706751, -7.782206794369309 ], [ 110.358260685642279, -7.782209239628891 ], [ 110.358302786667181, -7.782206794201604 ], [ 110.358344317372215, -7.782199490689937 ], [ 110.358384718037769, -7.78218742774353 ], [ 110.358423440635221, -7.782170769154585 ], [ 110.358459962437678, -7.782149739355972 ], [ 110.35849378874218, -7.78212462252073 ], [ 110.358524463758229, -7.782095758960464 ], [ 110.358551571522966, -7.78206353969968 ], [ 110.358574744981397, -7.78202839925335 ], [ 110.358593671431947, -7.78199081292157 ], [ 110.358608095258205, -7.781951289557529 ], [ 110.358617820661962, -7.781910363431112 ], [ 110.358622716206028, -7.781868588808579 ], [ 110.358622716644362, -7.781826529101174 ], [ 110.358617820206874, -7.781784753243042 ], [ 110.358608094959948, -7.781743827560215 ], [ 110.358593671569054, -7.781704304001016 ], [ 110.358574744208198, -7.781666718328462 ], [ 110.358551570579138, -7.781631577457139 ], [ 110.358524463751834, -7.781599357631951 ], [ 110.358493788551911, -7.781570494473044 ], [ 110.358459961567377, -7.781545378453297 ], [ 110.358429649936539, -7.781527924422575 ], [ 110.358427994517868, -7.781513801616382 ], [ 110.358418269293821, -7.781472875930692 ], [ 110.358403845928407, -7.781433352366741 ], [ 110.35838491859532, -7.781395766687598 ], [ 110.35836174499596, -7.781360625807962 ], [ 110.35833463819985, -7.781328405972851 ], [ 110.358303963032199, -7.781299542802502 ], [ 110.35827013608062, -7.781274426769989 ], [ 110.358233614821813, -7.781253396853157 ], [ 110.358194892184272, -7.78123673781297 ], [ 110.358154492022052, -7.781224674759652 ], [ 110.358112960955211, -7.781217371331334 ] ] ], [ [ [ 110.359576464425118, -7.783191198459144 ], [ 110.359614318542029, -7.78326637063769 ], [ 110.359643165607366, -7.783345416800323 ], [ 110.359662616354498, -7.783427269039101 ], [ 110.359672408544952, -7.783510819838821 ], [ 110.359672408756637, -7.783594939265319 ], [ 110.359662616895406, -7.783678490348992 ], [ 110.359643166174848, -7.783760342652379 ], [ 110.359614319463034, -7.783839389450457 ], [ 110.35958628909404, -7.783895052278252 ], [ 110.359662738229218, -7.783872225708909 ], [ 110.35974580085103, -7.783857619344963 ], [ 110.359830002331194, -7.783852728215735 ], [ 110.359914203480429, -7.783857619344645 ], [ 110.359997265312458, -7.783872225888838 ], [ 110.360078066268244, -7.783896351687656 ], [ 110.360155512194396, -7.783929669468607 ], [ 110.360228556281513, -7.783971729922376 ], [ 110.360296209945446, -7.784021962623621 ], [ 110.36035756003956, -7.784079688719921 ], [ 110.360411775192006, -7.784144128177154 ], [ 110.360458123023477, -7.784214408850429 ], [ 110.360495976475292, -7.784289580061031 ], [ 110.360524823763654, -7.784368627083531 ], [ 110.360544275623013, -7.784450479297062 ], [ 110.36055406709005, -7.784534030087181 ], [ 110.360554067460853, -7.784618149523937 ], [ 110.360544275733659, -7.784701699731726 ], [ 110.36052482511748, -7.784783552081701 ], [ 110.360495977573407, -7.784862598942337 ], [ 110.360458123788746, -7.784937770865146 ], [ 110.36041177589864, -7.785008051950557 ], [ 110.360357561120026, -7.785072491597125 ], [ 110.360296211756378, -7.785130217149703 ], [ 110.360228557010814, -7.785180450168617 ], [ 110.360155513004386, -7.78522251003267 ], [ 110.360078067336275, -7.785255828388319 ], [ 110.359997266379835, -7.785279953653165 ], [ 110.359914203477231, -7.78529456094784 ], [ 110.359830001707508, -7.78529945207014 ], [ 110.359745800274155, -7.785294560901523 ], [ 110.359662738178827, -7.785279954286993 ], [ 110.359581936994701, -7.785255828390973 ], [ 110.359504490887502, -7.785222510491252 ], [ 110.359431446676382, -7.785180449903487 ], [ 110.359363792950788, -7.785130217964762 ], [ 110.35930244286476, -7.785072490821665 ], [ 110.359294569560049, -7.785063132626878 ], [ 110.359264460649214, -7.785098918390317 ], [ 110.359203111143387, -7.785156644676713 ], [ 110.359135457184323, -7.785206877511609 ], [ 110.359062413079485, -7.785248937178081 ], [ 110.358984967336326, -7.78528225532664 ], [ 110.358904166327846, -7.785306381282177 ], [ 110.358821103399606, -7.785320988359209 ], [ 110.358736901628276, -7.785325880167496 ], [ 110.358652700220119, -7.785320988782432 ], [ 110.358569638176391, -7.785306381051952 ], [ 110.358488837065522, -7.785282255856872 ], [ 110.358411391056322, -7.785248937764166 ], [ 110.35833834696389, -7.785206877901171 ], [ 110.358270692473212, -7.785156644892505 ], [ 110.358209343451705, -7.785098918509081 ], [ 110.358155127641055, -7.785034478789182 ], [ 110.358108780134941, -7.78496419789079 ], [ 110.358070927075261, -7.784889026499164 ], [ 110.358042079325841, -7.78480997934481 ], [ 110.358022628857455, -7.784728127057414 ], [ 110.358012836988323, -7.78464457624866 ], [ 110.35801283712469, -7.784560456853213 ], [ 110.358022629342955, -7.784476906743869 ], [ 110.358042080416269, -7.784395054545841 ], [ 110.35807092746046, -7.784316007883834 ], [ 110.358108781588257, -7.784240836201994 ], [ 110.358155128839812, -7.784170555388742 ], [ 110.358209344711568, -7.784106116040332 ], [ 110.358270694177079, -7.784048389893479 ], [ 110.358338348030713, -7.783998157187091 ], [ 110.358365168329726, -7.783982713458835 ], [ 110.358320225192429, -7.78391456121336 ], [ 110.358282371266853, -7.78383938893563 ], [ 110.358253524437842, -7.783760342700294 ], [ 110.358234073959323, -7.78367849041918 ], [ 110.358224282055261, -7.783594939609778 ], [ 110.358224282132298, -7.783510820206772 ], [ 110.358234074269077, -7.78342726917854 ], [ 110.358253525237075, -7.78334541695951 ], [ 110.358282372154932, -7.783266370270164 ], [ 110.358320226137081, -7.783191198555018 ], [ 110.358366574132575, -7.783120917704315 ], [ 110.358420788919332, -7.783056478310718 ], [ 110.358482138194006, -7.782998752115653 ], [ 110.358549792753607, -7.782948519358681 ], [ 110.358622836485239, -7.782906459747699 ], [ 110.358700281800068, -7.782873141628392 ], [ 110.358781082338226, -7.782849016576462 ], [ 110.358864144773463, -7.782834409466063 ], [ 110.358948345138799, -7.782829517589967 ], [ 110.359032546060263, -7.782834408876692 ], [ 110.35911560855466, -7.782849016481248 ], [ 110.359196409255091, -7.78287314242914 ], [ 110.359273854917234, -7.782906460351732 ], [ 110.35934689873659, -7.782948520033291 ], [ 110.359414552131327, -7.78299875195119 ], [ 110.359475901955662, -7.78305647906038 ], [ 110.359530116846869, -7.78312091770725 ], [ 110.359576464425118, -7.783191198459144 ] ], [ [ 110.358906244354642, -7.783912116059279 ], [ 110.358948345376049, -7.783914561265973 ], [ 110.358990445666592, -7.783912115782787 ], [ 110.359031977442442, -7.783904812218461 ], [ 110.359072377354067, -7.783892749217832 ], [ 110.359111100091539, -7.783876090577989 ], [ 110.359147622019137, -7.783855060731072 ], [ 110.359181449339147, -7.783829943852147 ], [ 110.359212124444369, -7.783801081155224 ], [ 110.359239231374886, -7.783768860951833 ], [ 110.359262405791327, -7.783733720475079 ], [ 110.359281332270683, -7.783696135021342 ], [ 110.359295756105809, -7.783656611636588 ], [ 110.359305481497017, -7.783615685495439 ], [ 110.359310377008612, -7.783573909959844 ], [ 110.359310377392333, -7.783531850250204 ], [ 110.35930548087876, -7.783490075300709 ], [ 110.359295755539449, -7.783449148723774 ], [ 110.359281332037, -7.783409625181112 ], [ 110.359262405455226, -7.783372039532379 ], [ 110.359239231682409, -7.783336899593654 ], [ 110.359212123793213, -7.78330467980041 ], [ 110.359181449334656, -7.783275816680961 ], [ 110.359147622177687, -7.783250699799074 ], [ 110.359111099799037, -7.783229669940867 ], [ 110.359072376945349, -7.783213010964736 ], [ 110.359031976566584, -7.783200947978627 ], [ 110.35899044619272, -7.783193644621176 ], [ 110.358948345242339, -7.783191199424417 ], [ 110.358906245024173, -7.783193644909341 ], [ 110.358864713318169, -7.783200948467135 ], [ 110.35882431347008, -7.783213011453268 ], [ 110.358785590786454, -7.783229670071492 ], [ 110.358749068900039, -7.783250699890792 ], [ 110.358715241606376, -7.783275816737598 ], [ 110.358684566511229, -7.783304679399618 ], [ 110.35865745957399, -7.783336899567238 ], [ 110.358634285134372, -7.783372040009279 ], [ 110.358615358616618, -7.783409625431183 ], [ 110.358600934729992, -7.783449148788772 ], [ 110.358591209276923, -7.783490074908836 ], [ 110.358586313696435, -7.783531850430577 ], [ 110.358586313240536, -7.783573910134316 ], [ 110.35859120968253, -7.783615685086251 ], [ 110.35860093495468, -7.783656611673771 ], [ 110.358615358398026, -7.783696135234613 ], [ 110.358634284931981, -7.783733720908121 ], [ 110.358657458670777, -7.783768860876937 ], [ 110.358684566541655, -7.783801080703913 ], [ 110.358715240998521, -7.783829943858914 ], [ 110.358749068170553, -7.783855060776289 ], [ 110.358785590580183, -7.783876090667997 ], [ 110.358824313479133, -7.783892749673843 ], [ 110.358864713914954, -7.783904812684236 ], [ 110.358906244354642, -7.783912116059279 ] ], [ [ 110.359705970160377, -7.784236221453376 ], [ 110.35966724650082, -7.784252880145118 ], [ 110.359630724559395, -7.784273910035704 ], [ 110.359596898133731, -7.784299026046067 ], [ 110.359566223012195, -7.784327889673849 ], [ 110.35953911515999, -7.784360108990531 ], [ 110.359515941633603, -7.784395249481838 ], [ 110.359497015136455, -7.784432835848455 ], [ 110.359482591288497, -7.784472358333505 ], [ 110.359472865887611, -7.784513284476871 ], [ 110.359467969466522, -7.784555060011559 ], [ 110.359467969090176, -7.784597119720444 ], [ 110.359472865622507, -7.784638895572783 ], [ 110.359482590998681, -7.784679821242503 ], [ 110.35949701455425, -7.784719344781039 ], [ 110.3595159412084, -7.784756930423536 ], [ 110.359539115072451, -7.78479207125755 ], [ 110.359566223074637, -7.784824291037464 ], [ 110.359596897665725, -7.784853154138278 ], [ 110.359630724974451, -7.784878270090568 ], [ 110.359667246611721, -7.784899299914762 ], [ 110.359705969642704, -7.78491595884978 ], [ 110.35974637020621, -7.784928021785632 ], [ 110.359787901673059, -7.784935325989298 ], [ 110.359830001901443, -7.784937771115702 ], [ 110.359872102296649, -7.784935325553002 ], [ 110.359913634166475, -7.784928021909637 ], [ 110.35995403416014, -7.784915958831514 ], [ 110.359992757873528, -7.78489930011814 ], [ 110.36002927985615, -7.784878270199933 ], [ 110.360063106308147, -7.784853154157422 ], [ 110.360093781439772, -7.784824290494753 ], [ 110.360120889285227, -7.78479207114231 ], [ 110.360144062788407, -7.784756930616274 ], [ 110.360162989247172, -7.784719344217831 ], [ 110.360177413043601, -7.784679821705615 ], [ 110.360187138382614, -7.784638895541171 ], [ 110.360192034734823, -7.784597119992628 ], [ 110.360192034132041, -7.784555060276487 ], [ 110.360187138435023, -7.784513284427969 ], [ 110.360177412991689, -7.784472358768843 ], [ 110.360162989377045, -7.784432835248493 ], [ 110.360144062675062, -7.784395249630782 ], [ 110.360120888777004, -7.784360108826868 ], [ 110.360093780756486, -7.784327889080691 ], [ 110.360063106163722, -7.78429902601545 ], [ 110.360029278870073, -7.784273910098634 ], [ 110.359992757263782, -7.784252880307937 ], [ 110.35995403427809, -7.784236221402633 ], [ 110.359913633771654, -7.784224158491077 ], [ 110.359872102370645, -7.784216854304982 ], [ 110.359830002213286, -7.784214409188499 ], [ 110.359787901890471, -7.784216854752933 ], [ 110.359746370090477, -7.784224158389759 ], [ 110.359705970160377, -7.784236221453376 ] ], [ [ 110.358779002376778, -7.784243281832024 ], [ 110.35873690223201, -7.784240836607337 ], [ 110.358694801002173, -7.784243282061152 ], [ 110.358653270096298, -7.784250585590544 ], [ 110.35861287014086, -7.784262648547282 ], [ 110.358574147350708, -7.784279307136843 ], [ 110.3585376253601, -7.784300336928641 ], [ 110.358503797965938, -7.784325453749472 ], [ 110.358473122775393, -7.784354316387401 ], [ 110.358446015749095, -7.784386536533103 ], [ 110.358422841227991, -7.784421676955734 ], [ 110.358403914637435, -7.784459262361005 ], [ 110.358389490687628, -7.784498785704907 ], [ 110.358379765181908, -7.784539711814472 ], [ 110.358374869559995, -7.784581487329024 ], [ 110.358374869074439, -7.784623547029001 ], [ 110.358379765497574, -7.7846653228851 ], [ 110.358389490766058, -7.784706248571257 ], [ 110.358403914216851, -7.784745772138659 ], [ 110.358422840770615, -7.784783357822085 ], [ 110.358446015446901, -7.78481849870985 ], [ 110.358473122455877, -7.784850717647058 ], [ 110.358503797874377, -7.784879580822349 ], [ 110.358537624204573, -7.784904697759831 ], [ 110.358574146688767, -7.784925727675243 ], [ 110.358612869670736, -7.784942386706743 ], [ 110.358653270196939, -7.784954449744382 ], [ 110.358694801640041, -7.784961753149257 ], [ 110.358736901855835, -7.784964198383898 ], [ 110.358779003158062, -7.784961752931826 ], [ 110.358820534133798, -7.784954449395888 ], [ 110.358860934152787, -7.784942386424667 ], [ 110.358899656996769, -7.784925727813469 ], [ 110.358936179935512, -7.78490469799542 ], [ 110.358970006449084, -7.784879581141093 ], [ 110.359000681649746, -7.784850718468271 ], [ 110.359027788669295, -7.784818498286796 ], [ 110.359050963167221, -7.784783357829428 ], [ 110.359069889719379, -7.784745772392338 ], [ 110.359084313617672, -7.784706249021246 ], [ 110.359094039061517, -7.784665322890595 ], [ 110.359098934614551, -7.784623547362183 ], [ 110.359098935027916, -7.784581487656324 ], [ 110.359094038533158, -7.784539711802645 ], [ 110.359084313197528, -7.784498786127073 ], [ 110.359069889687646, -7.784459262577852 ], [ 110.359050963086034, -7.784421676919227 ], [ 110.359027788375727, -7.784386536061541 ], [ 110.359000681348434, -7.784354317158061 ], [ 110.358970005928228, -7.784325454018348 ], [ 110.358936179613096, -7.784300337116362 ], [ 110.358899657159895, -7.784279307234434 ], [ 110.358860934223188, -7.784262648232658 ], [ 110.358820533754056, -7.784250585219321 ], [ 110.358779002376778, -7.784243281832024 ] ] ], [ [ [ 110.36331873251676, -7.783774800549694 ], [ 110.36335658646469, -7.783849972449148 ], [ 110.36338543337601, -7.783929018413811 ], [ 110.363404884880879, -7.784010870539781 ], [ 110.363414676916747, -7.784094421310647 ], [ 110.363414676958214, -7.784178540794001 ], [ 110.3634048849012, -7.784262092019408 ], [ 110.363385434858017, -7.78434394364437 ], [ 110.363356586963988, -7.784422990745726 ], [ 110.363318733715516, -7.784498162065411 ], [ 110.36327238633082, -7.784568443507442 ], [ 110.363218171115847, -7.784632882655171 ], [ 110.363156821270522, -7.784690609562842 ], [ 110.363089166904587, -7.784740842167969 ], [ 110.363016123224298, -7.784782901650405 ], [ 110.362938676917565, -7.78481621964816 ], [ 110.362857876166572, -7.784840345478646 ], [ 110.36277481431209, -7.784854953350377 ], [ 110.362690612618763, -7.784859844146091 ], [ 110.362606411194662, -7.784854952645287 ], [ 110.362558362425233, -7.784846502853673 ], [ 110.362573177638993, -7.784857504068428 ], [ 110.362634527276839, -7.784915229866832 ], [ 110.362688742897802, -7.784979669067362 ], [ 110.362735091209387, -7.785049949527222 ], [ 110.362772944238074, -7.78512512147377 ], [ 110.362801792010146, -7.785204168377494 ], [ 110.362821243438276, -7.78528602052097 ], [ 110.362831035366483, -7.785369571293359 ], [ 110.362831035270901, -7.785453690762288 ], [ 110.362821243957541, -7.785537241054367 ], [ 110.362801792816057, -7.785619093536909 ], [ 110.362772945616186, -7.785698140579294 ], [ 110.362735092135011, -7.785773311824734 ], [ 110.362688744500872, -7.785843593179605 ], [ 110.36263452902304, -7.785908032228383 ], [ 110.362573178905038, -7.785965759026709 ], [ 110.362505525167194, -7.786015991514914 ], [ 110.362432480297443, -7.786058051774874 ], [ 110.362355034617863, -7.786091369642738 ], [ 110.362274233592331, -7.786115495338112 ], [ 110.362191170565296, -7.786130103071309 ], [ 110.36210696861886, -7.786134993729679 ], [ 110.362022766956215, -7.786130102997736 ], [ 110.361939704586177, -7.786115495001028 ], [ 110.361858903080247, -7.786091369516303 ], [ 110.361781457519484, -7.786058051103563 ], [ 110.361708412910019, -7.786015991784013 ], [ 110.361640758759052, -7.785965759273136 ], [ 110.36157940912922, -7.785908032427924 ], [ 110.3615251935815, -7.785843593092421 ], [ 110.361478845405841, -7.785773312512185 ], [ 110.361440992568419, -7.785698140466362 ], [ 110.361412145032673, -7.785619093489788 ], [ 110.361392693873171, -7.785537241303871 ], [ 110.361382902231398, -7.785453690521684 ], [ 110.361382902615787, -7.78536957107615 ], [ 110.361392694204767, -7.785286020839385 ], [ 110.361412145593818, -7.785204168441108 ], [ 110.36144099299986, -7.785125121507391 ], [ 110.361478846636061, -7.785049949484659 ], [ 110.361525194361676, -7.784979669173192 ], [ 110.361579409866565, -7.784915230267514 ], [ 110.361640759944365, -7.784857503608769 ], [ 110.361708414483815, -7.784807271250473 ], [ 110.361781458281939, -7.784765211099718 ], [ 110.361858904653189, -7.784731893319862 ], [ 110.361939704517624, -7.784707767681157 ], [ 110.362022767265231, -7.784693159974271 ], [ 110.362106968922063, -7.784688269309058 ], [ 110.362191170300576, -7.784693160001378 ], [ 110.362239219948989, -7.784701609834025 ], [ 110.362224403841722, -7.784690609511817 ], [ 110.36216305429636, -7.784632882756157 ], [ 110.362108838801447, -7.784568443497485 ], [ 110.36206249155444, -7.78449816207717 ], [ 110.362024637797759, -7.78442299007846 ], [ 110.361995790215772, -7.784343944039587 ], [ 110.361976339886397, -7.784262091872511 ], [ 110.36196654813692, -7.784178541091832 ], [ 110.361966548384203, -7.784094421631864 ], [ 110.361976339809871, -7.784010870460371 ], [ 110.361995791007516, -7.783929018921007 ], [ 110.362024639107673, -7.78384997192829 ], [ 110.362062492511171, -7.783774799831275 ], [ 110.362108839987343, -7.783704519432619 ], [ 110.362163055229416, -7.783640080427969 ], [ 110.362224405034553, -7.783582353659872 ], [ 110.362292059295214, -7.783532121183272 ], [ 110.362365102810827, -7.783490061811397 ], [ 110.362442548902365, -7.783456743900282 ], [ 110.362523349399211, -7.78343261812782 ], [ 110.362606411881245, -7.783418010283769 ], [ 110.362690612378117, -7.783413119479869 ], [ 110.362774813518129, -7.783418010941073 ], [ 110.362857876315132, -7.783432617832228 ], [ 110.362938676489847, -7.783456743091642 ], [ 110.363016122605259, -7.783490061267211 ], [ 110.36308916603825, -7.783532121244773 ], [ 110.363156820013785, -7.78358235351264 ], [ 110.363218169565727, -7.783640080126035 ], [ 110.363272385133882, -7.783704519249753 ], [ 110.36331873251676, -7.783774800549694 ] ], [ [ 110.362648511919915, -7.78449571724326 ], [ 110.362690612142998, -7.784498162988021 ], [ 110.362732713407595, -7.784495717137744 ], [ 110.362774244298549, -7.784488414109691 ], [ 110.362814645096421, -7.784476350750113 ], [ 110.362853367769418, -7.784459691761395 ], [ 110.362889889589667, -7.784438661581744 ], [ 110.362923716759482, -7.78441354529524 ], [ 110.362954391676439, -7.784384682311103 ], [ 110.362981499287329, -7.784352462755127 ], [ 110.363004673444735, -7.784317322052159 ], [ 110.363023599634715, -7.784279736407522 ], [ 110.363038023154033, -7.784240212869747 ], [ 110.363047749114173, -7.784199286616905 ], [ 110.363052644268848, -7.784157511914247 ], [ 110.363052644284195, -7.78411545217549 ], [ 110.36304774920967, -7.784073676337944 ], [ 110.363038023490134, -7.784032750721901 ], [ 110.363023599611225, -7.783993227277523 ], [ 110.363004672661845, -7.783955640863129 ], [ 110.362981498532562, -7.783920501101949 ], [ 110.36295439121109, -7.783888281523897 ], [ 110.362923716436626, -7.783859417747158 ], [ 110.36288988989547, -7.783834301143914 ], [ 110.362853367255852, -7.783813271589286 ], [ 110.362814644174819, -7.78379661293893 ], [ 110.36277424451373, -7.783784549393248 ], [ 110.362732713081655, -7.783777246391147 ], [ 110.362690612929583, -7.783774800656283 ], [ 110.362648511737362, -7.783777246508271 ], [ 110.362606980916254, -7.783784549529758 ], [ 110.362566580181905, -7.783796612874806 ], [ 110.362527857562696, -7.783813271841885 ], [ 110.362491335783645, -7.783834301993894 ], [ 110.362457508640148, -7.783859418248248 ], [ 110.362426833733224, -7.783888281197498 ], [ 110.362399726115584, -7.783920500717706 ], [ 110.362376551934943, -7.783955641385957 ], [ 110.362357625706551, -7.783993226998798 ], [ 110.36234320213569, -7.784032750509411 ], [ 110.362333476113676, -7.784073676741197 ], [ 110.362328579983199, -7.784115451428669 ], [ 110.362328580802568, -7.784157511162948 ], [ 110.362333475805499, -7.784199287002944 ], [ 110.362343201457904, -7.784240212629606 ], [ 110.362357625277753, -7.78427973609219 ], [ 110.362376552179313, -7.7843173225314 ], [ 110.362399726274631, -7.784352462322689 ], [ 110.362426833576421, -7.784384682838973 ], [ 110.362457508350602, -7.784413545746772 ], [ 110.362491334906849, -7.784438662385497 ], [ 110.362527857577504, -7.784459691973609 ], [ 110.362566580703799, -7.784476350653658 ], [ 110.362606980421972, -7.784488414223598 ], [ 110.362648511919915, -7.78449571724326 ] ], [ [ 110.362064868390902, -7.785770866821102 ], [ 110.362106968732547, -7.785773312633689 ], [ 110.362149069216784, -7.785770866850732 ], [ 110.362190601147475, -7.785763563892604 ], [ 110.362231001175672, -7.785751500599225 ], [ 110.362269724895484, -7.7857348416775 ], [ 110.362306246856306, -7.785713811560662 ], [ 110.36234007416553, -7.785688695333301 ], [ 110.362370748311903, -7.785659832402491 ], [ 110.362397856055566, -7.785627611991477 ], [ 110.36242103033635, -7.785592472236591 ], [ 110.362439956644039, -7.785554885724575 ], [ 110.362454381175311, -7.785515363122834 ], [ 110.362464106323543, -7.785474436891413 ], [ 110.362469002468814, -7.785432661300712 ], [ 110.362469001645792, -7.785390601567826 ], [ 110.362464105718161, -7.785348825728133 ], [ 110.362454380943916, -7.785307900104711 ], [ 110.362439957087417, -7.785268376643734 ], [ 110.362421030142826, -7.785230791109623 ], [ 110.362397856004719, -7.785195650412403 ], [ 110.362370748656843, -7.785163430795936 ], [ 110.362340073838752, -7.785134567878956 ], [ 110.362306246333134, -7.78510945122381 ], [ 110.362269724528389, -7.785088421614971 ], [ 110.362231001363156, -7.785071762000188 ], [ 110.362190600695854, -7.785059699294249 ], [ 110.362149069154768, -7.785052396226082 ], [ 110.362106968884149, -7.785049950423377 ], [ 110.362064868472316, -7.785052396208066 ], [ 110.362023336611486, -7.785059699159614 ], [ 110.361982936646825, -7.785071762438467 ], [ 110.361944212980831, -7.78508842133855 ], [ 110.361907691061177, -7.785109451427745 ], [ 110.361873863778285, -7.785134567622952 ], [ 110.361843189641959, -7.785163430518883 ], [ 110.361816081892911, -7.785195649989619 ], [ 110.361792907587557, -7.785230790614285 ], [ 110.361773981241427, -7.78526837709448 ], [ 110.361759556658626, -7.785307899669069 ], [ 110.361749831448506, -7.785348825879426 ], [ 110.361744935234327, -7.785390601456279 ], [ 110.361744935985143, -7.785432661183338 ], [ 110.361749831841152, -7.785474437025479 ], [ 110.36175955654825, -7.785515362659514 ], [ 110.361773980345674, -7.785554886138697 ], [ 110.361792907242446, -7.785592471697615 ], [ 110.361816081346561, -7.785627612424945 ], [ 110.361843188676133, -7.785659832075134 ], [ 110.361873863492562, -7.785688695027706 ], [ 110.361907691013272, -7.785713811718328 ], [ 110.361944212849025, -7.785734841360672 ], [ 110.361982936059547, -7.785751501005141 ], [ 110.362023336783963, -7.785763563735364 ], [ 110.362064868390902, -7.785770866821102 ] ] ], [ [ [ 110.357286868581312, -7.784273876041021 ], [ 110.357324722354861, -7.78434904839479 ], [ 110.357353569942788, -7.784428094681588 ], [ 110.357373021176699, -7.78450994699048 ], [ 110.357382812916953, -7.784593497803939 ], [ 110.357382813561316, -7.784677617190384 ], [ 110.357373021208247, -7.784761168177977 ], [ 110.35735357089186, -7.784843020333327 ], [ 110.357324723673088, -7.784922066930668 ], [ 110.357286870247151, -7.784997238525121 ], [ 110.357240521849675, -7.785067519220203 ], [ 110.357186306611368, -7.785131958421068 ], [ 110.357149861311456, -7.785166251924006 ], [ 110.357178242236003, -7.785171243515537 ], [ 110.357259043230684, -7.785195368952642 ], [ 110.357336489122133, -7.785228687247652 ], [ 110.357409533105496, -7.785270746370836 ], [ 110.357477187499541, -7.785320979509756 ], [ 110.357538537350251, -7.785378705089841 ], [ 110.357592753100192, -7.785443144883465 ], [ 110.357639101468706, -7.785513425835337 ], [ 110.35767695449519, -7.78558859726161 ], [ 110.357705802216799, -7.785667643532183 ], [ 110.357725253557831, -7.785749495830409 ], [ 110.35773504537714, -7.785833046638937 ], [ 110.357735045164574, -7.785917166024841 ], [ 110.357725253738607, -7.786000717020446 ], [ 110.357705803412344, -7.786082569188122 ], [ 110.357676955246887, -7.78616161580196 ], [ 110.357666591294603, -7.786182196688497 ], [ 110.357726287245043, -7.786216570737249 ], [ 110.357793941824809, -7.786266802934371 ], [ 110.357855291848225, -7.78632452938533 ], [ 110.357909506854085, -7.786388968243586 ], [ 110.357955855369241, -7.786459249170486 ], [ 110.357993708524191, -7.7865344214812 ], [ 110.358022556357099, -7.786613467736826 ], [ 110.358042007789379, -7.78669532002547 ], [ 110.358051799678648, -7.786778870829893 ], [ 110.358051799513802, -7.786862990217243 ], [ 110.358042008114055, -7.78694654031527 ], [ 110.358022556882489, -7.787028392493943 ], [ 110.357993709602326, -7.787107439126771 ], [ 110.357955856061281, -7.787182611671501 ], [ 110.357909508406181, -7.787252892423393 ], [ 110.357855292954767, -7.787317331688654 ], [ 110.35779394292517, -7.787375057723196 ], [ 110.357726288437789, -7.78742529118986 ], [ 110.357653243809963, -7.787467350566461 ], [ 110.357575797553423, -7.787500669316408 ], [ 110.357494996050889, -7.787524794959698 ], [ 110.357411932653235, -7.787539401719583 ], [ 110.357327730443444, -7.787544293210074 ], [ 110.357243528633745, -7.787539401510881 ], [ 110.357165083073809, -7.78752560639241 ], [ 110.357173556571212, -7.787561264145333 ], [ 110.357183348292821, -7.787644814954039 ], [ 110.357183348847485, -7.787728934325234 ], [ 110.357173557241765, -7.787812485288674 ], [ 110.357154105791167, -7.787894337407179 ], [ 110.357125258280504, -7.787973383959589 ], [ 110.357087404501968, -7.788048555500258 ], [ 110.357041056601517, -7.788118837039311 ], [ 110.356986840904284, -7.788183276170972 ], [ 110.356925490630402, -7.788241002057513 ], [ 110.356857835903511, -7.78829123536377 ], [ 110.356784791042841, -7.788333295474221 ], [ 110.356707344567411, -7.788366613141091 ], [ 110.356626543765685, -7.788390738601644 ], [ 110.356543480177479, -7.788405346078877 ], [ 110.35645927779801, -7.788410237381729 ], [ 110.356375075839068, -7.788405346401455 ], [ 110.356292012403742, -7.788390739086863 ], [ 110.356211210882279, -7.7883666134236 ], [ 110.356133764540687, -7.788333294888108 ], [ 110.35606072019722, -7.788291235518222 ], [ 110.355993065542989, -7.788241002135109 ], [ 110.355931715537935, -7.788183276322387 ], [ 110.355877499741354, -7.788118836316569 ], [ 110.355831151430152, -7.788048556085793 ], [ 110.355793297655879, -7.787973383606305 ], [ 110.355764450181184, -7.787894337230511 ], [ 110.355744999163363, -7.787812484873534 ], [ 110.355735207728316, -7.787728934055222 ], [ 110.355735207462558, -7.787644814707641 ], [ 110.355744999343941, -7.787561263799734 ], [ 110.355764451042091, -7.787479411765696 ], [ 110.355793298758869, -7.787400365322142 ], [ 110.355831152690939, -7.787325193908829 ], [ 110.355877500684088, -7.787254912508811 ], [ 110.355931716408165, -7.787190473520309 ], [ 110.355993066643023, -7.787132746868894 ], [ 110.356060721263006, -7.787082514595647 ], [ 110.356133765958745, -7.787040454595701 ], [ 110.356211212218696, -7.787007137015377 ], [ 110.356292012766048, -7.786983011612713 ], [ 110.356375076074698, -7.786968404161606 ], [ 110.356459278164465, -7.786963512851711 ], [ 110.356543479839218, -7.786968403792149 ], [ 110.356621927079672, -7.786982199923139 ], [ 110.356613453640207, -7.786946540353967 ], [ 110.356603662037458, -7.786862989539912 ], [ 110.356603661584245, -7.786778870174751 ], [ 110.356613454167942, -7.786695319229088 ], [ 110.356632905645654, -7.786613468039357 ], [ 110.356661753131917, -7.786534421515344 ], [ 110.35667211623435, -7.786513840657023 ], [ 110.356612422154399, -7.786479467371178 ], [ 110.356544767700171, -7.78642923409022 ], [ 110.356483417856253, -7.786371508367814 ], [ 110.356429202179768, -7.786307068439238 ], [ 110.356382853947352, -7.786236787367077 ], [ 110.356345001112317, -7.786161615841616 ], [ 110.356316153627162, -7.786082569498364 ], [ 110.356296702554843, -7.786000717157842 ], [ 110.356286911022011, -7.785917166339695 ], [ 110.35628691061649, -7.785833046975974 ], [ 110.356296703224984, -7.78574949603725 ], [ 110.356316153798744, -7.785667643954006 ], [ 110.356345001263335, -7.785588597447632 ], [ 110.356382855818879, -7.785513425958756 ], [ 110.356429203501122, -7.785443144468672 ], [ 110.356483418891045, -7.785378705378252 ], [ 110.356519864258843, -7.785344412843347 ], [ 110.356491483332832, -7.785339422112 ], [ 110.356410683275442, -7.785315295627003 ], [ 110.356333236547371, -7.785281978070842 ], [ 110.356260192686079, -7.785239917866384 ], [ 110.356192538463745, -7.785189685450511 ], [ 110.356131188839981, -7.785131958787963 ], [ 110.3560769733634, -7.785067519732545 ], [ 110.35603062621901, -7.7849972386351 ], [ 110.355992772636881, -7.784922066182201 ], [ 110.355963925285394, -7.784843019822715 ], [ 110.355944474320154, -7.784761167471551 ], [ 110.355934682866362, -7.784677616648486 ], [ 110.355934682510778, -7.784593497285651 ], [ 110.355944475139395, -7.784509946353571 ], [ 110.35596392570325, -7.784428094282654 ], [ 110.355992773128023, -7.784349047794112 ], [ 110.356030626707437, -7.784273876326979 ], [ 110.356076975197581, -7.784203595770883 ], [ 110.356131190464112, -7.784139155808615 ], [ 110.356192539287576, -7.784081429984697 ], [ 110.356260194274014, -7.784031197631902 ], [ 110.356333237492322, -7.783989137545396 ], [ 110.356410684066361, -7.783955819878185 ], [ 110.356491484007933, -7.783931693480862 ], [ 110.356574546701907, -7.783917086843421 ], [ 110.35665874818055, -7.783912195443265 ], [ 110.356742949254624, -7.783917086295238 ], [ 110.356826011844447, -7.783931693453851 ], [ 110.356906811673554, -7.783955819841553 ], [ 110.356984258220663, -7.783989137278852 ], [ 110.357057301958051, -7.784031197349247 ], [ 110.357124956120217, -7.784081429623135 ], [ 110.357186305750815, -7.78413915614338 ], [ 110.357240521300838, -7.784203595063873 ], [ 110.357286868581312, -7.784273876041021 ] ], [ [ 110.356616647552002, -7.78499479315214 ], [ 110.356658747742102, -7.784997238592362 ], [ 110.356700849042781, -7.784994793347867 ], [ 110.356742380041112, -7.784987490018684 ], [ 110.356782780106556, -7.784975427250566 ], [ 110.356821503021578, -7.784958767931579 ], [ 110.356858025145328, -7.784937738299847 ], [ 110.356891852678785, -7.784912621623029 ], [ 110.356922527106363, -7.784883758206484 ], [ 110.35694963518165, -7.784851539076873 ], [ 110.356972808938522, -7.784816398746034 ], [ 110.356991735671357, -7.784778812512462 ], [ 110.357006158853025, -7.784739289226702 ], [ 110.357015884495624, -7.784698363160267 ], [ 110.357020780253137, -7.784656587672718 ], [ 110.357020780873981, -7.78461452798382 ], [ 110.357015884586886, -7.784572752122938 ], [ 110.357006159456276, -7.784531826416163 ], [ 110.356991735239106, -7.78449230281073 ], [ 110.356972808829028, -7.784454717074389 ], [ 110.356949634298175, -7.784419577021648 ], [ 110.356922527439949, -7.78438735709367 ], [ 110.356891852172055, -7.784358493815064 ], [ 110.35685802508344, -7.784333377660381 ], [ 110.356821502745802, -7.784312347607734 ], [ 110.356782779903796, -7.784295688422659 ], [ 110.35674237950586, -7.784283626120469 ], [ 110.356700848178036, -7.784276322532356 ], [ 110.356658748058948, -7.784273877102088 ], [ 110.356616647737582, -7.78427632234972 ], [ 110.356575115902203, -7.784283625671015 ], [ 110.356534715900338, -7.78429568842465 ], [ 110.356495993039161, -7.784312347722011 ], [ 110.356459470956622, -7.784333377326129 ], [ 110.356425643449526, -7.78435849397083 ], [ 110.356394969032053, -7.784387357352486 ], [ 110.356367860950058, -7.784419576446316 ], [ 110.356344687170022, -7.784454716742433 ], [ 110.356325760398818, -7.784492302944157 ], [ 110.356311337165636, -7.784531826202729 ], [ 110.356301611461177, -7.784572752248057 ], [ 110.35629671563477, -7.784614527721727 ], [ 110.356296714941749, -7.784656587404711 ], [ 110.356301611157221, -7.784698363267996 ], [ 110.356311336220642, -7.784739288985352 ], [ 110.356325760378724, -7.784778812608955 ], [ 110.35634468674094, -7.784816398370081 ], [ 110.356367861237771, -7.784851538452873 ], [ 110.356394968077623, -7.784883758414604 ], [ 110.356425643343826, -7.784912621728765 ], [ 110.356459470447476, -7.784937737918952 ], [ 110.356495992816093, -7.784958768005112 ], [ 110.356534715703347, -7.784975427219904 ], [ 110.356575116158353, -7.784987489546416 ], [ 110.356616647552002, -7.78499479315214 ] ], [ [ 110.356968877039776, -7.786234342442506 ], [ 110.357010978264853, -7.786236787859263 ], [ 110.357053078783764, -7.786234342588498 ], [ 110.357094610809568, -7.786227039236064 ], [ 110.357135010989325, -7.786214976443979 ], [ 110.357173734010885, -7.786198317101943 ], [ 110.35721025623198, -7.786177287448423 ], [ 110.357244083852237, -7.786152170751344 ], [ 110.357274758354919, -7.786123307316398 ], [ 110.357301866492577, -7.786091088170448 ], [ 110.35732504029825, -7.786055947825539 ], [ 110.357343967065688, -7.786018361580398 ], [ 110.357358390267251, -7.785978838285719 ], [ 110.357368115914781, -7.785937912213117 ], [ 110.357373011662219, -7.785896136722251 ], [ 110.357373012258066, -7.785854077032941 ], [ 110.357368115930072, -7.785812302079028 ], [ 110.357358390747294, -7.78577137547306 ], [ 110.357343966461883, -7.785731852780249 ], [ 110.357325039973944, -7.785694266150203 ], [ 110.357301865352554, -7.785659126110812 ], [ 110.357274758393686, -7.785626906198496 ], [ 110.357244083016411, -7.785598042937732 ], [ 110.357210255811182, -7.785572926802773 ], [ 110.35717373425814, -7.78555189677286 ], [ 110.357135010382876, -7.785535237609115 ], [ 110.357094610763227, -7.78552317533204 ], [ 110.357053079306198, -7.78551587176838 ], [ 110.357010978152147, -7.78551342636158 ], [ 110.35696887770564, -7.785515871634102 ], [ 110.356927345749725, -7.785523174979984 ], [ 110.356886945633534, -7.785535237757617 ], [ 110.356848222665818, -7.785551897078006 ], [ 110.356811700485949, -7.785572926703906 ], [ 110.356777872892053, -7.785598043368856 ], [ 110.356747198399489, -7.785626906768926 ], [ 110.356720090255109, -7.785659125879092 ], [ 110.356696916426259, -7.785694266189239 ], [ 110.356677989620451, -7.785731852402546 ], [ 110.356663566367359, -7.785771375670023 ], [ 110.356653840657941, -7.785812301721511 ], [ 110.356648944841623, -7.785854077198504 ], [ 110.356648944173557, -7.785896136881938 ], [ 110.356653840429942, -7.785937911838237 ], [ 110.356663565545531, -7.785978838454779 ], [ 110.356677989771825, -7.786018361165765 ], [ 110.356696916211902, -7.786055947820603 ], [ 110.356720090799271, -7.786091087890089 ], [ 110.356747197739779, -7.786123307836124 ], [ 110.356777873115362, -7.786152171132485 ], [ 110.356811700335641, -7.786177287302949 ], [ 110.356848221919648, -7.786198317366376 ], [ 110.356886945840174, -7.786214976559846 ], [ 110.356927345516908, -7.786227038861242 ], [ 110.356968877039776, -7.786234342442506 ] ], [ [ 110.35699474174433, -7.786964185051683 ], [ 110.357013668249323, -7.78700177169649 ], [ 110.357036842003097, -7.787036911752131 ], [ 110.357063949931259, -7.787069131684802 ], [ 110.357094625393884, -7.787097994964356 ], [ 110.357128452706348, -7.78712311111617 ], [ 110.357164974386436, -7.787144141159356 ], [ 110.357203697500083, -7.787160799425386 ], [ 110.357244098182292, -7.787172862610081 ], [ 110.357285629804991, -7.787180166168048 ], [ 110.357327731128464, -7.787182611561096 ], [ 110.357369831743, -7.787180166266541 ], [ 110.357411362953428, -7.787172862889178 ], [ 110.357451764126338, -7.78716080007547 ], [ 110.357490487227693, -7.787144140711305 ], [ 110.357527009521007, -7.78712311103682 ], [ 110.357560836298049, -7.787097994318874 ], [ 110.357591511760575, -7.787069131771996 ], [ 110.35761861903687, -7.787036911704321 ], [ 110.357641793782932, -7.787001771347114 ], [ 110.357660720572639, -7.786964185090675 ], [ 110.357675143785031, -7.786924661787164 ], [ 110.35768486943175, -7.78688373570838 ], [ 110.357689765166768, -7.786841960214058 ], [ 110.357689765738769, -7.786799900524009 ], [ 110.357684869375802, -7.786758125572152 ], [ 110.357675144147393, -7.786717198970974 ], [ 110.357660719806347, -7.786677676285644 ], [ 110.357641793252114, -7.786640090570137 ], [ 110.357618619465697, -7.786604949640072 ], [ 110.357591511519175, -7.786572729741142 ], [ 110.357560836054859, -7.786543866497177 ], [ 110.357527008757444, -7.786518750380869 ], [ 110.35749048710835, -7.786497720371199 ], [ 110.357451764039965, -7.786481062134893 ], [ 110.35741136341484, -7.786468998974519 ], [ 110.357369831857994, -7.786461695434164 ], [ 110.357327730605562, -7.786459250051063 ], [ 110.357285630063444, -7.786461695347376 ], [ 110.357244098922905, -7.786468998718196 ], [ 110.357203697813546, -7.786481061517431 ], [ 110.35716497476605, -7.786497720859957 ], [ 110.35712845251399, -7.786518750506816 ], [ 110.35709462576331, -7.786543867192634 ], [ 110.357063950310874, -7.786572729704614 ], [ 110.357036843027871, -7.786604949736503 ], [ 110.357013668258617, -7.786640090058957 ], [ 110.356994741430498, -7.786677676283563 ], [ 110.356980318166606, -7.786717199559871 ], [ 110.356970592457984, -7.786758125617543 ], [ 110.356965696654072, -7.786799901097995 ], [ 110.356965696009851, -7.786841960782145 ], [ 110.356970592301195, -7.786883735736414 ], [ 110.356980317462401, -7.786924662348174 ], [ 110.35699474174433, -7.786964185051683 ] ], [ [ 110.356417176984579, -7.788046110320984 ], [ 110.356459278382005, -7.788048555806827 ], [ 110.356501379081351, -7.788046110606086 ], [ 110.356542910386352, -7.788038807322309 ], [ 110.356583311662362, -7.788026744600635 ], [ 110.356622034873823, -7.788010085325783 ], [ 110.356658557284234, -7.787989054832122 ], [ 110.356692384179638, -7.787963939098868 ], [ 110.356723059765685, -7.787935075721485 ], [ 110.35675016716489, -7.787902855720602 ], [ 110.356773341126029, -7.787867715420723 ], [ 110.356792268035164, -7.787830129214048 ], [ 110.356806691362792, -7.787790605950761 ], [ 110.356816417119049, -7.787749679902064 ], [ 110.35682131295637, -7.787707904427284 ], [ 110.356821313622078, -7.787665844746009 ], [ 110.356816417342927, -7.787624069792027 ], [ 110.356806691279075, -7.78758314408096 ], [ 110.356792267907181, -7.78754362046876 ], [ 110.356773340494087, -7.787506034717776 ], [ 110.356750166742259, -7.787470893743684 ], [ 110.356723058815035, -7.787438674695911 ], [ 110.356692384264093, -7.787409811391359 ], [ 110.356658556958877, -7.787384695205329 ], [ 110.356622034380848, -7.787363665117734 ], [ 110.356583311277959, -7.787347005894584 ], [ 110.356542910602158, -7.7873349435517 ], [ 110.356501378983282, -7.787327639920836 ], [ 110.356459277656896, -7.787325194444946 ], [ 110.356417177029982, -7.787327639647448 ], [ 110.35637564579487, -7.787334942924713 ], [ 110.356335244582453, -7.787347005631895 ], [ 110.356296521424852, -7.787363664885133 ], [ 110.356259999055681, -7.787384695351169 ], [ 110.356226172186666, -7.78740981105229 ], [ 110.356195496610709, -7.787438674394771 ], [ 110.356168389204797, -7.78747089435984 ], [ 110.356145215220494, -7.787506034624983 ], [ 110.356126288272961, -7.787543620799815 ], [ 110.356111863986868, -7.787583144034515 ], [ 110.356102139075674, -7.78762407006347 ], [ 110.35609724316943, -7.787665845524368 ], [ 110.356097242431503, -7.787707905199742 ], [ 110.356102138638988, -7.787749680156127 ], [ 110.35611186463565, -7.787790605877768 ], [ 110.356126287948413, -7.787830129508142 ], [ 110.356145215313646, -7.787867715283922 ], [ 110.356168389031438, -7.787902856288079 ], [ 110.356195496940288, -7.787935075369617 ], [ 110.35622617148951, -7.787963938709738 ], [ 110.356259998809804, -7.787989054931302 ], [ 110.356296521418798, -7.788010085052403 ], [ 110.356335244566964, -7.788026744305283 ], [ 110.356375645299849, -7.788038806672495 ], [ 110.356417176984579, -7.788046110320984 ] ] ], [ [ [ 110.36208273298908, -7.787513931964318 ], [ 110.362120586989121, -7.7875891039703 ], [ 110.36214943476763, -7.787668150008558 ], [ 110.362168886141433, -7.787750002171465 ], [ 110.362178677956678, -7.787833552943478 ], [ 110.362178677690977, -7.787917672392164 ], [ 110.362168886151295, -7.788001223548969 ], [ 110.362149435640006, -7.788083075974067 ], [ 110.362120588116682, -7.788162122034914 ], [ 110.362082734265684, -7.78823729409066 ], [ 110.362036386224403, -7.788307575335379 ], [ 110.361982170306234, -7.788372014259593 ], [ 110.361920820627617, -7.788429740921981 ], [ 110.361853165494423, -7.788479973260632 ], [ 110.361780121028829, -7.788522033364885 ], [ 110.361702673930722, -7.788555351972053 ], [ 110.361621872394366, -7.788579477499057 ], [ 110.361538808864211, -7.788594084157117 ], [ 110.361454607331964, -7.788598975550755 ], [ 110.361370405197761, -7.788594084650537 ], [ 110.361287341474025, -7.788579477393355 ], [ 110.361206540461808, -7.7885553517532 ], [ 110.3611290936187, -7.788522033191244 ], [ 110.361056048676673, -7.788479973734814 ], [ 110.360988394240508, -7.788429741099889 ], [ 110.36092704437668, -7.788372014145104 ], [ 110.360872828649363, -7.788307574715993 ], [ 110.360826480350909, -7.788237294059379 ], [ 110.360788626542245, -7.788162121954112 ], [ 110.360759779000134, -7.788083075843012 ], [ 110.360740327895044, -7.788001223637647 ], [ 110.360730536366319, -7.787917672855845 ], [ 110.360730536920926, -7.787833553430578 ], [ 110.360740328736313, -7.787750002329124 ], [ 110.360759779495254, -7.787668149988329 ], [ 110.360788627224792, -7.78758910403618 ], [ 110.360826481229495, -7.78751393210772 ], [ 110.360872829363657, -7.787443651001949 ], [ 110.360927045308856, -7.787379212220868 ], [ 110.360988394947256, -7.787321485698119 ], [ 110.36105604997509, -7.787271253488049 ], [ 110.361129094275896, -7.787229193494395 ], [ 110.361206541158666, -7.787195874973865 ], [ 110.361287342440747, -7.787171749504925 ], [ 110.361370405691389, -7.787157142873165 ], [ 110.361454606933947, -7.787152251472668 ], [ 110.361538808783934, -7.787157142333233 ], [ 110.361621872244214, -7.787171749520105 ], [ 110.361702673027949, -7.787195875063093 ], [ 110.361780119689882, -7.787229193506258 ], [ 110.361853164507764, -7.787271252828659 ], [ 110.361920818883561, -7.787321485321591 ], [ 110.361982168754025, -7.787379212134031 ], [ 110.362036384554642, -7.787443651428123 ], [ 110.36208273298908, -7.787513931964318 ] ], [ [ 110.361412505786021, -7.788234848642323 ], [ 110.361454607270389, -7.788237294540404 ], [ 110.361496708000274, -7.78823484884273 ], [ 110.361538240184586, -7.788227545065418 ], [ 110.361578640466817, -7.788215482760751 ], [ 110.361617363534805, -7.788198823919561 ], [ 110.361653885747003, -7.788177793881265 ], [ 110.361687713301805, -7.788152676823513 ], [ 110.361718388588869, -7.788123813962708 ], [ 110.361745496551322, -7.788091594518488 ], [ 110.361768670130118, -7.788056453912821 ], [ 110.361787597527609, -7.788018868353793 ], [ 110.361802021315739, -7.787979344884704 ], [ 110.361811746602342, -7.787938418682691 ], [ 110.361816642860106, -7.787896643111887 ], [ 110.36181664212215, -7.787854583389096 ], [ 110.361811746249657, -7.787812808454123 ], [ 110.361802020597025, -7.78777188191511 ], [ 110.361787596737997, -7.787732358434617 ], [ 110.361768670668141, -7.787694772872831 ], [ 110.3617454964686, -7.787659632137425 ], [ 110.36171838812399, -7.787627412472824 ], [ 110.3616877131889, -7.787598549501058 ], [ 110.361653885539312, -7.787573433688421 ], [ 110.361617363569678, -7.787552403106639 ], [ 110.361578640215384, -7.787535744322464 ], [ 110.361538239341485, -7.787523681538142 ], [ 110.361496708484665, -7.787516378389535 ], [ 110.361454607071366, -7.787513932501369 ], [ 110.361412506413885, -7.78751637820076 ], [ 110.361370974299476, -7.787523681971498 ], [ 110.36133057408081, -7.78753574426165 ], [ 110.361291851066653, -7.787552403081159 ], [ 110.361255328895652, -7.78757343309181 ], [ 110.361221501367183, -7.787598550117432 ], [ 110.361190826090194, -7.787627412943327 ], [ 110.361163718120963, -7.787659632351765 ], [ 110.361140544518946, -7.787694772922693 ], [ 110.361121617083029, -7.787732358449905 ], [ 110.361107193243356, -7.787771881891814 ], [ 110.361097467894837, -7.787812808072754 ], [ 110.361092571568136, -7.787854583629716 ], [ 110.361092572233886, -7.787896643346657 ], [ 110.361097468034728, -7.787938418284074 ], [ 110.361107193620185, -7.787979344833706 ], [ 110.36112161742011, -7.788018868332405 ], [ 110.361140543442133, -7.788056453919014 ], [ 110.361163717607681, -7.788091594684523 ], [ 110.36119082593396, -7.788123814382876 ], [ 110.361221500867387, -7.788152677390232 ], [ 110.361255328532081, -7.788177793238369 ], [ 110.361291850532751, -7.788198823853656 ], [ 110.361330573932335, -7.788215482667528 ], [ 110.361370974863348, -7.788227545476142 ], [ 110.361412505786021, -7.788234848642323 ] ] ] ] } },
{ "type": "Feature", "properties": { "distance": 160.0 }, "geometry": { "type": "MultiPolygon", "coordinates": [ [ [ [ 110.360516905538844, -7.780138566658763 ], [ 110.360625335904501, -7.780267445473529 ], [ 110.360718030911102, -7.780408006731413 ], [ 110.360793737348828, -7.780558350891518 ], [ 110.360851431656897, -7.780716443080833 ], [ 110.360890334383143, -7.780880147486868 ], [ 110.36090991831469, -7.781047249077802 ], [ 110.360909918403422, -7.781215487988592 ], [ 110.360890336256858, -7.781382589376427 ], [ 110.360851434651664, -7.781546294166073 ], [ 110.360793741120432, -7.78170438709529 ], [ 110.360718035202709, -7.781854731972038 ], [ 110.36062534025109, -7.781995293370911 ], [ 110.360569025351651, -7.782062229083575 ], [ 110.360544614059776, -7.782129120615643 ], [ 110.360468907968368, -7.782279465431528 ], [ 110.360376213740267, -7.782420026760245 ], [ 110.360267783978912, -7.782548906103172 ], [ 110.360145086000102, -7.782664359052257 ], [ 110.360111911640189, -7.78268899128444 ], [ 110.360204583407665, -7.782829516452053 ], [ 110.360280290020327, -7.782979859802692 ], [ 110.360337985292873, -7.783137952961086 ], [ 110.360360156810046, -7.783231252238619 ], [ 110.360481021259318, -7.783283249336138 ], [ 110.360627109312276, -7.783367368300696 ], [ 110.360762417486796, -7.78346783356263 ], [ 110.360885116773431, -7.783583286516085 ], [ 110.360993547152944, -7.783712164391102 ], [ 110.361086242951842, -7.783852725617297 ], [ 110.361161950044021, -7.784003069748315 ], [ 110.361219644858451, -7.784161162816014 ], [ 110.3612416084367, -7.784253586183807 ], [ 110.361245970195341, -7.784250348274637 ], [ 110.361242483680911, -7.784220599110499 ], [ 110.361242484464242, -7.784052360213944 ], [ 110.361262068498064, -7.783885257927666 ], [ 110.361300971142228, -7.783721554028699 ], [ 110.361358665733448, -7.783563461053724 ], [ 110.361434373599579, -7.783413117892766 ], [ 110.361527068646112, -7.783272556329801 ], [ 110.361635499158638, -7.783143677559072 ], [ 110.361758198727358, -7.783028225066916 ], [ 110.361893506236498, -7.782927760240839 ], [ 110.362039594011307, -7.782843640704499 ], [ 110.362194485979188, -7.782777004968858 ], [ 110.362356085811854, -7.782728753480617 ], [ 110.362522210493864, -7.782699539627847 ], [ 110.36269061210642, -7.782689757110078 ], [ 110.362859014103776, -7.782699539088366 ], [ 110.363025138526183, -7.782728753703596 ], [ 110.363186739552816, -7.782777005031237 ], [ 110.363341630695615, -7.78284364126231 ], [ 110.363487718345809, -7.782927760180382 ], [ 110.363623027142012, -7.783028225480094 ], [ 110.363745725346931, -7.783143677658723 ], [ 110.363854156556414, -7.783272555771222 ], [ 110.363946852366325, -7.7834131173476 ], [ 110.364022559546427, -7.783563461045846 ], [ 110.364080254510881, -7.783721553808212 ], [ 110.364119156882225, -7.783885258016292 ], [ 110.364138741240311, -7.784052359548171 ], [ 110.364138741612024, -7.784220598538188 ], [ 110.364119158681902, -7.784387700141132 ], [ 110.364080257026487, -7.784551405281546 ], [ 110.364022563261216, -7.784709497786558 ], [ 110.363946856008283, -7.784859842360755 ], [ 110.363854161333165, -7.785000404479193 ], [ 110.363745730930304, -7.785129282917704 ], [ 110.363623031200845, -7.785244735968107 ], [ 110.363551615183539, -7.785297762458454 ], [ 110.363555101867803, -7.785327509806996 ], [ 110.363555101965446, -7.785495748768185 ], [ 110.363535518706058, -7.785662850310756 ], [ 110.363496617578974, -7.785826554456924 ], [ 110.363438923386795, -7.785984647745851 ], [ 110.363363216575408, -7.786134992172959 ], [ 110.363270520494481, -7.786275554115695 ], [ 110.363162090471462, -7.786404433262238 ], [ 110.363039391103555, -7.786519886095348 ], [ 110.362904081708763, -7.786620351197596 ], [ 110.362757992712815, -7.786704470924971 ], [ 110.362603100230089, -7.786771107650497 ], [ 110.3624421040264, -7.786819178204116 ], [ 110.362509729995253, -7.786882809976849 ], [ 110.362618160762807, -7.787011688428668 ], [ 110.362710857767624, -7.787152249380647 ], [ 110.362786565958999, -7.787302593293299 ], [ 110.362844260844113, -7.787460686200072 ], [ 110.362883163860403, -7.787624390483393 ], [ 110.362902748685713, -7.787791491114454 ], [ 110.362902749348777, -7.787959730941092 ], [ 110.362883165639573, -7.788126832404145 ], [ 110.36284426395909, -7.788290536432729 ], [ 110.362786569117361, -7.788448629567634 ], [ 110.36271086156907, -7.788598973806354 ], [ 110.36261816558077, -7.788739535530233 ], [ 110.362509734677104, -7.788868414427705 ], [ 110.362387034372716, -7.788983867890758 ], [ 110.362251724906528, -7.789084333602536 ], [ 110.362105634905021, -7.78916845301579 ], [ 110.361950741401756, -7.789235089413668 ], [ 110.361789138980299, -7.789283341431608 ], [ 110.361623011639054, -7.789312555678531 ], [ 110.361454607379315, -7.789322337553078 ], [ 110.361286202826619, -7.789312555713007 ], [ 110.361120076022573, -7.789283341129692 ], [ 110.36095847286272, -7.789235089750807 ], [ 110.360803578993938, -7.789168453412599 ], [ 110.360657489894081, -7.789084333462561 ], [ 110.360522180054474, -7.788983868049298 ], [ 110.360399479425183, -7.7888684149005 ], [ 110.360291048043848, -7.788739535907256 ], [ 110.360198352491281, -7.788598973570505 ], [ 110.360122645065331, -7.788448629260676 ], [ 110.360064950218927, -7.788290536061167 ], [ 110.360026048276112, -7.788126832512518 ], [ 110.360006465505222, -7.787959730939169 ], [ 110.360006465997785, -7.787791491206194 ], [ 110.360026049902871, -7.787624389963188 ], [ 110.360064953480858, -7.787460686273178 ], [ 110.360122649147485, -7.787302593573134 ], [ 110.3601983564036, -7.78715224984212 ], [ 110.360291052764765, -7.787011687769521 ], [ 110.360399484683555, -7.786882809446003 ], [ 110.360522184825641, -7.786767357445978 ], [ 110.36065749387042, -7.786666892248514 ], [ 110.360803583212785, -7.786582773277659 ], [ 110.360958475854716, -7.786516137226388 ], [ 110.361119474786634, -7.786468065434882 ], [ 110.361051847294547, -7.786404432554306 ], [ 110.3609434171793, -7.786275553749681 ], [ 110.360850720965345, -7.786134991564341 ], [ 110.360775014574912, -7.785984647372064 ], [ 110.360717319738399, -7.785826554250636 ], [ 110.360695358933242, -7.78573413810533 ], [ 110.360627113053596, -7.785784809883152 ], [ 110.360481024875938, -7.785868929721801 ], [ 110.360326132417498, -7.785935566518341 ], [ 110.360164531155945, -7.785983818011873 ], [ 110.359998405071281, -7.786013032627474 ], [ 110.359830002149153, -7.786022814866523 ], [ 110.359661598998343, -7.786013032489584 ], [ 110.359495473638745, -7.785983818284272 ], [ 110.359333871042153, -7.785935566395063 ], [ 110.359314166442431, -7.785927089407008 ], [ 110.359233032429515, -7.785961993956089 ], [ 110.359071431066596, -7.786010245021962 ], [ 110.35890530492928, -7.786039460106752 ], [ 110.358736902006697, -7.786049241908719 ], [ 110.358568498904873, -7.786039460003356 ], [ 110.358542662051704, -7.786034916461842 ], [ 110.35858397792525, -7.786097566505964 ], [ 110.358659686241793, -7.786247910126426 ], [ 110.358717381235763, -7.78640600346809 ], [ 110.358756284370415, -7.786569707098523 ], [ 110.358775868435472, -7.786736808697693 ], [ 110.358775869301553, -7.786905047497279 ], [ 110.35875628586804, -7.78707214955645 ], [ 110.358717384559398, -7.787235853999562 ], [ 110.358659689298293, -7.787393947372624 ], [ 110.358583982372522, -7.787544290780414 ], [ 110.358491287153726, -7.787684853327693 ], [ 110.358382855370891, -7.787813732 ], [ 110.358260156176897, -7.787929185114564 ], [ 110.358124846192496, -7.788029650366066 ], [ 110.357978757677458, -7.788113770135675 ], [ 110.357823864043411, -7.788180406816256 ], [ 110.357819804590321, -7.788181619041077 ], [ 110.357791239505133, -7.788259890909424 ], [ 110.357715532100258, -7.788410235022637 ], [ 110.357622836393475, -7.788550797335235 ], [ 110.35751440502456, -7.788679676646267 ], [ 110.357391705341925, -7.788795129464843 ], [ 110.357256394877112, -7.78889559530004 ], [ 110.357110305899127, -7.788979714728342 ], [ 110.356955412731395, -7.789046351053105 ], [ 110.356793809058317, -7.78909460293387 ], [ 110.356627682510592, -7.789123817011369 ], [ 110.356459278368874, -7.789133599611407 ], [ 110.356290873259795, -7.789123817609648 ], [ 110.35612474703268, -7.789094602911347 ], [ 110.355963143762693, -7.789046350582957 ], [ 110.355808249990162, -7.78897971429618 ], [ 110.355662161180632, -7.788895594517792 ], [ 110.355526850902308, -7.788795129417103 ], [ 110.355404150900441, -7.788679676744779 ], [ 110.355295719379399, -7.788550797502659 ], [ 110.355203023802872, -7.788410235113133 ], [ 110.355127316444481, -7.788259890959508 ], [ 110.35506962173163, -7.788101798135269 ], [ 110.35503071996483, -7.787938093379049 ], [ 110.355011137379961, -7.787770992637363 ], [ 110.355011137138703, -7.787602753061317 ], [ 110.355030722084052, -7.787435651302447 ], [ 110.355069624820942, -7.787271947317501 ], [ 110.355127320460539, -7.787113854539252 ], [ 110.355203028479565, -7.786963510935535 ], [ 110.355295724557152, -7.786822949179021 ], [ 110.355404156032165, -7.786694071345198 ], [ 110.355526855553109, -7.786578619085055 ], [ 110.355662165595831, -7.786478153763969 ], [ 110.355686956471914, -7.786463878482819 ], [ 110.355679022261569, -7.78644812344455 ], [ 110.35562132843603, -7.786290029782232 ], [ 110.355582426558769, -7.786126325963425 ], [ 110.355562843779637, -7.785959224317556 ], [ 110.355562844165746, -7.785790984710622 ], [ 110.355582427843046, -7.78562388379048 ], [ 110.355586267961144, -7.785607725142635 ], [ 110.355495197652587, -7.785499479805972 ], [ 110.35540250259163, -7.785358918393974 ], [ 110.355326795617486, -7.785208574293529 ], [ 110.355269102059239, -7.785050480598784 ], [ 110.355230200396107, -7.784886776758725 ], [ 110.355210616868078, -7.784719675101671 ], [ 110.355210618260898, -7.784551435497867 ], [ 110.355230201978458, -7.784384334591 ], [ 110.355269104260501, -7.784220630535018 ], [ 110.355326799316032, -7.784062537666785 ], [ 110.355402506629673, -7.783912193955354 ], [ 110.35549520279703, -7.78377163207623 ], [ 110.35560363335415, -7.783642754103838 ], [ 110.355726332775859, -7.783527301693785 ], [ 110.35586164083081, -7.783426836209367 ], [ 110.356007728915003, -7.783342717054071 ], [ 110.356162620035235, -7.783276080898839 ], [ 110.356324221475219, -7.783227829973804 ], [ 110.356490345678196, -7.78319861581916 ], [ 110.35665874834595, -7.783188833011798 ], [ 110.356827150208701, -7.783198615580419 ], [ 110.356993274218155, -7.78322782982583 ], [ 110.357154875464744, -7.783276080697706 ], [ 110.357309767468323, -7.783342717261086 ], [ 110.357455854820557, -7.783426836363375 ], [ 110.357501187666216, -7.783460494899234 ], [ 110.357519802830168, -7.783301656838502 ], [ 110.357558705920511, -7.783137952486196 ], [ 110.357566817696394, -7.783115724688975 ], [ 110.357463580158154, -7.783056278625761 ], [ 110.357328272070959, -7.782955813287373 ], [ 110.357205574008916, -7.782840360300203 ], [ 110.357097144161102, -7.782711481562642 ], [ 110.357004449075248, -7.782570919584375 ], [ 110.356985708998508, -7.782533703174402 ], [ 110.356907319136255, -7.782440529312877 ], [ 110.356814624169175, -7.782299967301394 ], [ 110.356738918037294, -7.782149623436615 ], [ 110.356681224258168, -7.781991529902305 ], [ 110.356642323129194, -7.781827825243478 ], [ 110.356622740891297, -7.781660724500839 ], [ 110.356622740713817, -7.781492484825542 ], [ 110.356642324542747, -7.781325383773621 ], [ 110.356681227721751, -7.78116167949959 ], [ 110.356738921751443, -7.781003586339197 ], [ 110.356814628851097, -7.780853242269567 ], [ 110.356907323816273, -7.780712680872859 ], [ 110.357015754015805, -7.78058380242293 ], [ 110.357138452125085, -7.780468350388156 ], [ 110.357273759745652, -7.780367885237196 ], [ 110.357419846479189, -7.780283765474029 ], [ 110.357574736254932, -7.780217129588262 ], [ 110.357736336376064, -7.780168878914044 ], [ 110.357902460212003, -7.780139664097313 ], [ 110.358070860756811, -7.780129882433312 ], [ 110.358239261483376, -7.780139664345823 ], [ 110.35838431069412, -7.780165172874737 ], [ 110.358406694758273, -7.780138567093508 ], [ 110.358529392380632, -7.78002311461249 ], [ 110.35866469955505, -7.779922648977254 ], [ 110.358810786794805, -7.779838529604151 ], [ 110.35896567712895, -7.779771894083916 ], [ 110.359127276052959, -7.779723642850743 ], [ 110.3592933996581, -7.779694428371231 ], [ 110.359461800037408, -7.779684646137913 ], [ 110.359630200663247, -7.779694428391278 ], [ 110.359796324502682, -7.779723642353126 ], [ 110.359957923938509, -7.779771893889608 ], [ 110.360112814319365, -7.779838530274908 ], [ 110.360258900245228, -7.779922649275565 ], [ 110.360394208191863, -7.780023114575626 ], [ 110.360516905538844, -7.780138566658763 ] ], [ [ 110.358795831239306, -7.780844861152622 ], [ 110.358766983710552, -7.780923907905764 ], [ 110.358748852828739, -7.781000205765114 ], [ 110.358746467671708, -7.781001976808885 ], [ 110.358685117835833, -7.781059703072795 ], [ 110.358633142052071, -7.781121481228221 ], [ 110.358598414597665, -7.781080204791077 ], [ 110.358537065166203, -7.781022479391837 ], [ 110.358469411279444, -7.780972246457774 ], [ 110.358396367885874, -7.780930186656239 ], [ 110.358318922656053, -7.780896868605561 ], [ 110.358238123295564, -7.780872742524595 ], [ 110.358155061227649, -7.780858135685553 ], [ 110.358070860723089, -7.780853244257157 ], [ 110.35798665985115, -7.780858135989479 ], [ 110.35790359779422, -7.780872742958663 ], [ 110.357822798512828, -7.780896868778327 ], [ 110.357745352610408, -7.780930186763068 ], [ 110.357672309161941, -7.780972246247601 ], [ 110.357604655752411, -7.781022478887966 ], [ 110.357543306677584, -7.781080204975106 ], [ 110.357489092044688, -7.781144644272287 ], [ 110.357442744154952, -7.781214925039397 ], [ 110.357404891134607, -7.781290097590776 ], [ 110.357376043317188, -7.781369143319481 ], [ 110.357356592304811, -7.781450995499384 ], [ 110.357346800980821, -7.781534546506018 ], [ 110.357346800761135, -7.781618665902529 ], [ 110.357356592476009, -7.781702216721985 ], [ 110.357376042721341, -7.781784069029579 ], [ 110.357404890183219, -7.781863115308838 ], [ 110.357442742890697, -7.78193828764323 ], [ 110.357489090895712, -7.782008568589542 ], [ 110.357543305339789, -7.782073008362311 ], [ 110.357587664422056, -7.782114748103683 ], [ 110.357594715316495, -7.782134067348133 ], [ 110.357632568079524, -7.782209239669383 ], [ 110.357678915237017, -7.782279520597694 ], [ 110.357733130651766, -7.782343959447463 ], [ 110.357794479232737, -7.78240168586923 ], [ 110.357862133245561, -7.782451918919706 ], [ 110.357935176829301, -7.782493978827364 ], [ 110.35801262230585, -7.782527296967037 ], [ 110.358093422865906, -7.782551423115236 ], [ 110.358176485259193, -7.782566029992193 ], [ 110.358260686106817, -7.782570921427194 ], [ 110.35834488732344, -7.782566029668486 ], [ 110.358427948803353, -7.782551422638611 ], [ 110.35850874929109, -7.782527296729937 ], [ 110.358586194541189, -7.782493978625933 ], [ 110.3586592381873, -7.782451919001086 ], [ 110.358726892635104, -7.782401686205721 ], [ 110.358788241768977, -7.782343959953449 ], [ 110.358842456386199, -7.782279520490242 ], [ 110.358888804186805, -7.782209239564237 ], [ 110.358891291204216, -7.782204300176084 ], [ 110.358964609312252, -7.782235842685553 ], [ 110.359045408980236, -7.782259968651267 ], [ 110.359128471363817, -7.782274576244529 ], [ 110.359212672180078, -7.782279467486798 ], [ 110.359296873342686, -7.782274575533418 ], [ 110.359379935653635, -7.782259968310952 ], [ 110.359460735136309, -7.782235843114777 ], [ 110.359538181176987, -7.782202524827412 ], [ 110.359611224688805, -7.782160465026235 ], [ 110.359678878079222, -7.782110232063961 ], [ 110.359740227955399, -7.782052505660549 ], [ 110.359794442396094, -7.781988066059939 ], [ 110.359840790010665, -7.781917785013438 ], [ 110.359878642678979, -7.781842613120666 ], [ 110.359907490081198, -7.781763567187999 ], [ 110.359925620801661, -7.781687269267476 ], [ 110.359928005958395, -7.781685498217046 ], [ 110.359989354830034, -7.781627771767297 ], [ 110.360043570080961, -7.781563333031912 ], [ 110.360089916696907, -7.781493051948272 ], [ 110.360127770185315, -7.781417880026438 ], [ 110.360156617508068, -7.781338833164602 ], [ 110.360176067980916, -7.781256980811237 ], [ 110.360185859644702, -7.781173430597925 ], [ 110.360185859292571, -7.781089310249063 ], [ 110.360176067922012, -7.781005760353934 ], [ 110.360156616239678, -7.78092390812905 ], [ 110.360127769205135, -7.780844861093517 ], [ 110.36008991608189, -7.780769688963875 ], [ 110.360043568646532, -7.780699408274798 ], [ 110.359989353952429, -7.780634969705178 ], [ 110.359928004376755, -7.780577242686626 ], [ 110.359860351280219, -7.780527009967014 ], [ 110.359787307801867, -7.780484950399049 ], [ 110.35970986252029, -7.78045163259928 ], [ 110.359629062234831, -7.780427506781789 ], [ 110.359546001091132, -7.780412899314825 ], [ 110.35946180063489, -7.780408009072786 ], [ 110.359377599847079, -7.780412900185285 ], [ 110.359294537906251, -7.780427506533629 ], [ 110.359213737863058, -7.780451632630732 ], [ 110.359136293041161, -7.780484950887034 ], [ 110.359063249792371, -7.780527010629485 ], [ 110.358995595700407, -7.780577242606117 ], [ 110.358934246869055, -7.78063496891637 ], [ 110.35888003158982, -7.780699408413218 ], [ 110.358833684881176, -7.780769689357983 ], [ 110.358795831239306, -7.780844861152622 ] ], [ [ 110.358234074269077, -7.78342726917854 ], [ 110.358224282132298, -7.783510820206772 ], [ 110.358224282055261, -7.783594939609778 ], [ 110.358234073959323, -7.78367849041918 ], [ 110.358253524437842, -7.783760342700294 ], [ 110.358282371266853, -7.78383938893563 ], [ 110.358320225192429, -7.78391456121336 ], [ 110.358365168329726, -7.783982713458835 ], [ 110.358338348030713, -7.783998157187091 ], [ 110.358270694177079, -7.784048389893479 ], [ 110.358209344711568, -7.784106116040332 ], [ 110.358155128839812, -7.784170555388742 ], [ 110.358108781588257, -7.784240836201994 ], [ 110.35807092746046, -7.784316007883834 ], [ 110.358042080416269, -7.784395054545841 ], [ 110.358022629342955, -7.784476906743869 ], [ 110.35801283712469, -7.784560456853213 ], [ 110.358012836988323, -7.78464457624866 ], [ 110.358022628857455, -7.784728127057414 ], [ 110.358042079325841, -7.78480997934481 ], [ 110.358070927075261, -7.784889026499164 ], [ 110.358108780134941, -7.78496419789079 ], [ 110.358155127641055, -7.785034478789182 ], [ 110.358209343451705, -7.785098918509081 ], [ 110.358270692473212, -7.785156644892505 ], [ 110.35833834696389, -7.785206877901171 ], [ 110.358411391056322, -7.785248937764166 ], [ 110.358488837065522, -7.785282255856872 ], [ 110.358569638176391, -7.785306381051952 ], [ 110.358652700220119, -7.785320988782432 ], [ 110.358736901628276, -7.785325880167496 ], [ 110.358821103399606, -7.785320988359209 ], [ 110.358904166327846, -7.785306381282177 ], [ 110.358984967336326, -7.78528225532664 ], [ 110.359062413079485, -7.785248937178081 ], [ 110.359135457184323, -7.785206877511609 ], [ 110.359203111143387, -7.785156644676713 ], [ 110.359264460649214, -7.785098918390317 ], [ 110.359294569560049, -7.785063132626878 ], [ 110.35930244286476, -7.785072490821665 ], [ 110.359363792950788, -7.785130217964762 ], [ 110.359431446676382, -7.785180449903487 ], [ 110.359504490887502, -7.785222510491252 ], [ 110.359581936994701, -7.785255828390973 ], [ 110.359662738178827, -7.785279954286993 ], [ 110.359745800274155, -7.785294560901523 ], [ 110.359830001707508, -7.78529945207014 ], [ 110.359914203477231, -7.78529456094784 ], [ 110.359997266379835, -7.785279953653165 ], [ 110.360078067336275, -7.785255828388319 ], [ 110.360155513004386, -7.78522251003267 ], [ 110.360228557010814, -7.785180450168617 ], [ 110.360296211756378, -7.785130217149703 ], [ 110.360357561120026, -7.785072491597125 ], [ 110.36041177589864, -7.785008051950557 ], [ 110.360458123788746, -7.784937770865146 ], [ 110.360495977573407, -7.784862598942337 ], [ 110.36052482511748, -7.784783552081701 ], [ 110.360544275733659, -7.784701699731726 ], [ 110.360554067460853, -7.784618149523937 ], [ 110.36055406709005, -7.784534030087181 ], [ 110.360544275623013, -7.784450479297062 ], [ 110.360524823763654, -7.784368627083531 ], [ 110.360495976475292, -7.784289580061031 ], [ 110.360458123023477, -7.784214408850429 ], [ 110.360411775192006, -7.784144128177154 ], [ 110.36035756003956, -7.784079688719921 ], [ 110.360296209945446, -7.784021962623621 ], [ 110.360228556281513, -7.783971729922376 ], [ 110.360155512194396, -7.783929669468607 ], [ 110.360078066268244, -7.783896351687656 ], [ 110.359997265312458, -7.783872225888838 ], [ 110.359914203480429, -7.783857619344645 ], [ 110.359830002331194, -7.783852728215735 ], [ 110.35974580085103, -7.783857619344963 ], [ 110.359662738229218, -7.783872225708909 ], [ 110.35958628909404, -7.783895052278252 ], [ 110.359614319463034, -7.783839389450457 ], [ 110.359643166174848, -7.783760342652379 ], [ 110.359662616895406, -7.783678490348992 ], [ 110.359672408756637, -7.783594939265319 ], [ 110.359672408544952, -7.783510819838821 ], [ 110.359662616354498, -7.783427269039101 ], [ 110.359643165607366, -7.783345416800323 ], [ 110.359614318542029, -7.78326637063769 ], [ 110.359576464425118, -7.783191198459144 ], [ 110.359530116846869, -7.78312091770725 ], [ 110.359475901955662, -7.78305647906038 ], [ 110.359414552131327, -7.78299875195119 ], [ 110.35934689873659, -7.782948520033291 ], [ 110.359273854917234, -7.782906460351732 ], [ 110.359196409255091, -7.78287314242914 ], [ 110.35911560855466, -7.782849016481248 ], [ 110.359032546060263, -7.782834408876692 ], [ 110.358948345138799, -7.782829517589967 ], [ 110.358864144773463, -7.782834409466063 ], [ 110.358781082338226, -7.782849016576462 ], [ 110.358700281800068, -7.782873141628392 ], [ 110.358622836485239, -7.782906459747699 ], [ 110.358549792753607, -7.782948519358681 ], [ 110.358482138194006, -7.782998752115653 ], [ 110.358420788919332, -7.783056478310718 ], [ 110.358366574132575, -7.783120917704315 ], [ 110.358320226137081, -7.783191198555018 ], [ 110.358282372154932, -7.783266370270164 ], [ 110.358253525237075, -7.78334541695951 ], [ 110.358234074269077, -7.78342726917854 ] ], [ [ 110.36216305429636, -7.784632882756157 ], [ 110.362224403841722, -7.784690609511817 ], [ 110.362239219948989, -7.784701609834025 ], [ 110.362191170300576, -7.784693160001378 ], [ 110.362106968922063, -7.784688269309058 ], [ 110.362022767265231, -7.784693159974271 ], [ 110.361939704517624, -7.784707767681157 ], [ 110.361858904653189, -7.784731893319862 ], [ 110.361781458281939, -7.784765211099718 ], [ 110.361708414483815, -7.784807271250473 ], [ 110.361640759944365, -7.784857503608769 ], [ 110.361579409866565, -7.784915230267514 ], [ 110.361525194361676, -7.784979669173192 ], [ 110.361478846636061, -7.785049949484659 ], [ 110.36144099299986, -7.785125121507391 ], [ 110.361412145593818, -7.785204168441108 ], [ 110.361392694204767, -7.785286020839385 ], [ 110.361382902615787, -7.78536957107615 ], [ 110.361382902231398, -7.785453690521684 ], [ 110.361392693873171, -7.785537241303871 ], [ 110.361412145032673, -7.785619093489788 ], [ 110.361440992568419, -7.785698140466362 ], [ 110.361478845405841, -7.785773312512185 ], [ 110.3615251935815, -7.785843593092421 ], [ 110.36157940912922, -7.785908032427924 ], [ 110.361640758759052, -7.785965759273136 ], [ 110.361708412910019, -7.786015991784013 ], [ 110.361781457519484, -7.786058051103563 ], [ 110.361858903080247, -7.786091369516303 ], [ 110.361939704586177, -7.786115495001028 ], [ 110.362022766956215, -7.786130102997736 ], [ 110.36210696861886, -7.786134993729679 ], [ 110.362191170565296, -7.786130103071309 ], [ 110.362274233592331, -7.786115495338112 ], [ 110.362355034617863, -7.786091369642738 ], [ 110.362432480297443, -7.786058051774874 ], [ 110.362505525167194, -7.786015991514914 ], [ 110.362573178905038, -7.785965759026709 ], [ 110.36263452902304, -7.785908032228383 ], [ 110.362688744500872, -7.785843593179605 ], [ 110.362735092135011, -7.785773311824734 ], [ 110.362772945616186, -7.785698140579294 ], [ 110.362801792816057, -7.785619093536909 ], [ 110.362821243957541, -7.785537241054367 ], [ 110.362831035270901, -7.785453690762288 ], [ 110.362831035366483, -7.785369571293359 ], [ 110.362821243438276, -7.78528602052097 ], [ 110.362801792010146, -7.785204168377494 ], [ 110.362772944238074, -7.78512512147377 ], [ 110.362735091209387, -7.785049949527222 ], [ 110.362688742897802, -7.784979669067362 ], [ 110.362634527276839, -7.784915229866832 ], [ 110.362573177638993, -7.784857504068428 ], [ 110.362558362425233, -7.784846502853673 ], [ 110.362606411194662, -7.784854952645287 ], [ 110.362690612618763, -7.784859844146091 ], [ 110.36277481431209, -7.784854953350377 ], [ 110.362857876166572, -7.784840345478646 ], [ 110.362938676917565, -7.78481621964816 ], [ 110.363016123224298, -7.784782901650405 ], [ 110.363089166904587, -7.784740842167969 ], [ 110.363156821270522, -7.784690609562842 ], [ 110.363218171115847, -7.784632882655171 ], [ 110.36327238633082, -7.784568443507442 ], [ 110.363318733715516, -7.784498162065411 ], [ 110.363356586963988, -7.784422990745726 ], [ 110.363385434858017, -7.78434394364437 ], [ 110.3634048849012, -7.784262092019408 ], [ 110.363414676958214, -7.784178540794001 ], [ 110.363414676916747, -7.784094421310647 ], [ 110.363404884880879, -7.784010870539781 ], [ 110.36338543337601, -7.783929018413811 ], [ 110.36335658646469, -7.783849972449148 ], [ 110.36331873251676, -7.783774800549694 ], [ 110.363272385133882, -7.783704519249753 ], [ 110.363218169565727, -7.783640080126035 ], [ 110.363156820013785, -7.78358235351264 ], [ 110.36308916603825, -7.783532121244773 ], [ 110.363016122605259, -7.783490061267211 ], [ 110.362938676489847, -7.783456743091642 ], [ 110.362857876315132, -7.783432617832228 ], [ 110.362774813518129, -7.783418010941073 ], [ 110.362690612378117, -7.783413119479869 ], [ 110.362606411881245, -7.783418010283769 ], [ 110.362523349399211, -7.78343261812782 ], [ 110.362442548902365, -7.783456743900282 ], [ 110.362365102810827, -7.783490061811397 ], [ 110.362292059295214, -7.783532121183272 ], [ 110.362224405034553, -7.783582353659872 ], [ 110.362163055229416, -7.783640080427969 ], [ 110.362108839987343, -7.783704519432619 ], [ 110.362062492511171, -7.783774799831275 ], [ 110.362024639107673, -7.78384997192829 ], [ 110.361995791007516, -7.783929018921007 ], [ 110.361976339809871, -7.784010870460371 ], [ 110.361966548384203, -7.784094421631864 ], [ 110.36196654813692, -7.784178541091832 ], [ 110.361976339886397, -7.784262091872511 ], [ 110.361995790215772, -7.784343944039587 ], [ 110.362024637797759, -7.78442299007846 ], [ 110.36206249155444, -7.78449816207717 ], [ 110.362108838801447, -7.784568443497485 ], [ 110.36216305429636, -7.784632882756157 ] ], [ [ 110.357538537350251, -7.785378705089841 ], [ 110.357477187499541, -7.785320979509756 ], [ 110.357409533105496, -7.785270746370836 ], [ 110.357336489122133, -7.785228687247652 ], [ 110.357259043230684, -7.785195368952642 ], [ 110.357178242236003, -7.785171243515537 ], [ 110.357149861311456, -7.785166251924006 ], [ 110.357186306611368, -7.785131958421068 ], [ 110.357240521849675, -7.785067519220203 ], [ 110.357286870247151, -7.784997238525121 ], [ 110.357324723673088, -7.784922066930668 ], [ 110.35735357089186, -7.784843020333327 ], [ 110.357373021208247, -7.784761168177977 ], [ 110.357382813561316, -7.784677617190384 ], [ 110.357382812916953, -7.784593497803939 ], [ 110.357373021176699, -7.78450994699048 ], [ 110.357353569942788, -7.784428094681588 ], [ 110.357324722354861, -7.78434904839479 ], [ 110.357286868581312, -7.784273876041021 ], [ 110.357240521300838, -7.784203595063873 ], [ 110.357186305750815, -7.78413915614338 ], [ 110.357124956120217, -7.784081429623135 ], [ 110.357057301958051, -7.784031197349247 ], [ 110.356984258220663, -7.783989137278852 ], [ 110.356906811673554, -7.783955819841553 ], [ 110.356826011844447, -7.783931693453851 ], [ 110.356742949254624, -7.783917086295238 ], [ 110.35665874818055, -7.783912195443265 ], [ 110.356574546701907, -7.783917086843421 ], [ 110.356491484007933, -7.783931693480862 ], [ 110.356410684066361, -7.783955819878185 ], [ 110.356333237492322, -7.783989137545396 ], [ 110.356260194274014, -7.784031197631902 ], [ 110.356192539287576, -7.784081429984697 ], [ 110.356131190464112, -7.784139155808615 ], [ 110.356076975197581, -7.784203595770883 ], [ 110.356030626707437, -7.784273876326979 ], [ 110.355992773128023, -7.784349047794112 ], [ 110.35596392570325, -7.784428094282654 ], [ 110.355944475139395, -7.784509946353571 ], [ 110.355934682510778, -7.784593497285651 ], [ 110.355934682866362, -7.784677616648486 ], [ 110.355944474320154, -7.784761167471551 ], [ 110.355963925285394, -7.784843019822715 ], [ 110.355992772636881, -7.784922066182201 ], [ 110.35603062621901, -7.7849972386351 ], [ 110.3560769733634, -7.785067519732545 ], [ 110.356131188839981, -7.785131958787963 ], [ 110.356192538463745, -7.785189685450511 ], [ 110.356260192686079, -7.785239917866384 ], [ 110.356333236547371, -7.785281978070842 ], [ 110.356410683275442, -7.785315295627003 ], [ 110.356491483332832, -7.785339422112 ], [ 110.356519864258843, -7.785344412843347 ], [ 110.356483418891045, -7.785378705378252 ], [ 110.356429203501122, -7.785443144468672 ], [ 110.356382855818879, -7.785513425958756 ], [ 110.356345001263335, -7.785588597447632 ], [ 110.356316153798744, -7.785667643954006 ], [ 110.356296703224984, -7.78574949603725 ], [ 110.35628691061649, -7.785833046975974 ], [ 110.356286911022011, -7.785917166339695 ], [ 110.356296702554843, -7.786000717157842 ], [ 110.356316153627162, -7.786082569498364 ], [ 110.356345001112317, -7.786161615841616 ], [ 110.356382853947352, -7.786236787367077 ], [ 110.356429202179768, -7.786307068439238 ], [ 110.356483417856253, -7.786371508367814 ], [ 110.356544767700171, -7.78642923409022 ], [ 110.356612422154399, -7.786479467371178 ], [ 110.35667211623435, -7.786513840657023 ], [ 110.356661753131917, -7.786534421515344 ], [ 110.356632905645654, -7.786613468039357 ], [ 110.356613454167942, -7.786695319229088 ], [ 110.356603661584245, -7.786778870174751 ], [ 110.356603662037458, -7.786862989539912 ], [ 110.356613453640207, -7.786946540353967 ], [ 110.356621927079672, -7.786982199923139 ], [ 110.356543479839218, -7.786968403792149 ], [ 110.356459278164465, -7.786963512851711 ], [ 110.356375076074698, -7.786968404161606 ], [ 110.356292012766048, -7.786983011612713 ], [ 110.356211212218696, -7.787007137015377 ], [ 110.356133765958745, -7.787040454595701 ], [ 110.356060721263006, -7.787082514595647 ], [ 110.355993066643023, -7.787132746868894 ], [ 110.355931716408165, -7.787190473520309 ], [ 110.355877500684088, -7.787254912508811 ], [ 110.355831152690939, -7.787325193908829 ], [ 110.355793298758869, -7.787400365322142 ], [ 110.355764451042091, -7.787479411765696 ], [ 110.355744999343941, -7.787561263799734 ], [ 110.355735207462558, -7.787644814707641 ], [ 110.355735207728316, -7.787728934055222 ], [ 110.355744999163363, -7.787812484873534 ], [ 110.355764450181184, -7.787894337230511 ], [ 110.355793297655879, -7.787973383606305 ], [ 110.355831151430152, -7.788048556085793 ], [ 110.355877499741354, -7.788118836316569 ], [ 110.355931715537935, -7.788183276322387 ], [ 110.355993065542989, -7.788241002135109 ], [ 110.35606072019722, -7.788291235518222 ], [ 110.356133764540687, -7.788333294888108 ], [ 110.356211210882279, -7.7883666134236 ], [ 110.356292012403742, -7.788390739086863 ], [ 110.356375075839068, -7.788405346401455 ], [ 110.35645927779801, -7.788410237381729 ], [ 110.356543480177479, -7.788405346078877 ], [ 110.356626543765685, -7.788390738601644 ], [ 110.356707344567411, -7.788366613141091 ], [ 110.356784791042841, -7.788333295474221 ], [ 110.356857835903511, -7.78829123536377 ], [ 110.356925490630402, -7.788241002057513 ], [ 110.356986840904284, -7.788183276170972 ], [ 110.357041056601517, -7.788118837039311 ], [ 110.357087404501968, -7.788048555500258 ], [ 110.357125258280504, -7.787973383959589 ], [ 110.357154105791167, -7.787894337407179 ], [ 110.357173557241765, -7.787812485288674 ], [ 110.357183348847485, -7.787728934325234 ], [ 110.357183348292821, -7.787644814954039 ], [ 110.357173556571212, -7.787561264145333 ], [ 110.357165083073809, -7.78752560639241 ], [ 110.357243528633745, -7.787539401510881 ], [ 110.357327730443444, -7.787544293210074 ], [ 110.357411932653235, -7.787539401719583 ], [ 110.357494996050889, -7.787524794959698 ], [ 110.357575797553423, -7.787500669316408 ], [ 110.357653243809963, -7.787467350566461 ], [ 110.357726288437789, -7.78742529118986 ], [ 110.35779394292517, -7.787375057723196 ], [ 110.357855292954767, -7.787317331688654 ], [ 110.357909508406181, -7.787252892423393 ], [ 110.357955856061281, -7.787182611671501 ], [ 110.357993709602326, -7.787107439126771 ], [ 110.358022556882489, -7.787028392493943 ], [ 110.358042008114055, -7.78694654031527 ], [ 110.358051799513802, -7.786862990217243 ], [ 110.358051799678648, -7.786778870829893 ], [ 110.358042007789379, -7.78669532002547 ], [ 110.358022556357099, -7.786613467736826 ], [ 110.357993708524191, -7.7865344214812 ], [ 110.357955855369241, -7.786459249170486 ], [ 110.357909506854085, -7.786388968243586 ], [ 110.357855291848225, -7.78632452938533 ], [ 110.357793941824809, -7.786266802934371 ], [ 110.357726287245043, -7.786216570737249 ], [ 110.357666591294603, -7.786182196688497 ], [ 110.357676955246887, -7.78616161580196 ], [ 110.357705803412344, -7.786082569188122 ], [ 110.357725253738607, -7.786000717020446 ], [ 110.357735045164574, -7.785917166024841 ], [ 110.35773504537714, -7.785833046638937 ], [ 110.357725253557831, -7.785749495830409 ], [ 110.357705802216799, -7.785667643532183 ], [ 110.35767695449519, -7.78558859726161 ], [ 110.357639101468706, -7.785513425835337 ], [ 110.357592753100192, -7.785443144883465 ], [ 110.357538537350251, -7.785378705089841 ] ], [ [ 110.361370405197761, -7.788594084650537 ], [ 110.361454607331964, -7.788598975550755 ], [ 110.361538808864211, -7.788594084157117 ], [ 110.361621872394366, -7.788579477499057 ], [ 110.361702673930722, -7.788555351972053 ], [ 110.361780121028829, -7.788522033364885 ], [ 110.361853165494423, -7.788479973260632 ], [ 110.361920820627617, -7.788429740921981 ], [ 110.361982170306234, -7.788372014259593 ], [ 110.362036386224403, -7.788307575335379 ], [ 110.362082734265684, -7.78823729409066 ], [ 110.362120588116682, -7.788162122034914 ], [ 110.362149435640006, -7.788083075974067 ], [ 110.362168886151295, -7.788001223548969 ], [ 110.362178677690977, -7.787917672392164 ], [ 110.362178677956678, -7.787833552943478 ], [ 110.362168886141433, -7.787750002171465 ], [ 110.36214943476763, -7.787668150008558 ], [ 110.362120586989121, -7.7875891039703 ], [ 110.36208273298908, -7.787513931964318 ], [ 110.362036384554642, -7.787443651428123 ], [ 110.361982168754025, -7.787379212134031 ], [ 110.361920818883561, -7.787321485321591 ], [ 110.361853164507764, -7.787271252828659 ], [ 110.361780119689882, -7.787229193506258 ], [ 110.361702673027949, -7.787195875063093 ], [ 110.361621872244214, -7.787171749520105 ], [ 110.361538808783934, -7.787157142333233 ], [ 110.361454606933947, -7.787152251472668 ], [ 110.361370405691389, -7.787157142873165 ], [ 110.361287342440747, -7.787171749504925 ], [ 110.361206541158666, -7.787195874973865 ], [ 110.361129094275896, -7.787229193494395 ], [ 110.36105604997509, -7.787271253488049 ], [ 110.360988394947256, -7.787321485698119 ], [ 110.360927045308856, -7.787379212220868 ], [ 110.360872829363657, -7.787443651001949 ], [ 110.360826481229495, -7.78751393210772 ], [ 110.360788627224792, -7.78758910403618 ], [ 110.360759779495254, -7.787668149988329 ], [ 110.360740328736313, -7.787750002329124 ], [ 110.360730536920926, -7.787833553430578 ], [ 110.360730536366319, -7.787917672855845 ], [ 110.360740327895044, -7.788001223637647 ], [ 110.360759779000134, -7.788083075843012 ], [ 110.360788626542245, -7.788162121954112 ], [ 110.360826480350909, -7.788237294059379 ], [ 110.360872828649363, -7.788307574715993 ], [ 110.36092704437668, -7.788372014145104 ], [ 110.360988394240508, -7.788429741099889 ], [ 110.361056048676673, -7.788479973734814 ], [ 110.3611290936187, -7.788522033191244 ], [ 110.361206540461808, -7.7885553517532 ], [ 110.361287341474025, -7.788579477393355 ], [ 110.361370405197761, -7.788594084650537 ] ] ] ] } }
]
}
