{
"type": "FeatureCollection",
"name": "ClipBufferLayananSampah204080160_4326",
"crs": { "type": "name", "properties": { "name": "urn:ogc:def:crs:OGC:1.3:CRS84" } },
"features": [
{ "type": "Feature", "properties": { "distance": 20.0 }, "geometry": { "type": "MultiPolygon", "coordinates": [ [ [ [ 110.361475658039467, -7.788055231184576, 0.0 ], [ 110.361454607230101, -7.788056454032937, 0.0 ], [ 110.36143355649682, -7.788055231085117, 0.0 ], [ 110.361412790590933, -7.788051579051304, 0.0 ], [ 110.361392590585325, -7.78804554810297, 0.0 ], [ 110.361373228438424, -7.78803721824681, 0.0 ], [ 110.361354967894059, -7.788026703848568, 0.0 ], [ 110.361338053610837, -7.788014145475978, 0.0 ], [ 110.361322716598067, -7.787999713525178, 0.0 ], [ 110.361309162432619, -7.787983603680224, 0.0 ], [ 110.361297575797693, -7.787966034206419, 0.0 ], [ 110.361288112328623, -7.787947240511039, 0.0 ], [ 110.361280900421264, -7.787927478763939, 0.0 ], [ 110.361276037619447, -7.787907015942728, 0.0 ], [ 110.361273589710748, -7.787886128022062, 0.0 ], [ 110.361273589822318, -7.787865098163536, 0.0 ], [ 110.361276037522217, -7.787844211287153, 0.0 ], [ 110.361280900642882, -7.78782374774248, 0.0 ], [ 110.361288112556295, -7.787803986018136, 0.0 ], [ 110.361297575816664, -7.787785192797626, 0.0 ], [ 110.361309163067531, -7.787767622960734, 0.0 ], [ 110.361322716144386, -7.78775151325069, 0.0 ], [ 110.361338054238288, -7.7877370813818, 0.0 ], [ 110.361354967551662, -7.787724523316539, 0.0 ], [ 110.361373229095108, -7.787714008760696, 0.0 ], [ 110.361392590155432, -7.787705679347559, 0.0 ], [ 110.361412791180328, -7.787699647749765, 0.0 ], [ 110.361433556339335, -7.787695995862217, 0.0 ], [ 110.361454607130611, -7.787694773013428, 0.0 ], [ 110.361475657846128, -7.78769599595875, 0.0 ], [ 110.361496423735545, -7.787699647988186, 0.0 ], [ 110.361516623726871, -7.787705678930429, 0.0 ], [ 110.36153598586246, -7.787714008779181, 0.0 ], [ 110.361554246399066, -7.787724523169062, 0.0 ], [ 110.361571160678508, -7.787737081532762, 0.0 ], [ 110.361586497691718, -7.787751513474682, 0.0 ], [ 110.361594473033833, -7.787760992584071, 0.0 ], [ 110.361574331000014, -7.787966262999936, 0.0 ], [ 110.361570195027596, -7.788014862279239, 0.0 ], [ 110.361554246884282, -7.788026703712631, 0.0 ], [ 110.361535985330534, -7.788037218275393, 0.0 ], [ 110.361516624256751, -7.788045547693961, 0.0 ], [ 110.361496423215939, -7.788051579295382, 0.0 ], [ 110.361475658039467, -7.788055231184576, 0.0 ] ] ], [ [ [ 110.356480328550902, -7.787866492868067, 0.0 ], [ 110.356459277756812, -7.787867715467975, 0.0 ], [ 110.356438227973229, -7.78786649317993, 0.0 ], [ 110.356417462139802, -7.787862840905632, 0.0 ], [ 110.356397261327032, -7.787856809724381, 0.0 ], [ 110.356377900211385, -7.787848480554597, 0.0 ], [ 110.356359638911428, -7.787837965045968, 0.0 ], [ 110.356342724799006, -7.78782540739121, 0.0 ], [ 110.356327387071403, -7.787810975272645, 0.0 ], [ 110.356313833115379, -7.78779486528385, 0.0 ], [ 110.356302246704303, -7.787777295690717, 0.0 ], [ 110.356292783469158, -7.787758502806607, 0.0 ], [ 110.356285570898464, -7.787738740992323, 0.0 ], [ 110.35628070834521, -7.787718278133521, 0.0 ], [ 110.356278260686651, -7.787697390204055, 0.0 ], [ 110.356278260139661, -7.787676360364245, 0.0 ], [ 110.356280708084171, -7.787655472632068, 0.0 ], [ 110.35628557143967, -7.787635009164075, 0.0 ], [ 110.356292782669328, -7.787615247541941, 0.0 ], [ 110.356302246138313, -7.787596454450537, 0.0 ], [ 110.35631383358033, -7.787578884766587, 0.0 ], [ 110.35632738773522, -7.787562775232502, 0.0 ], [ 110.356342725071002, -7.787548343556217, 0.0 ], [ 110.356359638510185, -7.787535784797134, 0.0 ], [ 110.356377900151998, -7.787525270465874, 0.0 ], [ 110.356397261284783, -7.787516940383609, 0.0 ], [ 110.356417461445446, -7.787510909027505, 0.0 ], [ 110.356438227525203, -7.787507257388755, 0.0 ], [ 110.356459278301188, -7.787506034788388, 0.0 ], [ 110.356480328067036, -7.787507257073942, 0.0 ], [ 110.356501093884006, -7.787510909343849, 0.0 ], [ 110.356521294682508, -7.787516940519023, 0.0 ], [ 110.356540655786844, -7.787525269681391, 0.0 ], [ 110.356558917079028, -7.787535785181606, 0.0 ], [ 110.356575831187669, -7.787548342827503, 0.0 ], [ 110.356591168915713, -7.787562774937168, 0.0 ], [ 110.356604722876341, -7.787578884917525, 0.0 ], [ 110.356616309295902, -7.787596454503137, 0.0 ], [ 110.356625772543012, -7.787615247381035, 0.0 ], [ 110.356632985128485, -7.787635009190806, 0.0 ], [ 110.356637847698551, -7.787655472046967, 0.0 ], [ 110.356640295375016, -7.787676359975813, 0.0 ], [ 110.356640295940053, -7.787697389817064, 0.0 ], [ 110.356637848012781, -7.787718277552744, 0.0 ], [ 110.356632984672785, -7.787738741026019, 0.0 ], [ 110.356625773455988, -7.787758502654941, 0.0 ], [ 110.356616309996596, -7.787777295754305, 0.0 ], [ 110.356604722560377, -7.787794865446958, 0.0 ], [ 110.356591168407149, -7.787810974989978, 0.0 ], [ 110.356575831068881, -7.787825406675003, 0.0 ], [ 110.356558917623076, -7.787837965442119, 0.0 ], [ 110.356540655970946, -7.787848479780301, 0.0 ], [ 110.356521294824731, -7.787856809867974, 0.0 ], [ 110.356501094648138, -7.7878628412277, 0.0 ], [ 110.356480328550902, -7.787866492868067, 0.0 ] ] ], [ [ [ 110.357348781758972, -7.787000548539059, 0.0 ], [ 110.357327731007274, -7.78700177118586, 0.0 ], [ 110.35730668035373, -7.787000548942836, 0.0 ], [ 110.357285914551298, -7.786996896713815, 0.0 ], [ 110.357265714670106, -7.78699086557745, 0.0 ], [ 110.357246352666863, -7.786982535542958, 0.0 ], [ 110.357228091376527, -7.786972020977144, 0.0 ], [ 110.357211178176328, -7.786959462454084, 0.0 ], [ 110.35719584044412, -7.786945031271011, 0.0 ], [ 110.357182286477752, -7.786928921308889, 0.0 ], [ 110.357170700050759, -7.786911350833267, 0.0 ], [ 110.357161235884675, -7.786892557964848, 0.0 ], [ 110.357154024190464, -7.7868727961638, 0.0 ], [ 110.357149161600773, -7.786852333311487, 0.0 ], [ 110.357146713900306, -7.786831445383088, 0.0 ], [ 110.357146713306449, -7.786810415538909, 0.0 ], [ 110.3571491611998, -7.786789527796929, 0.0 ], [ 110.357154024499152, -7.786769065218413, 0.0 ], [ 110.357161236578136, -7.786749303577547, 0.0 ], [ 110.357170699987392, -7.786730510461263, 0.0 ], [ 110.357182286462859, -7.786712939842056, 0.0 ], [ 110.357195840556315, -7.786696830274588, 0.0 ], [ 110.357211177831019, -7.786682398561286, 0.0 ], [ 110.357228092115875, -7.78666984066798, 0.0 ], [ 110.357246352794306, -7.786659325388159, 0.0 ], [ 110.35726571477754, -7.78665099616715, 0.0 ], [ 110.357285914886702, -7.786644964765034, 0.0 ], [ 110.357306680012243, -7.786641313078114, 0.0 ], [ 110.357327730745823, -7.786640090430872, 0.0 ], [ 110.357348781381603, -7.78664131267141, 0.0 ], [ 110.357369547167593, -7.786644964896042, 0.0 ], [ 110.357389747034503, -7.786650996026313, 0.0 ], [ 110.357409109026435, -7.786659326053389, 0.0 ], [ 110.357427370308997, -7.786669840610843, 0.0 ], [ 110.35744428350543, -7.78668239912499, 0.0 ], [ 110.357459621238078, -7.786696830299186, 0.0 ], [ 110.357473175209051, -7.78671294025287, 0.0 ], [ 110.357484761644528, -7.786730510720974, 0.0 ], [ 110.357494225822592, -7.786749303583191, 0.0 ], [ 110.357501437531596, -7.786769065379713, 0.0 ], [ 110.35750630013807, -7.786789528229363, 0.0 ], [ 110.357508747856443, -7.786810416157161, 0.0 ], [ 110.357508748468348, -7.786831446002813, 0.0 ], [ 110.357506300592249, -7.786852333748239, 0.0 ], [ 110.357501437308372, -7.786872796332051, 0.0 ], [ 110.357494225242277, -7.786892557979721, 0.0 ], [ 110.357484761842613, -7.786911351103946, 0.0 ], [ 110.357473175374281, -7.786928920827352, 0.0 ], [ 110.357459621281151, -7.786945031308274, 0.0 ], [ 110.357444284003932, -7.786959463030297, 0.0 ], [ 110.35742736971244, -7.78697202093162, 0.0 ], [ 110.357409109023735, -7.78698253621835, 0.0 ], [ 110.357389747027014, -7.786990865444786, 0.0 ], [ 110.357369546901964, -7.786996896850517, 0.0 ], [ 110.357348781758972, -7.787000548539059, 0.0 ] ] ], [ [ [ 110.357032028950101, -7.786054724852224, 0.0 ], [ 110.357010978246223, -7.786055947487131, 0.0 ], [ 110.356989927641862, -7.786054725232251, 0.0 ], [ 110.356969161889367, -7.786051072991567, 0.0 ], [ 110.356948962058127, -7.786045041843909, 0.0 ], [ 110.356929600104209, -7.786036711798638, 0.0 ], [ 110.356911338861934, -7.786026197222685, 0.0 ], [ 110.356894425707807, -7.786013638690321, 0.0 ], [ 110.356879088019113, -7.785999207498857, 0.0 ], [ 110.356865534093117, -7.785983097529351, 0.0 ], [ 110.356853947702803, -7.785965527047491, 0.0 ], [ 110.356844483569148, -7.785946734174057, 0.0 ], [ 110.356837271902762, -7.785926972369262, 0.0 ], [ 110.35683240933588, -7.785906509514573, 0.0 ], [ 110.356831733454612, -7.78590074170901, 0.0 ], [ 110.356829961652878, -7.785885621585151, 0.0 ], [ 110.356829961071, -7.78586459174133, 0.0 ], [ 110.356832408970547, -7.785843704001088, 0.0 ], [ 110.356837272270269, -7.785823241425646, 0.0 ], [ 110.356837335194143, -7.785823069009416, 0.0 ], [ 110.356844484343824, -7.785803479789204, 0.0 ], [ 110.356853947741939, -7.785784686678562, 0.0 ], [ 110.356865534199329, -7.785767116970713, 0.0 ], [ 110.356879088272038, -7.785751006506642, 0.0 ], [ 110.356894425519599, -7.785736574802253, 0.0 ], [ 110.3569113388657, -7.785724016917328, 0.0 ], [ 110.356929600414929, -7.785713501649357, 0.0 ], [ 110.356948962358274, -7.785705172439413, 0.0 ], [ 110.356969162424349, -7.785699141048775, 0.0 ], [ 110.356989927504088, -7.785695489373645, 0.0 ], [ 110.357010978189862, -7.785694266738282, 0.0 ], [ 110.357032028776473, -7.785695488990672, 0.0 ], [ 110.357052794512526, -7.785699141226973, 0.0 ], [ 110.357072994329471, -7.785705172368551, 0.0 ], [ 110.357092356272076, -7.785713502406392, 0.0 ], [ 110.357110617506635, -7.785724016973968, 0.0 ], [ 110.357127530656953, -7.785736575497456, 0.0 ], [ 110.357142868346088, -7.785751006680025, 0.0 ], [ 110.357156422276674, -7.785767116641093, 0.0 ], [ 110.357168008675529, -7.785784687115437, 0.0 ], [ 110.357177472821107, -7.785803479982674, 0.0 ], [ 110.357184684502272, -7.785823241782905, 0.0 ], [ 110.357189547085952, -7.785843704634968, 0.0 ], [ 110.357191994786845, -7.785864592563789, 0.0 ], [ 110.357191995386827, -7.785885622409085, 0.0 ], [ 110.35718954750449, -7.785906510152775, 0.0 ], [ 110.357184684220215, -7.785926972733511, 0.0 ], [ 110.35717747215952, -7.785946734376759, 0.0 ], [ 110.357168008771026, -7.785965527495337, 0.0 ], [ 110.357156422319449, -7.785983097211875, 0.0 ], [ 110.357142868248388, -7.785999207684892, 0.0 ], [ 110.357127530998312, -7.786013639397988, 0.0 ], [ 110.357110617645645, -7.786026197290961, 0.0 ], [ 110.357092356086085, -7.786036712565837, 0.0 ], [ 110.357072994129268, -7.786045041781208, 0.0 ], [ 110.357052794047334, -7.786051073175426, 0.0 ], [ 110.357032028950101, -7.786054724852224, 0.0 ] ] ], [ [ [ 110.362128019012985, -7.785591249191707, 0.0 ], [ 110.362106969233395, -7.785592472084101, 0.0 ], [ 110.362085918617964, -7.78559124917836, 0.0 ], [ 110.362065152823419, -7.785587597185435, 0.0 ], [ 110.362044952921138, -7.78558156627628, 0.0 ], [ 110.362025590868072, -7.785573236457088, 0.0 ], [ 110.362007329501282, -7.78556272118716, 0.0 ], [ 110.361990416194914, -7.785550163751484, 0.0 ], [ 110.361975079240636, -7.785535731828091, 0.0 ], [ 110.361961525120094, -7.785519622006498, 0.0 ], [ 110.36194993851727, -7.785502051647294, 0.0 ], [ 110.361940475062895, -7.785483258870919, 0.0 ], [ 110.3619332631568, -7.785463497133613, 0.0 ], [ 110.361928400341398, -7.785443034317213, 0.0 ], [ 110.361925952404434, -7.785422146396482, 0.0 ], [ 110.36192595247347, -7.785401116532878, 0.0 ], [ 110.361928400118487, -7.785380228742056, 0.0 ], [ 110.361933263168581, -7.785359766087185, 0.0 ], [ 110.361940475000765, -7.785340004343555, 0.0 ], [ 110.361949938169019, -7.785321211099482, 0.0 ], [ 110.361961525318108, -7.78530364123507, 0.0 ], [ 110.361975079191794, -7.785287531495224, 0.0 ], [ 110.361990416261904, -7.785273099590651, 0.0 ], [ 110.3620073303601, -7.785260541489686, 0.0 ], [ 110.362025590870928, -7.78525002689322, 0.0 ], [ 110.362044952712012, -7.785241696535968, 0.0 ], [ 110.362065152700907, -7.785235665799234, 0.0 ], [ 110.362085918640744, -7.78523201387039, 0.0 ], [ 110.362106968402244, -7.785230790977574, 0.0 ], [ 110.362128018999911, -7.785232013880833, 0.0 ], [ 110.362148784778, -7.78523566586937, 0.0 ], [ 110.362168984666013, -7.785241696772419, 0.0 ], [ 110.362188346707754, -7.785250026584221, 0.0 ], [ 110.362206608066785, -7.785260541845781, 0.0 ], [ 110.362223521369359, -7.785273099272567, 0.0 ], [ 110.362238858324062, -7.785287531187117, 0.0 ], [ 110.362252412449166, -7.785303641000223, 0.0 ], [ 110.362263999060531, -7.785321211351905, 0.0 ], [ 110.362273462526844, -7.785340004122089, 0.0 ], [ 110.362280674447703, -7.785359765854844, 0.0 ], [ 110.362285537279902, -7.785380228668573, 0.0 ], [ 110.362287985234758, -7.785401116588694, 0.0 ], [ 110.362287985183784, -7.785422146453755, 0.0 ], [ 110.362285537556005, -7.785443034248054, 0.0 ], [ 110.362280674521358, -7.785463496908196, 0.0 ], [ 110.362273462702049, -7.785483258658615, 0.0 ], [ 110.36226399954343, -7.785502051910637, 0.0 ], [ 110.362252412400125, -7.78551962178373, 0.0 ], [ 110.362238858528144, -7.785535731532522, 0.0 ], [ 110.362223521455519, -7.785550163445818, 0.0 ], [ 110.362206607350743, -7.785562721554798, 0.0 ], [ 110.362188346829626, -7.785573236158189, 0.0 ], [ 110.362168984975085, -7.785581566520861, 0.0 ], [ 110.362148784970273, -7.785587597261221, 0.0 ], [ 110.362128019012985, -7.785591249191707, 0.0 ] ] ], [ [ [ 110.356679798472157, -7.784815175599622, 0.0 ], [ 110.356658747830863, -7.784816398222084, 0.0 ], [ 110.356637697290552, -7.784815175954781, 0.0 ], [ 110.35661693160263, -7.784811523701865, 0.0 ], [ 110.356596731835722, -7.78480549254234, 0.0 ], [ 110.356577369944972, -7.784797162485716, 0.0 ], [ 110.356559109670783, -7.784786647900464, 0.0 ], [ 110.356542195668069, -7.784774089356861, 0.0 ], [ 110.356526858034073, -7.784759658156487, 0.0 ], [ 110.356513304158369, -7.784743548179142, 0.0 ], [ 110.356501717813316, -7.784725977690616, 0.0 ], [ 110.35649225371931, -7.784707184811786, 0.0 ], [ 110.356485042084969, -7.784687423907475, 0.0 ], [ 110.356480179546224, -7.784666960145585, 0.0 ], [ 110.356477731881625, -7.784646073119453, 0.0 ], [ 110.356477731312182, -7.784625043275831, 0.0 ], [ 110.356480179216774, -7.784604155537269, 0.0 ], [ 110.35648504251543, -7.784583692060386, 0.0 ], [ 110.356492254579038, -7.78456393042842, 0.0 ], [ 110.356501717959858, -7.784545137323563, 0.0 ], [ 110.356513304392834, -7.784527567622719, 0.0 ], [ 110.35652685843435, -7.784511457166833, 0.0 ], [ 110.356542195644366, -7.784497025471635, 0.0 ], [ 110.356559108947067, -7.784484467596844, 0.0 ], [ 110.356577370446246, -7.784473953244275, 0.0 ], [ 110.356596731430798, -7.784465623139949, 0.0 ], [ 110.356616932346597, -7.784459591762719, 0.0 ], [ 110.356637697366111, -7.784455940099853, 0.0 ], [ 110.356658747989286, -7.784454717476953, 0.0 ], [ 110.356679798511863, -7.784455939741767, 0.0 ], [ 110.356700564183313, -7.784459591990277, 0.0 ], [ 110.35672076393594, -7.784465623143725, 0.0 ], [ 110.356740125815378, -7.784473953192917, 0.0 ], [ 110.35675838608185, -7.784484467769792, 0.0 ], [ 110.356775300080812, -7.784497026304523, 0.0 ], [ 110.356790637715235, -7.784511457496, 0.0 ], [ 110.356804191595501, -7.784527567464914, 0.0 ], [ 110.356815777949066, -7.784545137945919, 0.0 ], [ 110.356825242055038, -7.784563930818553, 0.0 ], [ 110.356832453704158, -7.784583691718358, 0.0 ], [ 110.3568373162597, -7.78460415547757, 0.0 ], [ 110.356839763942205, -7.784625042503118, 0.0 ], [ 110.356839764529681, -7.784646072348199, 0.0 ], [ 110.356837316642313, -7.784666960090231, 0.0 ], [ 110.356832453359118, -7.784687423572391, 0.0 ], [ 110.356825241308385, -7.784707185211174, 0.0 ], [ 110.356815777937172, -7.784725978323991, 0.0 ], [ 110.356804191509994, -7.784743548033503, 0.0 ], [ 110.356790637470141, -7.784759658498348, 0.0 ], [ 110.35677530025761, -7.784774090202252, 0.0 ], [ 110.356758386948314, -7.784786648085089, 0.0 ], [ 110.356740125438833, -7.78479716244458, 0.0 ], [ 110.356720764440809, -7.784805492554277, 0.0 ], [ 110.356700563509108, -7.784811523935161, 0.0 ], [ 110.356679798472157, -7.784815175599622, 0.0 ] ] ], [ [ [ 110.358757952601465, -7.784782135215806, 0.0 ], [ 110.358736901959404, -7.78478335794205, 0.0 ], [ 110.358715851407595, -7.784782134873042, 0.0 ], [ 110.358695085693597, -7.784778483625057, 0.0 ], [ 110.358674885891787, -7.784772451657709, 0.0 ], [ 110.358655523952294, -7.784764122597237, 0.0 ], [ 110.358637263621688, -7.784753607192822, 0.0 ], [ 110.358620349550165, -7.784741049631671, 0.0 ], [ 110.358605012748313, -7.784726617597583, 0.0 ], [ 110.35859145878878, -7.78471050768026, 0.0 ], [ 110.358579871445002, -7.784692938144636, 0.0 ], [ 110.358573895573087, -7.784681070274066, 0.0 ], [ 110.358570408163516, -7.784674144401511, 0.0 ], [ 110.358563196429344, -7.784654383524598, 0.0 ], [ 110.358558333788096, -7.784633919778345, 0.0 ], [ 110.358555886019673, -7.784613032755782, 0.0 ], [ 110.35855588534649, -7.784592002903678, 0.0 ], [ 110.358558334055743, -7.784571115146049, 0.0 ], [ 110.358560118607045, -7.784563604659325, 0.0 ], [ 110.358563196348115, -7.784550651635687, 0.0 ], [ 110.358570408316567, -7.784530889960332, 0.0 ], [ 110.358579871607745, -7.784512096801457, 0.0 ], [ 110.358591458864709, -7.784494527038078, 0.0 ], [ 110.358605012829784, -7.784478417413679, 0.0 ], [ 110.358620349973549, -7.784463985637419, 0.0 ], [ 110.358637263219777, -7.784451427674573, 0.0 ], [ 110.358655524674376, -7.784440912323654, 0.0 ], [ 110.358674885622733, -7.784432583025461, 0.0 ], [ 110.358695086515297, -7.784426551546661, 0.0 ], [ 110.358715851523513, -7.784422899780469, 0.0 ], [ 110.358736902147498, -7.784421677053771, 0.0 ], [ 110.358757952681529, -7.784422900120294, 0.0 ], [ 110.358778718379085, -7.784426551363865, 0.0 ], [ 110.358798918166613, -7.784432583325153, 0.0 ], [ 110.358818280094781, -7.784440912378179, 0.0 ], [ 110.358836540417641, -7.784451427774237, 0.0 ], [ 110.358853454485413, -7.784463985326535, 0.0 ], [ 110.358868791287676, -7.784478417351711, 0.0 ], [ 110.358882345251786, -7.784494527260596, 0.0 ], [ 110.35889393260409, -7.784512096788702, 0.0 ], [ 110.358903395897514, -7.784530890525629, 0.0 ], [ 110.35891060764645, -7.784550651397981, 0.0 ], [ 110.35891547030451, -7.784571115141603, 0.0 ], [ 110.358917918090853, -7.784592002163564, 0.0 ], [ 110.358917918782069, -7.784613032017139, 0.0 ], [ 110.358915470090025, -7.784633919778232, 0.0 ], [ 110.358910607813144, -7.784654383293879, 0.0 ], [ 110.358903395857567, -7.784674144976002, 0.0 ], [ 110.358893932575995, -7.784692938142832, 0.0 ], [ 110.358882345324815, -7.784710507914909, 0.0 ], [ 110.358868791361417, -7.784726617548253, 0.0 ], [ 110.358853454215122, -7.784741049333233, 0.0 ], [ 110.358836540962329, -7.784753607304126, 0.0 ], [ 110.358818279497413, -7.784764122661954, 0.0 ], [ 110.358798918535598, -7.784772451965541, 0.0 ], [ 110.358778717627132, -7.784778483447962, 0.0 ], [ 110.358757952601465, -7.784782135215806, 0.0 ] ] ], [ [ [ 110.359851052177461, -7.784755707854632, 0.0 ], [ 110.359830002442351, -7.784756930636893, 0.0 ], [ 110.359808951884276, -7.784755707621993, 0.0 ], [ 110.359788186157701, -7.784752056426864, 0.0 ], [ 110.359767986337246, -7.784746024510391, 0.0 ], [ 110.359748624373267, -7.78473769549818, 0.0 ], [ 110.359730363105712, -7.784727180137341, 0.0 ], [ 110.359713449907389, -7.784714621714039, 0.0 ], [ 110.359698112157488, -7.784700190619653, 0.0 ], [ 110.359684559061023, -7.784684080735276, 0.0 ], [ 110.359672971671287, -7.78466651032136, 0.0 ], [ 110.359663508338244, -7.784647717503196, 0.0 ], [ 110.359656296553084, -7.784627955736209, 0.0 ], [ 110.35965143385657, -7.784607492902667, 0.0 ], [ 110.359648986034941, -7.784586604977505, 0.0 ], [ 110.359648986214069, -7.784565575122309, 0.0 ], [ 110.359651433962554, -7.784544687352537, 0.0 ], [ 110.359656296201123, -7.784524224729806, 0.0 ], [ 110.359663508119326, -7.78450446303163, 0.0 ], [ 110.359672971363111, -7.784485669844348, 0.0 ], [ 110.359684558576177, -7.784468100047299, 0.0 ], [ 110.359698112502812, -7.784451989479969, 0.0 ], [ 110.359713449610013, -7.784437558565549, 0.0 ], [ 110.359730363734428, -7.784424999653203, 0.0 ], [ 110.359748624256142, -7.78441448515603, 0.0 ], [ 110.359767986092649, -7.78440615580745, 0.0 ], [ 110.359788186065643, -7.784400124273832, 0.0 ], [ 110.359808951974372, -7.784396472454606, 0.0 ], [ 110.359830001691364, -7.784395249671916, 0.0 ], [ 110.359851052231704, -7.784396472684333, 0.0 ], [ 110.359871817941809, -7.784400123875063, 0.0 ], [ 110.35989201774801, -7.784406155785447, 0.0 ], [ 110.359911379700677, -7.784414484790253, 0.0 ], [ 110.359929640960445, -7.784425000142718, 0.0 ], [ 110.359946554155016, -7.78443755855713, 0.0 ], [ 110.359961891905343, -7.784451989642633, 0.0 ], [ 110.35997544500637, -7.78446809951858, 0.0 ], [ 110.359987032404618, -7.784485669924973, 0.0 ], [ 110.359996495749641, -7.784504462736939, 0.0 ], [ 110.360003707549566, -7.784524224499376, 0.0 ], [ 110.360008570262849, -7.784544687330256, 0.0 ], [ 110.360011018102398, -7.784565575254831, 0.0 ], [ 110.360011017941304, -7.784586605111473, 0.0 ], [ 110.36000857021007, -7.784607492884724, 0.0 ], [ 110.360003707986948, -7.784627955512727, 0.0 ], [ 110.359996496081621, -7.784647717217696, 0.0 ], [ 110.359987032847428, -7.784666510412933, 0.0 ], [ 110.359975445640174, -7.784684080218665, 0.0 ], [ 110.359961891715244, -7.784700190794937, 0.0 ], [ 110.359946554605514, -7.784714621718082, 0.0 ], [ 110.35992964047449, -7.784727180638475, 0.0 ], [ 110.359911379942488, -7.784737695142541, 0.0 ], [ 110.359892018092523, -7.784746024496529, 0.0 ], [ 110.359871818103656, -7.78475205603377, 0.0 ], [ 110.359851052177461, -7.784755707854632, 0.0 ] ] ], [ [ [ 110.362711662972359, -7.784316099482033, 0.0 ], [ 110.362690612349112, -7.784317322407377, 0.0 ], [ 110.362669561792984, -7.784316099535551, 0.0 ], [ 110.362648796959846, -7.784312447577026, 0.0 ], [ 110.362628596199613, -7.784306416698248, 0.0 ], [ 110.362609235096258, -7.784298086910349, 0.0 ], [ 110.362590973765492, -7.784287571668232, 0.0 ], [ 110.362574060489251, -7.784275013353295, 0.0 ], [ 110.362558722647819, -7.784260582355414, 0.0 ], [ 110.362545169447401, -7.784244472554424, 0.0 ], [ 110.362533581942728, -7.784226902209622, 0.0 ], [ 110.362524119392205, -7.784208109446728, 0.0 ], [ 110.362516907474898, -7.784188347717706, 0.0 ], [ 110.362512044641676, -7.784167884001203, 0.0 ], [ 110.362509596676418, -7.784146996985342, 0.0 ], [ 110.362509596711178, -7.784125967118144, 0.0 ], [ 110.362512044315039, -7.78410507931974, 0.0 ], [ 110.362516907319005, -7.78408461574896, 0.0 ], [ 110.362524119096605, -7.78406485489479, 0.0 ], [ 110.362533582206709, -7.784046061632132, 0.0 ], [ 110.36254516929344, -7.784028491745903, 0.0 ], [ 110.362558723102765, -7.784012381076831, 0.0 ], [ 110.362574060103341, -7.783997950049411, 0.0 ], [ 110.362590974131834, -7.783985391918907, 0.0 ], [ 110.362609235480647, -7.783974876387874, 0.0 ], [ 110.362628596343527, -7.783966546900947, 0.0 ], [ 110.362648796263798, -7.783960516130417, 0.0 ], [ 110.362669562137242, -7.783956864167287, 0.0 ], [ 110.362690612742398, -7.783955641241515, 0.0 ], [ 110.362711663280763, -7.783956864110846, 0.0 ], [ 110.362732428097445, -7.783960516065002, 0.0 ], [ 110.36275262884341, -7.783966546937727, 0.0 ], [ 110.362771989935439, -7.783974876718191, 0.0 ], [ 110.362790251258417, -7.783985391951936, 0.0 ], [ 110.362807164530906, -7.783997950258005, 0.0 ], [ 110.362822502372765, -7.784012381246989, 0.0 ], [ 110.362836055577745, -7.784028491039546, 0.0 ], [ 110.362847643090902, -7.784046061376841, 0.0 ], [ 110.36285710565339, -7.784064854133517, 0.0 ], [ 110.362864317585476, -7.784084615858007, 0.0 ], [ 110.362869180435482, -7.784105079571837, 0.0 ], [ 110.362871628418617, -7.784125966587097, 0.0 ], [ 110.362871628401919, -7.784146996455756, 0.0 ], [ 110.362869180815281, -7.784167884257601, 0.0 ], [ 110.362864317826777, -7.784188347833646, 0.0 ], [ 110.36285710606208, -7.784208108694624, 0.0 ], [ 110.362847642961569, -7.784226901965212, 0.0 ], [ 110.362836055880649, -7.784244471860135, 0.0 ], [ 110.362822502073001, -7.784260582538134, 0.0 ], [ 110.362807165069924, -7.784275013574278, 0.0 ], [ 110.362790251034852, -7.784287571712833, 0.0 ], [ 110.362771989675736, -7.784298087250778, 0.0 ], [ 110.362752628799399, -7.784306416743098, 0.0 ], [ 110.362732428863239, -7.784312447517257, 0.0 ], [ 110.362711662972359, -7.784316099482033, 0.0 ] ] ], [ [ [ 110.358969395941813, -7.783732498066738, 0.0 ], [ 110.358948345352132, -7.78373372080789, 0.0 ], [ 110.358927294851, -7.783732497753512, 0.0 ], [ 110.358906529185219, -7.783728846519776, 0.0 ], [ 110.3588863294286, -7.783722814566032, 0.0 ], [ 110.358866967530631, -7.783714485518408, 0.0 ], [ 110.358848707237314, -7.783703970125848, 0.0 ], [ 110.358831793198348, -7.783691412575429, 0.0 ], [ 110.358816456423824, -7.783676980550781, 0.0 ], [ 110.358802902486119, -7.783660870641516, 0.0 ], [ 110.358791315159678, -7.783643300207965, 0.0 ], [ 110.358781851886732, -7.783624507374275, 0.0 ], [ 110.358774640157662, -7.783604745596133, 0.0 ], [ 110.358769777512521, -7.783584282755945, 0.0 ], [ 110.358767329736708, -7.783563394828727, 0.0 ], [ 110.358767329048717, -7.783542364974733, 0.0 ], [ 110.358769777735901, -7.783521478117999, 0.0 ], [ 110.358774640001926, -7.783501014602411, 0.0 ], [ 110.358781851938815, -7.783481252920219, 0.0 ], [ 110.358791315193571, -7.783462459753037, 0.0 ], [ 110.358802902409792, -7.783444889979935, 0.0 ], [ 110.358816456330359, -7.783428780344583, 0.0 ], [ 110.358831793426404, -7.783414348556277, 0.0 ], [ 110.358848706622382, -7.783401790580425, 0.0 ], [ 110.358866968024898, -7.783391275215757, 0.0 ], [ 110.358886328919979, -7.783382945903253, 0.0 ], [ 110.358906529758883, -7.783376914409747, 0.0 ], [ 110.358927294713695, -7.783373262628653, 0.0 ], [ 110.358948345285285, -7.783372039887102, 0.0 ], [ 110.358969395768653, -7.783373262938976, 0.0 ], [ 110.358990161417964, -7.783376914168332, 0.0 ], [ 110.35901036116033, -7.783382946115982, 0.0 ], [ 110.359029723046973, -7.783391275156202, 0.0 ], [ 110.359047983332573, -7.783401790540388, 0.0 ], [ 110.359064897367773, -7.783414348081934, 0.0 ], [ 110.359080234142681, -7.783428780097688, 0.0 ], [ 110.359093788085005, -7.783444889998505, 0.0 ], [ 110.359105375419929, -7.783462460424554, 0.0 ], [ 110.359114838704841, -7.783481253252028, 0.0 ], [ 110.359122050448661, -7.783501015025641, 0.0 ], [ 110.359126913110629, -7.78352147786317, 0.0 ], [ 110.359129360904305, -7.7835423657898, 0.0 ], [ 110.359129360703449, -7.783563395643873, 0.0 ], [ 110.359126912940397, -7.783584282505462, 0.0 ], [ 110.359122050689848, -7.783604746026319, 0.0 ], [ 110.359114838765834, -7.783624507715273, 0.0 ], [ 110.35910537552067, -7.783643300890445, 0.0 ], [ 110.359093788310247, -7.783660870672227, 0.0 ], [ 110.359080234391371, -7.783676980316504, 0.0 ], [ 110.359064897292782, -7.783691412113551, 0.0 ], [ 110.359047984090239, -7.78370397009743, 0.0 ], [ 110.359029722677434, -7.783714485469007, 0.0 ], [ 110.359010361768867, -7.783722814786914, 0.0 ], [ 110.358990160914104, -7.783728846284041, 0.0 ], [ 110.358969395941813, -7.783732498066738, 0.0 ] ] ], [ [ [ 110.358227889871046, -7.781667026856724, 0.0 ], [ 110.358225667334636, -7.781670397316325, 0.0 ], [ 110.358239635770843, -7.781667940993106, 0.0 ], [ 110.358260686256159, -7.781666718278811, 0.0 ], [ 110.358281736650085, -7.781667941357801, 0.0 ], [ 110.35830250130104, -7.78167159261245, 0.0 ], [ 110.358322701858157, -7.781677624587235, 0.0 ], [ 110.35834206274626, -7.781685953650668, 0.0 ], [ 110.358360323850249, -7.781696468154717, 0.0 ], [ 110.358377237797171, -7.781709026621974, 0.0 ], [ 110.358392574489343, -7.781723458656744, 0.0 ], [ 110.358406128354133, -7.781739568574249, 0.0 ], [ 110.358417715619254, -7.781757138109829, 0.0 ], [ 110.358427178840245, -7.781775930948535, 0.0 ], [ 110.358434390528302, -7.781795692730399, 0.0 ], [ 110.358439253142009, -7.78181615647765, 0.0 ], [ 110.358441700899718, -7.781837043501806, 0.0 ], [ 110.358441701578428, -7.781858073356174, 0.0 ], [ 110.358439252890193, -7.781878961116572, 0.0 ], [ 110.358434390633363, -7.781899424630083, 0.0 ], [ 110.358427178713796, -7.781919186308705, 0.0 ], [ 110.358417715485089, -7.78193797856611, 0.0 ], [ 110.358406128298824, -7.781955549236513, 0.0 ], [ 110.358392574415632, -7.781971658862427, 0.0 ], [ 110.358377237362319, -7.781986090638878, 0.0 ], [ 110.358360324214033, -7.781998648600237, 0.0 ], [ 110.358342062863812, -7.78200916394766, 0.0 ], [ 110.358322702025291, -7.782017493240133, 0.0 ], [ 110.358302502153904, -7.782023524712197, 0.0 ], [ 110.358281736356659, -7.782027176466535, 0.0 ], [ 110.358260685853267, -7.78202839918039, 0.0 ], [ 110.358239635441592, -7.782027176098899, 0.0 ], [ 110.358218870774181, -7.782023524839884, 0.0 ], [ 110.358198670202782, -7.782017492858993, 0.0 ], [ 110.358179309303395, -7.78200916378817, 0.0 ], [ 110.358161048191633, -7.781998649275728, 0.0 ], [ 110.358144134240973, -7.781986090799602, 0.0 ], [ 110.358128797549227, -7.781971658755925, 0.0 ], [ 110.358115243688999, -7.781955548830008, 0.0 ], [ 110.358103656432419, -7.781937979286875, 0.0 ], [ 110.358094193223366, -7.781919186442009, 0.0 ], [ 110.358086981550059, -7.781899424655586, 0.0 ], [ 110.358082118953163, -7.781878960905709, 0.0 ], [ 110.358079671213332, -7.781858073880913, 0.0 ], [ 110.358079670552655, -7.781837044028069, 0.0 ], [ 110.358082119258114, -7.781816156271098, 0.0 ], [ 110.358086981530406, -7.781795692762861, 0.0 ], [ 110.358094193462861, -7.781775931091051, 0.0 ], [ 110.358103656701132, -7.781757138841582, 0.0 ], [ 110.358105879239005, -7.781753768382746, 0.0 ], [ 110.358091910799473, -7.781756224701244, 0.0 ], [ 110.35807086030988, -7.781757447406783, 0.0 ], [ 110.358049810818542, -7.781756225222853, 0.0 ], [ 110.358029045261105, -7.78175257304984, 0.0 ], [ 110.358008844704457, -7.781746541965635, 0.0 ], [ 110.357989483822877, -7.78173821198284, 0.0 ], [ 110.357971222727713, -7.781727697463436, 0.0 ], [ 110.357954308793509, -7.781715138980925, 0.0 ], [ 110.357938972117935, -7.781700706931555, 0.0 ], [ 110.357925418271932, -7.781684597905159, 0.0 ], [ 110.357913831031539, -7.781667027453396, 0.0 ], [ 110.357904367836383, -7.78164823460521, 0.0 ], [ 110.357897156175824, -7.78162847281643, 0.0 ], [ 110.357892293588975, -7.781608009969612, 0.0 ], [ 110.357889845860484, -7.781587122039878, 0.0 ], [ 110.357889845208149, -7.781566092187505, 0.0 ], [ 110.357892293920258, -7.781545204432024, 0.0 ], [ 110.357897156197382, -7.781524740926197, 0.0 ], [ 110.357904368132779, -7.781504979257695, 0.0 ], [ 110.357913831372102, -7.781486187012432, 0.0 ], [ 110.357925418563269, -7.781468616355711, 0.0 ], [ 110.357938971538431, -7.781452506743111, 0.0 ], [ 110.357954309491475, -7.781438074983142, 0.0 ], [ 110.357971222626645, -7.781425517036809, 0.0 ], [ 110.357989483958363, -7.781415001703754, 0.0 ], [ 110.358008844773607, -7.781406672424555, 0.0 ], [ 110.35802904461778, -7.781400640964203, 0.0 ], [ 110.358049810384941, -7.781396989219806, 0.0 ], [ 110.358070860856444, -7.781395766513858, 0.0 ], [ 110.35809191033006, -7.781396988695273, 0.0 ], [ 110.358112675871027, -7.781400640863885, 0.0 ], [ 110.358132876413421, -7.781406671942014, 0.0 ], [ 110.358152237283676, -7.781415001917386, 0.0 ], [ 110.358170498371081, -7.781425516428416, 0.0 ], [ 110.358187412301533, -7.781438074902051, 0.0 ], [ 110.358202748977561, -7.781452506942554, 0.0 ], [ 110.358216302826762, -7.781468616865008, 0.0 ], [ 110.358227890077032, -7.781486186404763, 0.0 ], [ 110.358237353284139, -7.781504979246741, 0.0 ], [ 110.358244564959463, -7.781524741030995, 0.0 ], [ 110.358249427563095, -7.781545203875152, 0.0 ], [ 110.358251875309492, -7.781566091804303, 0.0 ], [ 110.358251875979846, -7.781587121658129, 0.0 ], [ 110.358249427284974, -7.781608009417091, 0.0 ], [ 110.358244565023313, -7.781628472928191, 0.0 ], [ 110.35823735310079, -7.781648234603473, 0.0 ], [ 110.358227889871046, -7.781667026856724, 0.0 ] ] ], [ [ [ 110.359233722068652, -7.781735722371756, 0.0 ], [ 110.359212672485668, -7.781736945135646, 0.0 ], [ 110.359191622081852, -7.781735722102337, 0.0 ], [ 110.359170856509607, -7.781732070888998, 0.0 ], [ 110.359150656841422, -7.781726038954771, 0.0 ], [ 110.359131295025662, -7.781717709925451, 0.0 ], [ 110.359113033900229, -7.781707194548436, 0.0 ], [ 110.359096120834622, -7.781694637014629, 0.0 ], [ 110.359080783210374, -7.781680205001996, 0.0 ], [ 110.359067230226685, -7.781664095105445, 0.0 ], [ 110.359055642936681, -7.781646524681027, 0.0 ], [ 110.359046179688988, -7.781627731854185, 0.0 ], [ 110.35903896797366, -7.781607970080449, 0.0 ], [ 110.359034105330508, -7.781587507242222, 0.0 ], [ 110.359031657544989, -7.781566619314463, 0.0 ], [ 110.359031657742591, -7.781545589458802, 0.0 ], [ 110.359034105491602, -7.781524701690707, 0.0 ], [ 110.359038967712735, -7.781504239071749, 0.0 ], [ 110.359046179595822, -7.781484477379468, 0.0 ], [ 110.35905564278724, -7.781465684199996, 0.0 ], [ 110.359067229931398, -7.781448114412675, 0.0 ], [ 110.35908078377355, -7.781432003856841, 0.0 ], [ 110.359096120781786, -7.781417572955471, 0.0 ], [ 110.359113034792784, -7.781405014962139, 0.0 ], [ 110.359131295192228, -7.781394499576167, 0.0 ], [ 110.359150656895153, -7.781386170244311, 0.0 ], [ 110.35917085672645, -7.781380138728194, 0.0 ], [ 110.359191622487273, -7.781376486927019, 0.0 ], [ 110.35921267205218, -7.781375264162695, 0.0 ], [ 110.359233722438248, -7.781376487193505, 0.0 ], [ 110.359254487994036, -7.781380138402449, 0.0 ], [ 110.359274687647954, -7.781386170330602, 0.0 ], [ 110.359294049452416, -7.781394499352499, 0.0 ], [ 110.359312310570104, -7.781405014721142, 0.0 ], [ 110.359329223631946, -7.781417572246094, 0.0 ], [ 110.35934456125662, -7.781432004249821, 0.0 ], [ 110.359358114244884, -7.781448114137942, 0.0 ], [ 110.359369701543386, -7.781465684554861, 0.0 ], [ 110.359379164803045, -7.781484477375489, 0.0 ], [ 110.359386376533124, -7.781504239144683, 0.0 ], [ 110.359391239193073, -7.781524701980262, 0.0 ], [ 110.359393686996484, -7.781545589907439, 0.0 ], [ 110.359393686816915, -7.781566619764562, 0.0 ], [ 110.359391239085141, -7.781587507536101, 0.0 ], [ 110.359386376879456, -7.781607970160328, 0.0 ], [ 110.359379165009244, -7.781627731859423, 0.0 ], [ 110.359369701827418, -7.781646525046815, 0.0 ], [ 110.359358114689059, -7.781664094842831, 0.0 ], [ 110.359344560848584, -7.78168020540759, 0.0 ], [ 110.359329223837818, -7.781694636317693, 0.0 ], [ 110.35931230982024, -7.78170719431907, 0.0 ], [ 110.359294049410494, -7.781717709711928, 0.0 ], [ 110.359274687694125, -7.781726039049195, 0.0 ], [ 110.35925448784694, -7.781732070568927, 0.0 ], [ 110.359233722068652, -7.781735722371756, 0.0 ] ] ], [ [ [ 110.359482850122589, -7.781310988797285, 0.0 ], [ 110.359461800560595, -7.781312211575341, 0.0 ], [ 110.359440750176134, -7.78131098855602, 0.0 ], [ 110.35941998462134, -7.781307337356342, 0.0 ], [ 110.359399784968446, -7.78130130543522, 0.0 ], [ 110.359380423165632, -7.781292976418293, 0.0 ], [ 110.35936216205063, -7.7812824610528, 0.0 ], [ 110.35934524899416, -7.781269902624918, 0.0 ], [ 110.359329911373536, -7.781255471526091, 0.0 ], [ 110.359316358391993, -7.781239361637516, 0.0 ], [ 110.359304771101293, -7.781221791219641, 0.0 ], [ 110.359295307850019, -7.78120299839787, 0.0 ], [ 110.359288096128296, -7.78118323662762, 0.0 ], [ 110.359283233476035, -7.781162773791256, 0.0 ], [ 110.359280785678834, -7.7811418858637, 0.0 ], [ 110.359280785862282, -7.781120856006629, 0.0 ], [ 110.35928323359488, -7.781099968235479, 0.0 ], [ 110.359288095797595, -7.78107950561188, 0.0 ], [ 110.359295307660474, -7.78105974391341, 0.0 ], [ 110.359304770830178, -7.781040950726347, 0.0 ], [ 110.359316357951414, -7.781023380930078, 0.0 ], [ 110.359329911769734, -7.781007270364078, 0.0 ], [ 110.359345248753598, -7.78099283945147, 0.0 ], [ 110.359362162741292, -7.780980280541445, 0.0 ], [ 110.3593804231148, -7.780969766047064, 0.0 ], [ 110.359399784793553, -7.780961436701684, 0.0 ], [ 110.359419984601431, -7.780955405171643, 0.0 ], [ 110.3594407503399, -7.780951753356309, 0.0 ], [ 110.359461799883803, -7.780950530577818, 0.0 ], [ 110.359482850250515, -7.780951753594641, 0.0 ], [ 110.359503615788881, -7.780955404789937, 0.0 ], [ 110.359523815427508, -7.780961436704971, 0.0 ], [ 110.35954317721901, -7.780969765714494, 0.0 ], [ 110.359561438326253, -7.78098028107163, 0.0 ], [ 110.359578351378943, -7.780992839490628, 0.0 ], [ 110.359593689, -7.781007270580565, 0.0 ], [ 110.359607241986126, -7.781023380460728, 0.0 ], [ 110.359618829285324, -7.781040950871067, 0.0 ], [ 110.359628292548564, -7.781059743686659, 0.0 ], [ 110.359635504285052, -7.781079505452348, 0.0 ], [ 110.359640366954068, -7.781099968286066, 0.0 ], [ 110.359642814769202, -7.781120856213017, 0.0 ], [ 110.359642814603774, -7.781141886071556, 0.0 ], [ 110.359640366888399, -7.781162773846186, 0.0 ], [ 110.359635504701131, -7.781183236475039, 0.0 ], [ 110.359628292851141, -7.7812029981803, 0.0 ], [ 110.359618829691016, -7.781221791375295, 0.0 ], [ 110.359607242575564, -7.781239361180261, 0.0 ], [ 110.359593688758949, -7.781255471755197, 0.0 ], [ 110.359578351772569, -7.78126990267653, 0.0 ], [ 110.359561437778282, -7.781282461594563, 0.0 ], [ 110.359543177394499, -7.781292976095865, 0.0 ], [ 110.359523815702275, -7.781301305446651, 0.0 ], [ 110.359503615878495, -7.781307336980331, 0.0 ], [ 110.359482850122589, -7.781310988797285, 0.0 ] ] ] ] } },
{ "type": "Feature", "properties": { "distance": 40.0 }, "geometry": { "type": "MultiPolygon", "coordinates": [ [ [ [ 110.361615038853003, -7.787551403013841, 0.0 ], [ 110.361594473033833, -7.787760992584071, 0.0 ], [ 110.361586497691718, -7.787751513474682, 0.0 ], [ 110.361571160678508, -7.787737081532762, 0.0 ], [ 110.361554246399066, -7.787724523169062, 0.0 ], [ 110.36153598586246, -7.787714008779181, 0.0 ], [ 110.361516623726871, -7.787705678930429, 0.0 ], [ 110.361496423735545, -7.787699647988186, 0.0 ], [ 110.361475657846128, -7.78769599595875, 0.0 ], [ 110.361454607130611, -7.787694773013428, 0.0 ], [ 110.361433556339335, -7.787695995862217, 0.0 ], [ 110.361412791180328, -7.787699647749765, 0.0 ], [ 110.361392590155432, -7.787705679347559, 0.0 ], [ 110.361373229095108, -7.787714008760696, 0.0 ], [ 110.361354967551662, -7.787724523316539, 0.0 ], [ 110.361338054238288, -7.7877370813818, 0.0 ], [ 110.361322716144386, -7.78775151325069, 0.0 ], [ 110.361309163067531, -7.787767622960734, 0.0 ], [ 110.361297575816664, -7.787785192797626, 0.0 ], [ 110.361288112556295, -7.787803986018136, 0.0 ], [ 110.361280900642882, -7.78782374774248, 0.0 ], [ 110.361276037522217, -7.787844211287153, 0.0 ], [ 110.361273589822318, -7.787865098163536, 0.0 ], [ 110.361273589710748, -7.787886128022062, 0.0 ], [ 110.361276037619447, -7.787907015942728, 0.0 ], [ 110.361280900421264, -7.787927478763939, 0.0 ], [ 110.361288112328623, -7.787947240511039, 0.0 ], [ 110.361297575797693, -7.787966034206419, 0.0 ], [ 110.361309162432619, -7.787983603680224, 0.0 ], [ 110.361322716598067, -7.787999713525178, 0.0 ], [ 110.361338053610837, -7.788014145475978, 0.0 ], [ 110.361354967894059, -7.788026703848568, 0.0 ], [ 110.361373228438424, -7.78803721824681, 0.0 ], [ 110.361392590585325, -7.78804554810297, 0.0 ], [ 110.361412790590933, -7.788051579051304, 0.0 ], [ 110.36143355649682, -7.788055231085117, 0.0 ], [ 110.361454607230101, -7.788056454032937, 0.0 ], [ 110.361475658039467, -7.788055231184576, 0.0 ], [ 110.361496423215939, -7.788051579295382, 0.0 ], [ 110.361516624256751, -7.788045547693961, 0.0 ], [ 110.361535985330534, -7.788037218275393, 0.0 ], [ 110.361554246884282, -7.788026703712631, 0.0 ], [ 110.361570195027596, -7.788014862279239, 0.0 ], [ 110.361563270000048, -7.788096233999968, 0.0 ], [ 110.361513494000036, -7.788093467999868, 0.0 ], [ 110.361483075000109, -7.788092545999922, 0.0 ], [ 110.361358636, -7.78807964199991, 0.0 ], [ 110.361212995000159, -7.788065814999913, 0.0 ], [ 110.36113789466323, -7.788051193653455, 0.0 ], [ 110.361121617420125, -7.788018868332405, 0.0 ], [ 110.361107193620171, -7.787979344833706, 0.0 ], [ 110.361097468034728, -7.787938418284074, 0.0 ], [ 110.361092572233872, -7.787896643346657, 0.0 ], [ 110.361092571568136, -7.787854583629716, 0.0 ], [ 110.361097467894822, -7.787812808072754, 0.0 ], [ 110.361107193243356, -7.787771881891814, 0.0 ], [ 110.361121617083043, -7.787732358449905, 0.0 ], [ 110.361140544518932, -7.787694772922693, 0.0 ], [ 110.361163718120949, -7.787659632351765, 0.0 ], [ 110.361190826090194, -7.787627412943345, 0.0 ], [ 110.361221501367197, -7.787598550117415, 0.0 ], [ 110.361255328895652, -7.787573433091827, 0.0 ], [ 110.361291851066653, -7.787552403081159, 0.0 ], [ 110.36133057408081, -7.78753574426165, 0.0 ], [ 110.361370974299476, -7.787523681971498, 0.0 ], [ 110.361412506413885, -7.78751637820076, 0.0 ], [ 110.361454607071352, -7.787513932501369, 0.0 ], [ 110.361496708484665, -7.787516378389535, 0.0 ], [ 110.361538239341499, -7.787523681538142, 0.0 ], [ 110.361578640215384, -7.787535744322464, 0.0 ], [ 110.361615038853003, -7.787551403013841, 0.0 ] ] ], [ [ [ 110.356773340494087, -7.787506034717776, 0.0 ], [ 110.356792267907181, -7.78754362046876, 0.0 ], [ 110.356806691279075, -7.78758314408096, 0.0 ], [ 110.356816417342927, -7.787624069792027, 0.0 ], [ 110.356821313622063, -7.787665844746009, 0.0 ], [ 110.356821312956356, -7.787707904427284, 0.0 ], [ 110.356816417119063, -7.787749679902064, 0.0 ], [ 110.356806691362806, -7.787790605950761, 0.0 ], [ 110.356792268035178, -7.787830129214048, 0.0 ], [ 110.356773341126029, -7.787867715420723, 0.0 ], [ 110.35675016716489, -7.787902855720602, 0.0 ], [ 110.356723059765685, -7.787935075721485, 0.0 ], [ 110.356692384179624, -7.787963939098868, 0.0 ], [ 110.356658557284234, -7.787989054832105, 0.0 ], [ 110.356622034873809, -7.788010085325767, 0.0 ], [ 110.356583311662362, -7.788026744600635, 0.0 ], [ 110.356542910386366, -7.788038807322309, 0.0 ], [ 110.356501379081351, -7.788046110606103, 0.0 ], [ 110.356459278382005, -7.788048555806827, 0.0 ], [ 110.356417176984579, -7.788046110320984, 0.0 ], [ 110.356375645299849, -7.788038806672495, 0.0 ], [ 110.356335244566978, -7.788026744305283, 0.0 ], [ 110.356296521418798, -7.788010085052403, 0.0 ], [ 110.35625999880979, -7.787989054931318, 0.0 ], [ 110.356226171489524, -7.787963938709756, 0.0 ], [ 110.356195496940288, -7.787935075369633, 0.0 ], [ 110.356168389031438, -7.787902856288079, 0.0 ], [ 110.356145215313632, -7.787867715283922, 0.0 ], [ 110.356126287948413, -7.787830129508142, 0.0 ], [ 110.35611186463565, -7.787790605877784, 0.0 ], [ 110.356102138639002, -7.787749680156127, 0.0 ], [ 110.356097242431503, -7.787707905199742, 0.0 ], [ 110.35609724316943, -7.787665845524368, 0.0 ], [ 110.356102139075674, -7.787624070063486, 0.0 ], [ 110.356111863986868, -7.787583144034515, 0.0 ], [ 110.356126288272961, -7.787543620799815, 0.0 ], [ 110.356145215220508, -7.787506034624983, 0.0 ], [ 110.356168389204797, -7.787470894359842, 0.0 ], [ 110.356195496610695, -7.787438674394771, 0.0 ], [ 110.356226172186666, -7.78740981105229, 0.0 ], [ 110.356259999055681, -7.787384695351169, 0.0 ], [ 110.356296521424852, -7.787363664885133, 0.0 ], [ 110.356335244582453, -7.787347005631895, 0.0 ], [ 110.356375645794856, -7.787334942924713, 0.0 ], [ 110.356417177029996, -7.787327639647448, 0.0 ], [ 110.35645927765691, -7.787325194444946, 0.0 ], [ 110.356501378983268, -7.787327639920836, 0.0 ], [ 110.356542910602158, -7.7873349435517, 0.0 ], [ 110.356583311277959, -7.7873470058946, 0.0 ], [ 110.356622034380848, -7.787363665117734, 0.0 ], [ 110.356658556958877, -7.787384695205329, 0.0 ], [ 110.356692384264093, -7.787409811391359, 0.0 ], [ 110.356723058815035, -7.787438674695911, 0.0 ], [ 110.356750166742245, -7.787470893743684, 0.0 ], [ 110.356773340494087, -7.787506034717776, 0.0 ] ], [ [ 110.356438227973229, -7.78786649317993, 0.0 ], [ 110.356459277756812, -7.787867715467975, 0.0 ], [ 110.356480328550902, -7.787866492868067, 0.0 ], [ 110.356501094648138, -7.7878628412277, 0.0 ], [ 110.356521294824731, -7.787856809867974, 0.0 ], [ 110.356540655970946, -7.787848479780301, 0.0 ], [ 110.356558917623076, -7.787837965442119, 0.0 ], [ 110.356575831068881, -7.787825406675003, 0.0 ], [ 110.356591168407149, -7.787810974989978, 0.0 ], [ 110.356604722560377, -7.787794865446958, 0.0 ], [ 110.356616309996596, -7.787777295754305, 0.0 ], [ 110.356625773455988, -7.787758502654941, 0.0 ], [ 110.356632984672785, -7.787738741026019, 0.0 ], [ 110.356637848012781, -7.787718277552744, 0.0 ], [ 110.356640295940053, -7.787697389817064, 0.0 ], [ 110.356640295375016, -7.787676359975813, 0.0 ], [ 110.356637847698551, -7.787655472046967, 0.0 ], [ 110.356632985128485, -7.787635009190806, 0.0 ], [ 110.356625772543012, -7.787615247381035, 0.0 ], [ 110.356616309295902, -7.787596454503137, 0.0 ], [ 110.356604722876341, -7.787578884917525, 0.0 ], [ 110.356591168915713, -7.787562774937168, 0.0 ], [ 110.356575831187669, -7.787548342827503, 0.0 ], [ 110.356558917079028, -7.787535785181606, 0.0 ], [ 110.356540655786844, -7.787525269681391, 0.0 ], [ 110.356521294682508, -7.787516940519023, 0.0 ], [ 110.356501093884006, -7.787510909343849, 0.0 ], [ 110.356480328067036, -7.787507257073942, 0.0 ], [ 110.356459278301188, -7.787506034788388, 0.0 ], [ 110.356438227525203, -7.787507257388755, 0.0 ], [ 110.356417461445446, -7.787510909027505, 0.0 ], [ 110.356397261284783, -7.787516940383609, 0.0 ], [ 110.356377900151998, -7.787525270465874, 0.0 ], [ 110.356359638510185, -7.787535784797134, 0.0 ], [ 110.356342725071002, -7.787548343556217, 0.0 ], [ 110.35632738773522, -7.787562775232502, 0.0 ], [ 110.35631383358033, -7.787578884766587, 0.0 ], [ 110.356302246138313, -7.787596454450537, 0.0 ], [ 110.356292782669328, -7.787615247541941, 0.0 ], [ 110.35628557143967, -7.787635009164075, 0.0 ], [ 110.356280708084171, -7.787655472632068, 0.0 ], [ 110.356278260139661, -7.787676360364245, 0.0 ], [ 110.356278260686651, -7.787697390204055, 0.0 ], [ 110.35628070834521, -7.787718278133521, 0.0 ], [ 110.356285570898464, -7.787738740992323, 0.0 ], [ 110.356292783469158, -7.787758502806607, 0.0 ], [ 110.356302246704303, -7.787777295690717, 0.0 ], [ 110.356313833115379, -7.78779486528385, 0.0 ], [ 110.356327387071403, -7.787810975272645, 0.0 ], [ 110.356342724799006, -7.78782540739121, 0.0 ], [ 110.356359638911428, -7.787837965045968, 0.0 ], [ 110.356377900211385, -7.787848480554597, 0.0 ], [ 110.356397261327032, -7.787856809724381, 0.0 ], [ 110.356417462139802, -7.787862840905632, 0.0 ], [ 110.356438227973229, -7.78786649317993, 0.0 ] ] ], [ [ [ 110.357641793252114, -7.786640090570137, 0.0 ], [ 110.357660719806347, -7.786677676285644, 0.0 ], [ 110.357675144147407, -7.786717198970974, 0.0 ], [ 110.357684869375802, -7.786758125572152, 0.0 ], [ 110.357689765738755, -7.786799900523995, 0.0 ], [ 110.357689765166768, -7.786841960214058, 0.0 ], [ 110.35768486943175, -7.78688373570838, 0.0 ], [ 110.357675143785031, -7.786924661787164, 0.0 ], [ 110.357660720572653, -7.786964185090675, 0.0 ], [ 110.357641793782932, -7.787001771347114, 0.0 ], [ 110.357618619036856, -7.787036911704321, 0.0 ], [ 110.357591511760575, -7.787069131771996, 0.0 ], [ 110.357560836298035, -7.787097994318874, 0.0 ], [ 110.357527009521007, -7.787123111036802, 0.0 ], [ 110.357490487227693, -7.787144140711305, 0.0 ], [ 110.357451764126353, -7.787160800075486, 0.0 ], [ 110.357411362953428, -7.787172862889178, 0.0 ], [ 110.357369831742986, -7.787180166266541, 0.0 ], [ 110.357327731128464, -7.787182611561096, 0.0 ], [ 110.357285629804991, -7.787180166168048, 0.0 ], [ 110.357244098182292, -7.787172862610081, 0.0 ], [ 110.357203697500097, -7.787160799425386, 0.0 ], [ 110.357164974386436, -7.787144141159356, 0.0 ], [ 110.357128452706348, -7.78712311111617, 0.0 ], [ 110.357094625393884, -7.787097994964356, 0.0 ], [ 110.357063949931259, -7.787069131684802, 0.0 ], [ 110.357036842003097, -7.787036911752131, 0.0 ], [ 110.357013668249323, -7.78700177169649, 0.0 ], [ 110.35699474174433, -7.786964185051683, 0.0 ], [ 110.356980317462401, -7.786924662348174, 0.0 ], [ 110.356970592301195, -7.786883735736434, 0.0 ], [ 110.356965696009851, -7.786841960782145, 0.0 ], [ 110.356965696654072, -7.786799901097995, 0.0 ], [ 110.356970592457998, -7.786758125617525, 0.0 ], [ 110.356980318166606, -7.786717199559871, 0.0 ], [ 110.356994741430498, -7.786677676283547, 0.0 ], [ 110.357013668258617, -7.786640090058957, 0.0 ], [ 110.357036843027871, -7.786604949736503, 0.0 ], [ 110.357063950310874, -7.786572729704614, 0.0 ], [ 110.357094625763295, -7.786543867192634, 0.0 ], [ 110.35712845251399, -7.786518750506816, 0.0 ], [ 110.35716497476605, -7.786497720859957, 0.0 ], [ 110.357203697813546, -7.786481061517431, 0.0 ], [ 110.357244098922905, -7.786468998718196, 0.0 ], [ 110.357285630063444, -7.786461695347376, 0.0 ], [ 110.357327730605562, -7.786459250051083, 0.0 ], [ 110.357369831857994, -7.786461695434164, 0.0 ], [ 110.35741136341484, -7.786468998974519, 0.0 ], [ 110.357451764039965, -7.786481062134893, 0.0 ], [ 110.357490487108336, -7.786497720371199, 0.0 ], [ 110.357527008757444, -7.786518750380869, 0.0 ], [ 110.357560836054859, -7.786543866497177, 0.0 ], [ 110.357591511519175, -7.786572729741142, 0.0 ], [ 110.357618619465697, -7.786604949640072, 0.0 ], [ 110.357641793252114, -7.786640090570137, 0.0 ] ], [ [ 110.35730668035373, -7.787000548942836, 0.0 ], [ 110.357327731007274, -7.78700177118586, 0.0 ], [ 110.357348781758972, -7.787000548539059, 0.0 ], [ 110.357369546901964, -7.786996896850517, 0.0 ], [ 110.357389747027014, -7.786990865444786, 0.0 ], [ 110.357409109023735, -7.78698253621835, 0.0 ], [ 110.35742736971244, -7.78697202093162, 0.0 ], [ 110.357444284003932, -7.786959463030297, 0.0 ], [ 110.357459621281151, -7.786945031308274, 0.0 ], [ 110.357473175374281, -7.786928920827352, 0.0 ], [ 110.357484761842613, -7.786911351103946, 0.0 ], [ 110.357494225242277, -7.786892557979721, 0.0 ], [ 110.357501437308372, -7.786872796332051, 0.0 ], [ 110.357506300592249, -7.786852333748239, 0.0 ], [ 110.357508748468348, -7.786831446002813, 0.0 ], [ 110.357508747856443, -7.786810416157161, 0.0 ], [ 110.35750630013807, -7.786789528229363, 0.0 ], [ 110.357501437531596, -7.786769065379713, 0.0 ], [ 110.357494225822592, -7.786749303583191, 0.0 ], [ 110.357484761644528, -7.786730510720974, 0.0 ], [ 110.357473175209051, -7.78671294025287, 0.0 ], [ 110.357459621238078, -7.786696830299186, 0.0 ], [ 110.35744428350543, -7.78668239912499, 0.0 ], [ 110.357427370308997, -7.786669840610843, 0.0 ], [ 110.357409109026435, -7.786659326053389, 0.0 ], [ 110.357389747034503, -7.786650996026313, 0.0 ], [ 110.357369547167593, -7.786644964896042, 0.0 ], [ 110.357348781381603, -7.78664131267141, 0.0 ], [ 110.357327730745823, -7.786640090430872, 0.0 ], [ 110.357306680012243, -7.786641313078114, 0.0 ], [ 110.357285914886702, -7.786644964765034, 0.0 ], [ 110.35726571477754, -7.78665099616715, 0.0 ], [ 110.357246352794306, -7.786659325388159, 0.0 ], [ 110.357228092115875, -7.78666984066798, 0.0 ], [ 110.357211177831019, -7.786682398561286, 0.0 ], [ 110.357195840556315, -7.786696830274588, 0.0 ], [ 110.357182286462859, -7.786712939842056, 0.0 ], [ 110.357170699987392, -7.786730510461263, 0.0 ], [ 110.357161236578136, -7.786749303577547, 0.0 ], [ 110.357154024499152, -7.786769065218413, 0.0 ], [ 110.3571491611998, -7.786789527796929, 0.0 ], [ 110.357146713306449, -7.786810415538909, 0.0 ], [ 110.357146713900306, -7.786831445383088, 0.0 ], [ 110.357149161600773, -7.786852333311487, 0.0 ], [ 110.357154024190464, -7.7868727961638, 0.0 ], [ 110.357161235884675, -7.786892557964848, 0.0 ], [ 110.357170700050759, -7.786911350833267, 0.0 ], [ 110.357182286477752, -7.786928921308889, 0.0 ], [ 110.35719584044412, -7.786945031271011, 0.0 ], [ 110.357211178176328, -7.786959462454084, 0.0 ], [ 110.357228091376527, -7.786972020977144, 0.0 ], [ 110.357246352666863, -7.786982535542958, 0.0 ], [ 110.357265714670106, -7.78699086557745, 0.0 ], [ 110.357285914551298, -7.786996896713815, 0.0 ], [ 110.35730668035373, -7.787000548942836, 0.0 ] ] ], [ [ [ 110.357325039973958, -7.785694266150203, 0.0 ], [ 110.357343966461883, -7.785731852780269, 0.0 ], [ 110.357358390747279, -7.78577137547306, 0.0 ], [ 110.357368115930072, -7.785812302079028, 0.0 ], [ 110.35737301225808, -7.785854077032941, 0.0 ], [ 110.357373011662219, -7.785896136722271, 0.0 ], [ 110.357368115914781, -7.785937912213117, 0.0 ], [ 110.357358390267237, -7.785978838285719, 0.0 ], [ 110.357343967065688, -7.786018361580398, 0.0 ], [ 110.35732504029825, -7.786055947825539, 0.0 ], [ 110.357301866492577, -7.786091088170448, 0.0 ], [ 110.357274758354919, -7.786123307316398, 0.0 ], [ 110.357244083852237, -7.786152170751344, 0.0 ], [ 110.357210256231966, -7.786177287448423, 0.0 ], [ 110.357173734010885, -7.786198317101943, 0.0 ], [ 110.357135010989325, -7.786214976443979, 0.0 ], [ 110.357094610809568, -7.786227039236064, 0.0 ], [ 110.357053078783764, -7.786234342588498, 0.0 ], [ 110.357010978264839, -7.786236787859263, 0.0 ], [ 110.356968877039762, -7.786234342442506, 0.0 ], [ 110.356927345516908, -7.786227038861242, 0.0 ], [ 110.356886945840159, -7.786214976559846, 0.0 ], [ 110.356848221919662, -7.786198317366361, 0.0 ], [ 110.356811700335655, -7.786177287302931, 0.0 ], [ 110.356777873115362, -7.786152171132485, 0.0 ], [ 110.356747197739764, -7.786123307836107, 0.0 ], [ 110.356720090799257, -7.786091087890106, 0.0 ], [ 110.356719222503543, -7.786089771276823, 0.0 ], [ 110.356696916211916, -7.786055947820603, 0.0 ], [ 110.356677989771825, -7.786018361165765, 0.0 ], [ 110.356663565545531, -7.785978838454763, 0.0 ], [ 110.356653840429942, -7.785937911838237, 0.0 ], [ 110.356648944173557, -7.785896136881938, 0.0 ], [ 110.356648944841638, -7.785854077198504, 0.0 ], [ 110.356653840657941, -7.785812301721511, 0.0 ], [ 110.356663566367359, -7.785771375670023, 0.0 ], [ 110.356677989620437, -7.785731852402546, 0.0 ], [ 110.356696916426259, -7.785694266189239, 0.0 ], [ 110.356720090255095, -7.785659125879074, 0.0 ], [ 110.356747198399489, -7.785626906768926, 0.0 ], [ 110.356777872892053, -7.785598043368856, 0.0 ], [ 110.356811700485949, -7.785572926703906, 0.0 ], [ 110.356848222665818, -7.785551897078006, 0.0 ], [ 110.356857169632846, -7.78554804793157, 0.0 ], [ 110.356886945633534, -7.785535237757617, 0.0 ], [ 110.356927345749739, -7.785523174979984, 0.0 ], [ 110.356968877705654, -7.785515871634102, 0.0 ], [ 110.357003713925423, -7.78551384828172, 0.0 ], [ 110.357010978152147, -7.78551342636158, 0.0 ], [ 110.357053079306198, -7.785515871768366, 0.0 ], [ 110.357094610763212, -7.78552317533204, 0.0 ], [ 110.357133461463988, -7.785534775142245, 0.0 ], [ 110.357135010382876, -7.785535237609115, 0.0 ], [ 110.357173734258154, -7.78555189677286, 0.0 ], [ 110.357210255811182, -7.785572926802773, 0.0 ], [ 110.357244083016411, -7.785598042937732, 0.0 ], [ 110.357274758393686, -7.785626906198496, 0.0 ], [ 110.357301865352568, -7.785659126110827, 0.0 ], [ 110.357325039973958, -7.785694266150203, 0.0 ] ], [ [ 110.356989927641862, -7.786054725232251, 0.0 ], [ 110.357010978246223, -7.786055947487131, 0.0 ], [ 110.357032028950101, -7.786054724852224, 0.0 ], [ 110.357052794047334, -7.786051073175426, 0.0 ], [ 110.357072994129268, -7.786045041781208, 0.0 ], [ 110.357092356086085, -7.786036712565837, 0.0 ], [ 110.357110617645645, -7.786026197290961, 0.0 ], [ 110.357127530998312, -7.786013639397988, 0.0 ], [ 110.357142868248388, -7.785999207684892, 0.0 ], [ 110.357156422319449, -7.785983097211875, 0.0 ], [ 110.357168008771026, -7.785965527495337, 0.0 ], [ 110.35717747215952, -7.785946734376759, 0.0 ], [ 110.357184684220215, -7.785926972733511, 0.0 ], [ 110.35718954750449, -7.785906510152775, 0.0 ], [ 110.357191995386827, -7.785885622409085, 0.0 ], [ 110.357191994786845, -7.785864592563789, 0.0 ], [ 110.357189547085952, -7.785843704634968, 0.0 ], [ 110.357184684502272, -7.785823241782905, 0.0 ], [ 110.357177472821107, -7.785803479982674, 0.0 ], [ 110.357168008675529, -7.785784687115437, 0.0 ], [ 110.357156422276674, -7.785767116641093, 0.0 ], [ 110.357142868346088, -7.785751006680025, 0.0 ], [ 110.357127530656953, -7.785736575497456, 0.0 ], [ 110.357110617506635, -7.785724016973968, 0.0 ], [ 110.357092356272076, -7.785713502406392, 0.0 ], [ 110.357072994329471, -7.785705172368551, 0.0 ], [ 110.357052794512526, -7.785699141226973, 0.0 ], [ 110.357032028776473, -7.785695488990672, 0.0 ], [ 110.357010978189862, -7.785694266738282, 0.0 ], [ 110.356989927504088, -7.785695489373645, 0.0 ], [ 110.356969162424349, -7.785699141048775, 0.0 ], [ 110.356948962358274, -7.785705172439413, 0.0 ], [ 110.356929600414929, -7.785713501649357, 0.0 ], [ 110.3569113388657, -7.785724016917328, 0.0 ], [ 110.356894425519599, -7.785736574802253, 0.0 ], [ 110.356879088272038, -7.785751006506642, 0.0 ], [ 110.356865534199329, -7.785767116970713, 0.0 ], [ 110.356853947741939, -7.785784686678562, 0.0 ], [ 110.356844484343824, -7.785803479789204, 0.0 ], [ 110.356837335194143, -7.785823069009416, 0.0 ], [ 110.356837272270269, -7.785823241425646, 0.0 ], [ 110.356832408970547, -7.785843704001088, 0.0 ], [ 110.356829961071, -7.78586459174133, 0.0 ], [ 110.356829961652878, -7.785885621585151, 0.0 ], [ 110.356831733454612, -7.78590074170901, 0.0 ], [ 110.35683240933588, -7.785906509514573, 0.0 ], [ 110.356837271902762, -7.785926972369262, 0.0 ], [ 110.356844483569148, -7.785946734174057, 0.0 ], [ 110.356853947702803, -7.785965527047491, 0.0 ], [ 110.356865534093117, -7.785983097529351, 0.0 ], [ 110.356879088019113, -7.785999207498857, 0.0 ], [ 110.356894425707807, -7.786013638690321, 0.0 ], [ 110.356911338861934, -7.786026197222685, 0.0 ], [ 110.356929600104209, -7.786036711798638, 0.0 ], [ 110.356948962058127, -7.786045041843909, 0.0 ], [ 110.356969161889367, -7.786051072991567, 0.0 ], [ 110.356989927641862, -7.786054725232251, 0.0 ] ] ], [ [ [ 110.362421030142826, -7.785230791109623, 0.0 ], [ 110.362439957087417, -7.785268376643734, 0.0 ], [ 110.36245438094393, -7.785307900104711, 0.0 ], [ 110.362464105718161, -7.785348825728133, 0.0 ], [ 110.362469001645778, -7.785390601567826, 0.0 ], [ 110.362469002468814, -7.785432661300712, 0.0 ], [ 110.362464106323529, -7.785474436891429, 0.0 ], [ 110.362454381175297, -7.785515363122834, 0.0 ], [ 110.362439956644039, -7.785554885724575, 0.0 ], [ 110.36242103033635, -7.785592472236591, 0.0 ], [ 110.362397856055566, -7.785627611991477, 0.0 ], [ 110.362370748311903, -7.785659832402491, 0.0 ], [ 110.36234007416553, -7.785688695333301, 0.0 ], [ 110.362306246856321, -7.785713811560662, 0.0 ], [ 110.362269724895498, -7.7857348416775, 0.0 ], [ 110.362231001175672, -7.78575150059921, 0.0 ], [ 110.362190601147475, -7.785763563892604, 0.0 ], [ 110.362149069216784, -7.785770866850732, 0.0 ], [ 110.362106968732547, -7.785773312633689, 0.0 ], [ 110.362064868390902, -7.785770866821102, 0.0 ], [ 110.362023336783963, -7.785763563735364, 0.0 ], [ 110.361982936059547, -7.785751501005141, 0.0 ], [ 110.361944212849039, -7.785734841360672, 0.0 ], [ 110.361907691013272, -7.785713811718328, 0.0 ], [ 110.361873863492576, -7.78568869502769, 0.0 ], [ 110.361843188676133, -7.785659832075134, 0.0 ], [ 110.361816081346561, -7.785627612424945, 0.0 ], [ 110.361792907242432, -7.785592471697615, 0.0 ], [ 110.36177398034566, -7.785554886138697, 0.0 ], [ 110.361759556548236, -7.785515362659514, 0.0 ], [ 110.361749831841166, -7.785474437025479, 0.0 ], [ 110.361744935985158, -7.785432661183338, 0.0 ], [ 110.361744935234313, -7.785390601456279, 0.0 ], [ 110.361749831448492, -7.785348825879443, 0.0 ], [ 110.361759556658626, -7.785307899669069, 0.0 ], [ 110.361773981241441, -7.78526837709448, 0.0 ], [ 110.361792907587557, -7.785230790614285, 0.0 ], [ 110.361816081892897, -7.785195649989618, 0.0 ], [ 110.361843189641959, -7.785163430518883, 0.0 ], [ 110.361873863778285, -7.785134567622952, 0.0 ], [ 110.361907691061177, -7.785109451427745, 0.0 ], [ 110.361944212980831, -7.78508842133855, 0.0 ], [ 110.361982936646839, -7.785071762438467, 0.0 ], [ 110.362023336611486, -7.785059699159614, 0.0 ], [ 110.362064868472316, -7.785052396208066, 0.0 ], [ 110.362106968884135, -7.785049950423377, 0.0 ], [ 110.362149069154768, -7.785052396226082, 0.0 ], [ 110.36219060069584, -7.785059699294231, 0.0 ], [ 110.362231001363156, -7.785071762000188, 0.0 ], [ 110.362269724528403, -7.785088421614971, 0.0 ], [ 110.362306246333119, -7.78510945122381, 0.0 ], [ 110.362340073838752, -7.785134567878956, 0.0 ], [ 110.362370748656843, -7.785163430795936, 0.0 ], [ 110.362397856004705, -7.785195650412403, 0.0 ], [ 110.362421030142826, -7.785230791109623, 0.0 ] ], [ [ 110.362085918617964, -7.78559124917836, 0.0 ], [ 110.362106969233395, -7.785592472084101, 0.0 ], [ 110.362128019012985, -7.785591249191707, 0.0 ], [ 110.362148784970273, -7.785587597261221, 0.0 ], [ 110.362168984975085, -7.785581566520861, 0.0 ], [ 110.362188346829626, -7.785573236158189, 0.0 ], [ 110.362206607350743, -7.785562721554798, 0.0 ], [ 110.362223521455519, -7.785550163445818, 0.0 ], [ 110.362238858528144, -7.785535731532522, 0.0 ], [ 110.362252412400125, -7.78551962178373, 0.0 ], [ 110.36226399954343, -7.785502051910637, 0.0 ], [ 110.362273462702049, -7.785483258658615, 0.0 ], [ 110.362280674521358, -7.785463496908196, 0.0 ], [ 110.362285537556005, -7.785443034248054, 0.0 ], [ 110.362287985183784, -7.785422146453755, 0.0 ], [ 110.362287985234758, -7.785401116588694, 0.0 ], [ 110.362285537279902, -7.785380228668573, 0.0 ], [ 110.362280674447703, -7.785359765854844, 0.0 ], [ 110.362273462526844, -7.785340004122089, 0.0 ], [ 110.362263999060531, -7.785321211351905, 0.0 ], [ 110.362252412449166, -7.785303641000223, 0.0 ], [ 110.362238858324062, -7.785287531187117, 0.0 ], [ 110.362223521369359, -7.785273099272567, 0.0 ], [ 110.362206608066785, -7.785260541845781, 0.0 ], [ 110.362188346707754, -7.785250026584221, 0.0 ], [ 110.362168984666013, -7.785241696772419, 0.0 ], [ 110.362148784778, -7.78523566586937, 0.0 ], [ 110.362128018999911, -7.785232013880833, 0.0 ], [ 110.362106968402244, -7.785230790977574, 0.0 ], [ 110.362085918640744, -7.78523201387039, 0.0 ], [ 110.362065152700907, -7.785235665799234, 0.0 ], [ 110.362044952712012, -7.785241696535968, 0.0 ], [ 110.362025590870928, -7.78525002689322, 0.0 ], [ 110.3620073303601, -7.785260541489686, 0.0 ], [ 110.361990416261904, -7.785273099590651, 0.0 ], [ 110.361975079191794, -7.785287531495224, 0.0 ], [ 110.361961525318108, -7.78530364123507, 0.0 ], [ 110.361949938169019, -7.785321211099482, 0.0 ], [ 110.361940475000765, -7.785340004343555, 0.0 ], [ 110.361933263168581, -7.785359766087185, 0.0 ], [ 110.361928400118487, -7.785380228742056, 0.0 ], [ 110.36192595247347, -7.785401116532878, 0.0 ], [ 110.361925952404434, -7.785422146396482, 0.0 ], [ 110.361928400341398, -7.785443034317213, 0.0 ], [ 110.3619332631568, -7.785463497133613, 0.0 ], [ 110.361940475062895, -7.785483258870919, 0.0 ], [ 110.36194993851727, -7.785502051647294, 0.0 ], [ 110.361961525120094, -7.785519622006498, 0.0 ], [ 110.361975079240636, -7.785535731828091, 0.0 ], [ 110.361990416194914, -7.785550163751484, 0.0 ], [ 110.362007329501282, -7.78556272118716, 0.0 ], [ 110.362025590868072, -7.785573236457088, 0.0 ], [ 110.362044952921138, -7.78558156627628, 0.0 ], [ 110.362065152823419, -7.785587597185435, 0.0 ], [ 110.362085918617964, -7.78559124917836, 0.0 ] ] ], [ [ [ 110.356972808829028, -7.784454717074389, 0.0 ], [ 110.356991735239106, -7.78449230281073, 0.0 ], [ 110.357006159456276, -7.784531826416179, 0.0 ], [ 110.3570158845869, -7.784572752122956, 0.0 ], [ 110.357020780873981, -7.78461452798382, 0.0 ], [ 110.357020780253137, -7.784656587672718, 0.0 ], [ 110.357015884495624, -7.784698363160267, 0.0 ], [ 110.357006158853025, -7.784739289226702, 0.0 ], [ 110.356991735671357, -7.784778812512462, 0.0 ], [ 110.356972808938508, -7.784816398746034, 0.0 ], [ 110.35694963518165, -7.784851539076889, 0.0 ], [ 110.356922527106363, -7.784883758206484, 0.0 ], [ 110.356891852678785, -7.784912621623029, 0.0 ], [ 110.356858025145314, -7.784937738299847, 0.0 ], [ 110.356821503021564, -7.784958767931579, 0.0 ], [ 110.356782780106556, -7.784975427250566, 0.0 ], [ 110.356742380041112, -7.784987490018684, 0.0 ], [ 110.356700849042781, -7.784994793347867, 0.0 ], [ 110.356658747742102, -7.784997238592362, 0.0 ], [ 110.356616647551988, -7.784994793152157, 0.0 ], [ 110.356575116158353, -7.784987489546416, 0.0 ], [ 110.356534715703347, -7.784975427219904, 0.0 ], [ 110.356495992816093, -7.784958768005112, 0.0 ], [ 110.356459470447476, -7.784937737918952, 0.0 ], [ 110.356425643343826, -7.784912621728765, 0.0 ], [ 110.356394968077623, -7.784883758414604, 0.0 ], [ 110.356367861237771, -7.784851538452855, 0.0 ], [ 110.35634468674094, -7.784816398370081, 0.0 ], [ 110.356325760378738, -7.784778812608955, 0.0 ], [ 110.356311336220656, -7.784739288985352, 0.0 ], [ 110.356301611157221, -7.784698363267996, 0.0 ], [ 110.356296714941735, -7.784656587404711, 0.0 ], [ 110.35629671563477, -7.784614527721711, 0.0 ], [ 110.356301611461177, -7.784572752248057, 0.0 ], [ 110.356311337165636, -7.784531826202747, 0.0 ], [ 110.356325760398818, -7.784492302944157, 0.0 ], [ 110.356344687170022, -7.784454716742433, 0.0 ], [ 110.356367860950044, -7.784419576446316, 0.0 ], [ 110.356394969032053, -7.784387357352486, 0.0 ], [ 110.356425643449526, -7.78435849397083, 0.0 ], [ 110.356459470956622, -7.784333377326129, 0.0 ], [ 110.356495993039161, -7.784312347722011, 0.0 ], [ 110.356534715900324, -7.78429568842465, 0.0 ], [ 110.356575115902203, -7.784283625671015, 0.0 ], [ 110.356616647737567, -7.78427632234972, 0.0 ], [ 110.356658748058948, -7.784273877102088, 0.0 ], [ 110.356700848178036, -7.784276322532356, 0.0 ], [ 110.35674237950586, -7.784283626120469, 0.0 ], [ 110.356782779903781, -7.784295688422659, 0.0 ], [ 110.356821502745802, -7.78431234760775, 0.0 ], [ 110.35685802508344, -7.784333377660397, 0.0 ], [ 110.356891852172055, -7.784358493815064, 0.0 ], [ 110.356922527439949, -7.784387357093686, 0.0 ], [ 110.356949634298189, -7.784419577021634, 0.0 ], [ 110.356972808829028, -7.784454717074389, 0.0 ] ], [ [ 110.356637697290552, -7.784815175954781, 0.0 ], [ 110.356658747830863, -7.784816398222084, 0.0 ], [ 110.356679798472157, -7.784815175599622, 0.0 ], [ 110.356700563509108, -7.784811523935161, 0.0 ], [ 110.356720764440809, -7.784805492554277, 0.0 ], [ 110.356740125438833, -7.78479716244458, 0.0 ], [ 110.356758386948314, -7.784786648085089, 0.0 ], [ 110.35677530025761, -7.784774090202252, 0.0 ], [ 110.356790637470141, -7.784759658498348, 0.0 ], [ 110.356804191509994, -7.784743548033503, 0.0 ], [ 110.356815777937172, -7.784725978323991, 0.0 ], [ 110.356825241308385, -7.784707185211174, 0.0 ], [ 110.356832453359118, -7.784687423572391, 0.0 ], [ 110.356837316642313, -7.784666960090231, 0.0 ], [ 110.356839764529681, -7.784646072348199, 0.0 ], [ 110.356839763942205, -7.784625042503118, 0.0 ], [ 110.3568373162597, -7.78460415547757, 0.0 ], [ 110.356832453704158, -7.784583691718358, 0.0 ], [ 110.356825242055038, -7.784563930818553, 0.0 ], [ 110.356815777949066, -7.784545137945919, 0.0 ], [ 110.356804191595501, -7.784527567464914, 0.0 ], [ 110.356790637715235, -7.784511457496, 0.0 ], [ 110.356775300080812, -7.784497026304523, 0.0 ], [ 110.35675838608185, -7.784484467769792, 0.0 ], [ 110.356740125815378, -7.784473953192917, 0.0 ], [ 110.35672076393594, -7.784465623143725, 0.0 ], [ 110.356700564183313, -7.784459591990277, 0.0 ], [ 110.356679798511863, -7.784455939741767, 0.0 ], [ 110.356658747989286, -7.784454717476953, 0.0 ], [ 110.356637697366111, -7.784455940099853, 0.0 ], [ 110.356616932346597, -7.784459591762719, 0.0 ], [ 110.356596731430798, -7.784465623139949, 0.0 ], [ 110.356577370446246, -7.784473953244275, 0.0 ], [ 110.356559108947067, -7.784484467596844, 0.0 ], [ 110.356542195644366, -7.784497025471635, 0.0 ], [ 110.35652685843435, -7.784511457166833, 0.0 ], [ 110.356513304392834, -7.784527567622719, 0.0 ], [ 110.356501717959858, -7.784545137323563, 0.0 ], [ 110.356492254579038, -7.78456393042842, 0.0 ], [ 110.35648504251543, -7.784583692060386, 0.0 ], [ 110.356480179216774, -7.784604155537269, 0.0 ], [ 110.356477731312182, -7.784625043275831, 0.0 ], [ 110.356477731881625, -7.784646073119453, 0.0 ], [ 110.356480179546224, -7.784666960145585, 0.0 ], [ 110.356485042084969, -7.784687423907475, 0.0 ], [ 110.35649225371931, -7.784707184811786, 0.0 ], [ 110.356501717813316, -7.784725977690616, 0.0 ], [ 110.356513304158369, -7.784743548179142, 0.0 ], [ 110.356526858034073, -7.784759658156487, 0.0 ], [ 110.356542195668069, -7.784774089356861, 0.0 ], [ 110.356559109670783, -7.784786647900464, 0.0 ], [ 110.356577369944972, -7.784797162485716, 0.0 ], [ 110.356596731835722, -7.78480549254234, 0.0 ], [ 110.35661693160263, -7.784811523701865, 0.0 ], [ 110.356637697290552, -7.784815175954781, 0.0 ] ] ], [ [ [ 110.359050963086048, -7.784421676919247, 0.0 ], [ 110.359069889687646, -7.784459262577852, 0.0 ], [ 110.359084313197528, -7.784498786127073, 0.0 ], [ 110.359094038533172, -7.784539711802645, 0.0 ], [ 110.359098935027916, -7.784581487656307, 0.0 ], [ 110.359098934614551, -7.784623547362183, 0.0 ], [ 110.359094039061503, -7.784665322890595, 0.0 ], [ 110.359084313617672, -7.784706249021246, 0.0 ], [ 110.359069889719393, -7.784745772392338, 0.0 ], [ 110.359050963167221, -7.784783357829428, 0.0 ], [ 110.35902778866928, -7.784818498286796, 0.0 ], [ 110.359000681649746, -7.784850718468271, 0.0 ], [ 110.358970006449098, -7.784879581141093, 0.0 ], [ 110.358936179935498, -7.78490469799542, 0.0 ], [ 110.358899656996783, -7.784925727813469, 0.0 ], [ 110.358860934152773, -7.784942386424667, 0.0 ], [ 110.358820534133784, -7.784954449395888, 0.0 ], [ 110.358779003158077, -7.784961752931826, 0.0 ], [ 110.358736901855835, -7.784964198383898, 0.0 ], [ 110.358694801640041, -7.784961753149257, 0.0 ], [ 110.358653270196953, -7.784954449744382, 0.0 ], [ 110.35861286967075, -7.784942386706743, 0.0 ], [ 110.358599342338849, -7.784936567107738, 0.0 ], [ 110.358574146688781, -7.784925727675243, 0.0 ], [ 110.358537624204573, -7.784904697759847, 0.0 ], [ 110.358503797874363, -7.784879580822349, 0.0 ], [ 110.358473122455862, -7.784850717647058, 0.0 ], [ 110.358446015446901, -7.78481849870985, 0.0 ], [ 110.358422840770601, -7.784783357822085, 0.0 ], [ 110.358403914216836, -7.784745772138659, 0.0 ], [ 110.358389490766058, -7.784706248571257, 0.0 ], [ 110.358379765497588, -7.7846653228851, 0.0 ], [ 110.358374869074439, -7.784623547029001, 0.0 ], [ 110.358374869559981, -7.784581487329024, 0.0 ], [ 110.358379765181908, -7.78453971181449, 0.0 ], [ 110.358389490687614, -7.784498785704907, 0.0 ], [ 110.358403914637421, -7.784459262360987, 0.0 ], [ 110.358422841227977, -7.784421676955734, 0.0 ], [ 110.358446015749095, -7.784386536533103, 0.0 ], [ 110.358473122775379, -7.784354316387419, 0.0 ], [ 110.358503797965952, -7.784325453749472, 0.0 ], [ 110.358536897690172, -7.784300877223205, 0.0 ], [ 110.358537625360114, -7.784300336928625, 0.0 ], [ 110.358574147350723, -7.784279307136843, 0.0 ], [ 110.358612870140874, -7.784262648547282, 0.0 ], [ 110.358653270096298, -7.784250585590526, 0.0 ], [ 110.358694801002187, -7.784243282061136, 0.0 ], [ 110.35873690223201, -7.784240836607337, 0.0 ], [ 110.358779002376778, -7.784243281832024, 0.0 ], [ 110.358820533754056, -7.784250585219321, 0.0 ], [ 110.358860934223173, -7.784262648232658, 0.0 ], [ 110.358899657159895, -7.784279307234434, 0.0 ], [ 110.358936179613096, -7.784300337116362, 0.0 ], [ 110.358970005928228, -7.784325454018348, 0.0 ], [ 110.359000681348434, -7.784354317158061, 0.0 ], [ 110.359027788375727, -7.784386536061558, 0.0 ], [ 110.359050963086048, -7.784421676919247, 0.0 ] ], [ [ 110.358715851407595, -7.784782134873042, 0.0 ], [ 110.358736901959404, -7.78478335794205, 0.0 ], [ 110.358757952601465, -7.784782135215806, 0.0 ], [ 110.358778717627132, -7.784778483447962, 0.0 ], [ 110.358798918535598, -7.784772451965541, 0.0 ], [ 110.358818279497413, -7.784764122661954, 0.0 ], [ 110.358836540962329, -7.784753607304126, 0.0 ], [ 110.358853454215122, -7.784741049333233, 0.0 ], [ 110.358868791361417, -7.784726617548253, 0.0 ], [ 110.358882345324815, -7.784710507914909, 0.0 ], [ 110.358893932575995, -7.784692938142832, 0.0 ], [ 110.358903395857567, -7.784674144976002, 0.0 ], [ 110.358910607813144, -7.784654383293879, 0.0 ], [ 110.358915470090025, -7.784633919778232, 0.0 ], [ 110.358917918782069, -7.784613032017139, 0.0 ], [ 110.358917918090853, -7.784592002163564, 0.0 ], [ 110.35891547030451, -7.784571115141603, 0.0 ], [ 110.35891060764645, -7.784550651397981, 0.0 ], [ 110.358903395897514, -7.784530890525629, 0.0 ], [ 110.35889393260409, -7.784512096788702, 0.0 ], [ 110.358882345251786, -7.784494527260596, 0.0 ], [ 110.358868791287676, -7.784478417351711, 0.0 ], [ 110.358853454485413, -7.784463985326535, 0.0 ], [ 110.358836540417641, -7.784451427774237, 0.0 ], [ 110.358818280094781, -7.784440912378179, 0.0 ], [ 110.358798918166613, -7.784432583325153, 0.0 ], [ 110.358778718379085, -7.784426551363865, 0.0 ], [ 110.358757952681529, -7.784422900120294, 0.0 ], [ 110.358736902147498, -7.784421677053771, 0.0 ], [ 110.358715851523513, -7.784422899780469, 0.0 ], [ 110.358695086515297, -7.784426551546661, 0.0 ], [ 110.358674885622733, -7.784432583025461, 0.0 ], [ 110.358655524674376, -7.784440912323654, 0.0 ], [ 110.358637263219777, -7.784451427674573, 0.0 ], [ 110.358620349973549, -7.784463985637419, 0.0 ], [ 110.358605012829784, -7.784478417413679, 0.0 ], [ 110.358591458864709, -7.784494527038078, 0.0 ], [ 110.358579871607745, -7.784512096801457, 0.0 ], [ 110.358570408316567, -7.784530889960332, 0.0 ], [ 110.358563196348115, -7.784550651635687, 0.0 ], [ 110.358560118607045, -7.784563604659325, 0.0 ], [ 110.358558334055743, -7.784571115146049, 0.0 ], [ 110.35855588534649, -7.784592002903678, 0.0 ], [ 110.358555886019673, -7.784613032755782, 0.0 ], [ 110.358558333788096, -7.784633919778345, 0.0 ], [ 110.358563196429344, -7.784654383524598, 0.0 ], [ 110.358570408163516, -7.784674144401511, 0.0 ], [ 110.358573895573087, -7.784681070274066, 0.0 ], [ 110.358579871445002, -7.784692938144636, 0.0 ], [ 110.35859145878878, -7.78471050768026, 0.0 ], [ 110.358605012748313, -7.784726617597583, 0.0 ], [ 110.358620349550165, -7.784741049631671, 0.0 ], [ 110.358637263621688, -7.784753607192822, 0.0 ], [ 110.358655523952294, -7.784764122597237, 0.0 ], [ 110.358674885891787, -7.784772451657709, 0.0 ], [ 110.358695085693597, -7.784778483625057, 0.0 ], [ 110.358715851407595, -7.784782134873042, 0.0 ] ] ], [ [ [ 110.360144062675047, -7.784395249630782, 0.0 ], [ 110.360162989377031, -7.784432835248493, 0.0 ], [ 110.360177412991689, -7.784472358768843, 0.0 ], [ 110.360187138435023, -7.784513284427969, 0.0 ], [ 110.360192034132055, -7.784555060276487, 0.0 ], [ 110.360192034734823, -7.784597119992628, 0.0 ], [ 110.360187138382614, -7.784638895541184, 0.0 ], [ 110.360177413043587, -7.784679821705615, 0.0 ], [ 110.360162989247172, -7.784719344217831, 0.0 ], [ 110.360144062788407, -7.784756930616274, 0.0 ], [ 110.360120889285227, -7.78479207114231, 0.0 ], [ 110.360093781439758, -7.784824290494753, 0.0 ], [ 110.360063106308147, -7.784853154157422, 0.0 ], [ 110.360029279856136, -7.784878270199933, 0.0 ], [ 110.359992757873513, -7.78489930011814, 0.0 ], [ 110.359954034160154, -7.784915958831514, 0.0 ], [ 110.359913634166475, -7.784928021909637, 0.0 ], [ 110.359872102296634, -7.784935325553002, 0.0 ], [ 110.359830001901443, -7.784937771115702, 0.0 ], [ 110.359787901673059, -7.784935325989298, 0.0 ], [ 110.35974637020621, -7.784928021785649, 0.0 ], [ 110.359705969642718, -7.78491595884978, 0.0 ], [ 110.359667246611721, -7.784899299914776, 0.0 ], [ 110.359630724974451, -7.784878270090584, 0.0 ], [ 110.359596897665725, -7.784853154138278, 0.0 ], [ 110.359566223074651, -7.784824291037464, 0.0 ], [ 110.359539115072465, -7.78479207125755, 0.0 ], [ 110.3595159412084, -7.784756930423536, 0.0 ], [ 110.359497014554236, -7.784719344781055, 0.0 ], [ 110.359482590998681, -7.784679821242503, 0.0 ], [ 110.359472865622507, -7.784638895572783, 0.0 ], [ 110.359467969090161, -7.784597119720444, 0.0 ], [ 110.359467969466522, -7.784555060011559, 0.0 ], [ 110.359472865887611, -7.784513284476871, 0.0 ], [ 110.359482591288511, -7.784472358333505, 0.0 ], [ 110.359497015136469, -7.784432835848455, 0.0 ], [ 110.359515941633617, -7.784395249481838, 0.0 ], [ 110.359539115160004, -7.78436010899055, 0.0 ], [ 110.359566223012195, -7.784327889673849, 0.0 ], [ 110.359596898133731, -7.784299026046067, 0.0 ], [ 110.359630724559381, -7.784273910035704, 0.0 ], [ 110.359667246500806, -7.784252880145118, 0.0 ], [ 110.359705970160377, -7.784236221453376, 0.0 ], [ 110.359746370090477, -7.784224158389759, 0.0 ], [ 110.359787901890471, -7.784216854752933, 0.0 ], [ 110.359830002213286, -7.784214409188499, 0.0 ], [ 110.35987210237063, -7.784216854304964, 0.0 ], [ 110.359913633771654, -7.784224158491062, 0.0 ], [ 110.35995403427809, -7.784236221402633, 0.0 ], [ 110.359992757263782, -7.784252880307937, 0.0 ], [ 110.360029278870073, -7.784273910098634, 0.0 ], [ 110.360063106163722, -7.78429902601545, 0.0 ], [ 110.360093780756486, -7.784327889080707, 0.0 ], [ 110.36012088877699, -7.784360108826868, 0.0 ], [ 110.360144062675047, -7.784395249630782, 0.0 ] ], [ [ 110.359808951884276, -7.784755707621993, 0.0 ], [ 110.359830002442351, -7.784756930636893, 0.0 ], [ 110.359851052177461, -7.784755707854632, 0.0 ], [ 110.359871818103656, -7.78475205603377, 0.0 ], [ 110.359892018092523, -7.784746024496529, 0.0 ], [ 110.359911379942488, -7.784737695142541, 0.0 ], [ 110.35992964047449, -7.784727180638475, 0.0 ], [ 110.359946554605514, -7.784714621718082, 0.0 ], [ 110.359961891715244, -7.784700190794937, 0.0 ], [ 110.359975445640174, -7.784684080218665, 0.0 ], [ 110.359987032847428, -7.784666510412933, 0.0 ], [ 110.359996496081621, -7.784647717217696, 0.0 ], [ 110.360003707986948, -7.784627955512727, 0.0 ], [ 110.36000857021007, -7.784607492884724, 0.0 ], [ 110.360011017941304, -7.784586605111473, 0.0 ], [ 110.360011018102398, -7.784565575254831, 0.0 ], [ 110.360008570262849, -7.784544687330256, 0.0 ], [ 110.360003707549566, -7.784524224499376, 0.0 ], [ 110.359996495749641, -7.784504462736939, 0.0 ], [ 110.359987032404618, -7.784485669924973, 0.0 ], [ 110.35997544500637, -7.78446809951858, 0.0 ], [ 110.359961891905343, -7.784451989642633, 0.0 ], [ 110.359946554155016, -7.78443755855713, 0.0 ], [ 110.359929640960445, -7.784425000142718, 0.0 ], [ 110.359911379700677, -7.784414484790253, 0.0 ], [ 110.35989201774801, -7.784406155785447, 0.0 ], [ 110.359871817941809, -7.784400123875063, 0.0 ], [ 110.359851052231704, -7.784396472684333, 0.0 ], [ 110.359830001691364, -7.784395249671916, 0.0 ], [ 110.359808951974372, -7.784396472454606, 0.0 ], [ 110.359788186065643, -7.784400124273832, 0.0 ], [ 110.359767986092649, -7.78440615580745, 0.0 ], [ 110.359748624256142, -7.78441448515603, 0.0 ], [ 110.359730363734428, -7.784424999653203, 0.0 ], [ 110.359713449610013, -7.784437558565549, 0.0 ], [ 110.359698112502812, -7.784451989479969, 0.0 ], [ 110.359684558576177, -7.784468100047299, 0.0 ], [ 110.359672971363111, -7.784485669844348, 0.0 ], [ 110.359663508119326, -7.78450446303163, 0.0 ], [ 110.359656296201123, -7.784524224729806, 0.0 ], [ 110.359651433962554, -7.784544687352537, 0.0 ], [ 110.359648986214069, -7.784565575122309, 0.0 ], [ 110.359648986034941, -7.784586604977505, 0.0 ], [ 110.35965143385657, -7.784607492902667, 0.0 ], [ 110.359656296553084, -7.784627955736209, 0.0 ], [ 110.359663508338244, -7.784647717503196, 0.0 ], [ 110.359672971671287, -7.78466651032136, 0.0 ], [ 110.359684559061023, -7.784684080735276, 0.0 ], [ 110.359698112157488, -7.784700190619653, 0.0 ], [ 110.359713449907389, -7.784714621714039, 0.0 ], [ 110.359730363105712, -7.784727180137341, 0.0 ], [ 110.359748624373267, -7.78473769549818, 0.0 ], [ 110.359767986337246, -7.784746024510391, 0.0 ], [ 110.359788186157701, -7.784752056426864, 0.0 ], [ 110.359808951884276, -7.784755707621993, 0.0 ] ] ], [ [ [ 110.363004672661845, -7.783955640863129, 0.0 ], [ 110.363023599611239, -7.783993227277523, 0.0 ], [ 110.363038023490134, -7.784032750721901, 0.0 ], [ 110.36304774920967, -7.784073676337944, 0.0 ], [ 110.363052644284195, -7.784115452175508, 0.0 ], [ 110.363052644268848, -7.784157511914247, 0.0 ], [ 110.363047749114173, -7.784199286616905, 0.0 ], [ 110.363038023154033, -7.78424021286973, 0.0 ], [ 110.363023599634715, -7.784279736407504, 0.0 ], [ 110.363004673444735, -7.784317322052159, 0.0 ], [ 110.362981499287329, -7.784352462755127, 0.0 ], [ 110.362954391676425, -7.784384682311103, 0.0 ], [ 110.362923716759468, -7.78441354529524, 0.0 ], [ 110.362889889589667, -7.78443866158173, 0.0 ], [ 110.362853367769418, -7.784459691761395, 0.0 ], [ 110.362814645096421, -7.784476350750113, 0.0 ], [ 110.362774244298549, -7.784488414109689, 0.0 ], [ 110.36273271340761, -7.784495717137744, 0.0 ], [ 110.362690612142998, -7.784498162988021, 0.0 ], [ 110.362648511919915, -7.78449571724326, 0.0 ], [ 110.362606980421987, -7.784488414223598, 0.0 ], [ 110.362566580703799, -7.784476350653658, 0.0 ], [ 110.362527857577504, -7.784459691973609, 0.0 ], [ 110.362491334906863, -7.784438662385497, 0.0 ], [ 110.362457508350616, -7.784413545746772, 0.0 ], [ 110.362426833576421, -7.784384682838973, 0.0 ], [ 110.362399726274631, -7.784352462322689, 0.0 ], [ 110.362376552179313, -7.7843173225314, 0.0 ], [ 110.362357625277738, -7.78427973609219, 0.0 ], [ 110.36234320145789, -7.784240212629606, 0.0 ], [ 110.362333475805499, -7.784199287002962, 0.0 ], [ 110.362328580802583, -7.784157511162948, 0.0 ], [ 110.362328579983185, -7.784115451428669, 0.0 ], [ 110.36233347611369, -7.784073676741197, 0.0 ], [ 110.362343202135705, -7.784032750509411, 0.0 ], [ 110.362357625706551, -7.783993226998798, 0.0 ], [ 110.362376551934958, -7.783955641385957, 0.0 ], [ 110.362399726115584, -7.783920500717706, 0.0 ], [ 110.362426833733224, -7.783888281197498, 0.0 ], [ 110.362457508640148, -7.783859418248248, 0.0 ], [ 110.362491335783645, -7.783834301993894, 0.0 ], [ 110.362527857562696, -7.7838132718419, 0.0 ], [ 110.36256658018192, -7.78379661287479, 0.0 ], [ 110.362606980916254, -7.783784549529758, 0.0 ], [ 110.362648511737362, -7.783777246508271, 0.0 ], [ 110.362690612929583, -7.783774800656283, 0.0 ], [ 110.362732713081655, -7.783777246391147, 0.0 ], [ 110.36277424451373, -7.783784549393248, 0.0 ], [ 110.362814644174819, -7.78379661293893, 0.0 ], [ 110.362853367255852, -7.783813271589286, 0.0 ], [ 110.362889889895456, -7.783834301143914, 0.0 ], [ 110.362923716436626, -7.783859417747142, 0.0 ], [ 110.36295439121109, -7.783888281523897, 0.0 ], [ 110.362981498532562, -7.783920501101949, 0.0 ], [ 110.363004672661845, -7.783955640863129, 0.0 ] ], [ [ 110.362669561792984, -7.784316099535551, 0.0 ], [ 110.362690612349112, -7.784317322407377, 0.0 ], [ 110.362711662972359, -7.784316099482033, 0.0 ], [ 110.362732428863239, -7.784312447517257, 0.0 ], [ 110.362752628799399, -7.784306416743098, 0.0 ], [ 110.362771989675736, -7.784298087250778, 0.0 ], [ 110.362790251034852, -7.784287571712833, 0.0 ], [ 110.362807165069924, -7.784275013574278, 0.0 ], [ 110.362822502073001, -7.784260582538134, 0.0 ], [ 110.362836055880649, -7.784244471860135, 0.0 ], [ 110.362847642961569, -7.784226901965212, 0.0 ], [ 110.36285710606208, -7.784208108694624, 0.0 ], [ 110.362864317826777, -7.784188347833646, 0.0 ], [ 110.362869180815281, -7.784167884257601, 0.0 ], [ 110.362871628401919, -7.784146996455756, 0.0 ], [ 110.362871628418617, -7.784125966587097, 0.0 ], [ 110.362869180435482, -7.784105079571837, 0.0 ], [ 110.362864317585476, -7.784084615858007, 0.0 ], [ 110.36285710565339, -7.784064854133517, 0.0 ], [ 110.362847643090902, -7.784046061376841, 0.0 ], [ 110.362836055577745, -7.784028491039546, 0.0 ], [ 110.362822502372765, -7.784012381246989, 0.0 ], [ 110.362807164530906, -7.783997950258005, 0.0 ], [ 110.362790251258417, -7.783985391951936, 0.0 ], [ 110.362771989935439, -7.783974876718191, 0.0 ], [ 110.36275262884341, -7.783966546937727, 0.0 ], [ 110.362732428097445, -7.783960516065002, 0.0 ], [ 110.362711663280763, -7.783956864110846, 0.0 ], [ 110.362690612742398, -7.783955641241515, 0.0 ], [ 110.362669562137242, -7.783956864167287, 0.0 ], [ 110.362648796263798, -7.783960516130417, 0.0 ], [ 110.362628596343527, -7.783966546900947, 0.0 ], [ 110.362609235480647, -7.783974876387874, 0.0 ], [ 110.362590974131834, -7.783985391918907, 0.0 ], [ 110.362574060103341, -7.783997950049411, 0.0 ], [ 110.362558723102765, -7.784012381076831, 0.0 ], [ 110.36254516929344, -7.784028491745903, 0.0 ], [ 110.362533582206709, -7.784046061632132, 0.0 ], [ 110.362524119096605, -7.78406485489479, 0.0 ], [ 110.362516907319005, -7.78408461574896, 0.0 ], [ 110.362512044315039, -7.78410507931974, 0.0 ], [ 110.362509596711178, -7.784125967118144, 0.0 ], [ 110.362509596676418, -7.784146996985342, 0.0 ], [ 110.362512044641676, -7.784167884001203, 0.0 ], [ 110.362516907474898, -7.784188347717706, 0.0 ], [ 110.362524119392205, -7.784208109446728, 0.0 ], [ 110.362533581942728, -7.784226902209622, 0.0 ], [ 110.362545169447401, -7.784244472554424, 0.0 ], [ 110.362558722647819, -7.784260582355414, 0.0 ], [ 110.362574060489251, -7.784275013353295, 0.0 ], [ 110.362590973765492, -7.784287571668232, 0.0 ], [ 110.362609235096258, -7.784298086910349, 0.0 ], [ 110.362628596199613, -7.784306416698248, 0.0 ], [ 110.362648796959846, -7.784312447577026, 0.0 ], [ 110.362669561792984, -7.784316099535551, 0.0 ] ] ], [ [ [ 110.359262405455226, -7.783372039532379, 0.0 ], [ 110.359281332037014, -7.783409625181095, 0.0 ], [ 110.359295755539449, -7.783449148723774, 0.0 ], [ 110.35930548087876, -7.783490075300691, 0.0 ], [ 110.359310377392333, -7.783531850250204, 0.0 ], [ 110.359310377008626, -7.783573909959844, 0.0 ], [ 110.359305481497017, -7.783615685495439, 0.0 ], [ 110.359295756105809, -7.783656611636588, 0.0 ], [ 110.359281332270683, -7.783696135021342, 0.0 ], [ 110.359262405791313, -7.783733720475079, 0.0 ], [ 110.3592392313749, -7.783768860951833, 0.0 ], [ 110.359212124444369, -7.783801081155224, 0.0 ], [ 110.359181449339147, -7.783829943852147, 0.0 ], [ 110.359147622019137, -7.783855060731072, 0.0 ], [ 110.359111100091539, -7.783876090577989, 0.0 ], [ 110.359072377354067, -7.783892749217815, 0.0 ], [ 110.359031977442427, -7.783904812218461, 0.0 ], [ 110.358990445666606, -7.783912115782787, 0.0 ], [ 110.358948345376049, -7.783914561265973, 0.0 ], [ 110.358906244354657, -7.783912116059279, 0.0 ], [ 110.358864713914969, -7.783904812684254, 0.0 ], [ 110.358824313479133, -7.783892749673843, 0.0 ], [ 110.358785590580183, -7.783876090668015, 0.0 ], [ 110.358749068170553, -7.783855060776304, 0.0 ], [ 110.358715240998535, -7.783829943858914, 0.0 ], [ 110.358684566541655, -7.783801080703913, 0.0 ], [ 110.358657458670777, -7.783768860876937, 0.0 ], [ 110.358634284931981, -7.783733720908121, 0.0 ], [ 110.358615358398026, -7.783696135234629, 0.0 ], [ 110.35860093495468, -7.783656611673771, 0.0 ], [ 110.35859120968253, -7.783615685086267, 0.0 ], [ 110.358586313240536, -7.783573910134316, 0.0 ], [ 110.358586313696435, -7.783531850430577, 0.0 ], [ 110.358591209276923, -7.783490074908836, 0.0 ], [ 110.358600934729992, -7.783449148788772, 0.0 ], [ 110.358615358616632, -7.783409625431166, 0.0 ], [ 110.358634285134372, -7.783372040009279, 0.0 ], [ 110.358657459573976, -7.783336899567256, 0.0 ], [ 110.358684566511229, -7.783304679399632, 0.0 ], [ 110.358715241606376, -7.783275816737598, 0.0 ], [ 110.358749068900039, -7.783250699890792, 0.0 ], [ 110.358785590786454, -7.783229670071492, 0.0 ], [ 110.35882431347008, -7.783213011453268, 0.0 ], [ 110.358864713318155, -7.783200948467135, 0.0 ], [ 110.358906245024173, -7.783193644909341, 0.0 ], [ 110.358948345242354, -7.783191199424399, 0.0 ], [ 110.35899044619272, -7.783193644621176, 0.0 ], [ 110.359031976566598, -7.783200947978627, 0.0 ], [ 110.359072376945349, -7.783213010964736, 0.0 ], [ 110.359111099799037, -7.783229669940867, 0.0 ], [ 110.359147622177687, -7.783250699799074, 0.0 ], [ 110.359181449334656, -7.783275816680961, 0.0 ], [ 110.359212123793213, -7.78330467980041, 0.0 ], [ 110.359239231682423, -7.783336899593654, 0.0 ], [ 110.359262405455226, -7.783372039532379, 0.0 ] ], [ [ 110.358927294851, -7.783732497753512, 0.0 ], [ 110.358948345352132, -7.78373372080789, 0.0 ], [ 110.358969395941813, -7.783732498066738, 0.0 ], [ 110.358990160914104, -7.783728846284041, 0.0 ], [ 110.359010361768867, -7.783722814786914, 0.0 ], [ 110.359029722677434, -7.783714485469007, 0.0 ], [ 110.359047984090239, -7.78370397009743, 0.0 ], [ 110.359064897292782, -7.783691412113551, 0.0 ], [ 110.359080234391371, -7.783676980316504, 0.0 ], [ 110.359093788310247, -7.783660870672227, 0.0 ], [ 110.35910537552067, -7.783643300890445, 0.0 ], [ 110.359114838765834, -7.783624507715273, 0.0 ], [ 110.359122050689848, -7.783604746026319, 0.0 ], [ 110.359126912940397, -7.783584282505462, 0.0 ], [ 110.359129360703449, -7.783563395643873, 0.0 ], [ 110.359129360904305, -7.7835423657898, 0.0 ], [ 110.359126913110629, -7.78352147786317, 0.0 ], [ 110.359122050448661, -7.783501015025641, 0.0 ], [ 110.359114838704841, -7.783481253252028, 0.0 ], [ 110.359105375419929, -7.783462460424554, 0.0 ], [ 110.359093788085005, -7.783444889998505, 0.0 ], [ 110.359080234142681, -7.783428780097688, 0.0 ], [ 110.359064897367773, -7.783414348081934, 0.0 ], [ 110.359047983332573, -7.783401790540388, 0.0 ], [ 110.359029723046973, -7.783391275156202, 0.0 ], [ 110.35901036116033, -7.783382946115982, 0.0 ], [ 110.358990161417964, -7.783376914168332, 0.0 ], [ 110.358969395768653, -7.783373262938976, 0.0 ], [ 110.358948345285285, -7.783372039887102, 0.0 ], [ 110.358927294713695, -7.783373262628653, 0.0 ], [ 110.358906529758883, -7.783376914409747, 0.0 ], [ 110.358886328919979, -7.783382945903253, 0.0 ], [ 110.358866968024898, -7.783391275215757, 0.0 ], [ 110.358848706622382, -7.783401790580425, 0.0 ], [ 110.358831793426404, -7.783414348556277, 0.0 ], [ 110.358816456330359, -7.783428780344583, 0.0 ], [ 110.358802902409792, -7.783444889979935, 0.0 ], [ 110.358791315193571, -7.783462459753037, 0.0 ], [ 110.358781851938815, -7.783481252920219, 0.0 ], [ 110.358774640001926, -7.783501014602411, 0.0 ], [ 110.358769777735901, -7.783521478117999, 0.0 ], [ 110.358767329048717, -7.783542364974733, 0.0 ], [ 110.358767329736708, -7.783563394828727, 0.0 ], [ 110.358769777512521, -7.783584282755945, 0.0 ], [ 110.358774640157662, -7.783604745596133, 0.0 ], [ 110.358781851886732, -7.783624507374275, 0.0 ], [ 110.358791315159678, -7.783643300207965, 0.0 ], [ 110.358802902486119, -7.783660870641516, 0.0 ], [ 110.358816456423824, -7.783676980550781, 0.0 ], [ 110.358831793198348, -7.783691412575429, 0.0 ], [ 110.358848707237314, -7.783703970125848, 0.0 ], [ 110.358866967530631, -7.783714485518408, 0.0 ], [ 110.3588863294286, -7.783722814566032, 0.0 ], [ 110.358906529185219, -7.783728846519776, 0.0 ], [ 110.358927294851, -7.783732497753512, 0.0 ] ] ], [ [ [ 110.35838491859532, -7.781395766687598, 0.0 ], [ 110.358403845928407, -7.781433352366741, 0.0 ], [ 110.358418269293807, -7.781472875930692, 0.0 ], [ 110.358427994517882, -7.781513801616382, 0.0 ], [ 110.358429649936539, -7.781527924422575, 0.0 ], [ 110.358459961567377, -7.781545378453297, 0.0 ], [ 110.358493788551911, -7.781570494473044, 0.0 ], [ 110.358524463751834, -7.781599357631951, 0.0 ], [ 110.358551570579138, -7.781631577457139, 0.0 ], [ 110.358574744208184, -7.781666718328462, 0.0 ], [ 110.358593671569054, -7.781704304001016, 0.0 ], [ 110.358608094959962, -7.781743827560199, 0.0 ], [ 110.358617820206888, -7.781784753243042, 0.0 ], [ 110.358622716644362, -7.781826529101188, 0.0 ], [ 110.358622716206014, -7.781868588808579, 0.0 ], [ 110.358617820661976, -7.781910363431098, 0.0 ], [ 110.358608095258205, -7.781951289557529, 0.0 ], [ 110.358593671431947, -7.781990812921554, 0.0 ], [ 110.358574744981397, -7.78202839925335, 0.0 ], [ 110.358551571522966, -7.78206353969968, 0.0 ], [ 110.358524463758229, -7.782095758960464, 0.0 ], [ 110.358493788742166, -7.78212462252073, 0.0 ], [ 110.358459962437678, -7.782149739355972, 0.0 ], [ 110.358423440635207, -7.782170769154585, 0.0 ], [ 110.358384718037769, -7.78218742774353, 0.0 ], [ 110.358344317372215, -7.782199490689937, 0.0 ], [ 110.358302786667181, -7.782206794201604, 0.0 ], [ 110.358260685642293, -7.782209239628891, 0.0 ], [ 110.358218585706737, -7.782206794369309, 0.0 ], [ 110.358177054543006, -7.782199490939631, 0.0 ], [ 110.358136654291513, -7.782187427877681, 0.0 ], [ 110.358097931575827, -7.782170768822699, 0.0 ], [ 110.35806141025293, -7.782149738886294, 0.0 ], [ 110.358027583253346, -7.782124622831063, 0.0 ], [ 110.3579969080551, -7.782095759636576, 0.0 ], [ 110.357969801246156, -7.782063539777684, 0.0 ], [ 110.357946627651089, -7.782028398876297, 0.0 ], [ 110.357927700338067, -7.781990813178942, 0.0 ], [ 110.357913277006219, -7.781951289601571, 0.0 ], [ 110.357903551826467, -7.781910363908153, 0.0 ], [ 110.357901896425105, -7.78189624110149, 0.0 ], [ 110.357871584796612, -7.781878787031004, 0.0 ], [ 110.357837757829969, -7.78185367096301, 0.0 ], [ 110.35780708266401, -7.781824807757117, 0.0 ], [ 110.357779975886274, -7.781792587888272, 0.0 ], [ 110.357756802319514, -7.781757447883095, 0.0 ], [ 110.357737875035639, -7.781719861274663, 0.0 ], [ 110.357723451727935, -7.781680338597047, 0.0 ], [ 110.357713726572385, -7.78163941199628, 0.0 ], [ 110.357708830225008, -7.781597637039313, 0.0 ], [ 110.357708830752216, -7.781555577338818, 0.0 ], [ 110.357713726379799, -7.781513801828559, 0.0 ], [ 110.357723451855065, -7.781472875728061, 0.0 ], [ 110.357737875738721, -7.781433352397852, 0.0 ], [ 110.357756802229716, -7.781395766106267, 0.0 ], [ 110.357779975709548, -7.781360625704653, 0.0 ], [ 110.357807083475393, -7.781328406491119, 0.0 ], [ 110.357837757565079, -7.781299542977175, 0.0 ], [ 110.35787158473579, -7.781274427093887, 0.0 ], [ 110.357908106482, -7.781253396433311, 0.0 ], [ 110.357946829005982, -7.781236737881687, 0.0 ], [ 110.357987229585362, -7.781224674966006, 0.0 ], [ 110.358028760195268, -7.78121737147746, 0.0 ], [ 110.358070860213274, -7.781214926063742, 0.0 ], [ 110.358112960955211, -7.781217371331334, 0.0 ], [ 110.358154492022052, -7.781224674759652, 0.0 ], [ 110.358194892184272, -7.78123673781297, 0.0 ], [ 110.358233614821799, -7.781253396853157, 0.0 ], [ 110.35827013608062, -7.781274426769989, 0.0 ], [ 110.358303963032199, -7.781299542802502, 0.0 ], [ 110.35833463819985, -7.781328405972851, 0.0 ], [ 110.358361744995946, -7.781360625807962, 0.0 ], [ 110.35838491859532, -7.781395766687598, 0.0 ] ], [ [ 110.358049810818542, -7.781756225222853, 0.0 ], [ 110.35807086030988, -7.781757447406783, 0.0 ], [ 110.358091910799473, -7.781756224701244, 0.0 ], [ 110.358105879239005, -7.781753768382746, 0.0 ], [ 110.358103656701132, -7.781757138841582, 0.0 ], [ 110.358094193462861, -7.781775931091051, 0.0 ], [ 110.358086981530406, -7.781795692762861, 0.0 ], [ 110.358082119258114, -7.781816156271098, 0.0 ], [ 110.358079670552655, -7.781837044028069, 0.0 ], [ 110.358079671213332, -7.781858073880913, 0.0 ], [ 110.358082118953163, -7.781878960905709, 0.0 ], [ 110.358086981550059, -7.781899424655586, 0.0 ], [ 110.358094193223366, -7.781919186442009, 0.0 ], [ 110.358103656432419, -7.781937979286875, 0.0 ], [ 110.358115243688999, -7.781955548830008, 0.0 ], [ 110.358128797549227, -7.781971658755925, 0.0 ], [ 110.358144134240973, -7.781986090799602, 0.0 ], [ 110.358161048191633, -7.781998649275728, 0.0 ], [ 110.358179309303395, -7.78200916378817, 0.0 ], [ 110.358198670202782, -7.782017492858993, 0.0 ], [ 110.358218870774181, -7.782023524839884, 0.0 ], [ 110.358239635441592, -7.782027176098899, 0.0 ], [ 110.358260685853267, -7.78202839918039, 0.0 ], [ 110.358281736356659, -7.782027176466535, 0.0 ], [ 110.358302502153904, -7.782023524712197, 0.0 ], [ 110.358322702025291, -7.782017493240133, 0.0 ], [ 110.358342062863812, -7.78200916394766, 0.0 ], [ 110.358360324214033, -7.781998648600237, 0.0 ], [ 110.358377237362319, -7.781986090638878, 0.0 ], [ 110.358392574415632, -7.781971658862427, 0.0 ], [ 110.358406128298824, -7.781955549236513, 0.0 ], [ 110.358417715485089, -7.78193797856611, 0.0 ], [ 110.358427178713796, -7.781919186308705, 0.0 ], [ 110.358434390633363, -7.781899424630083, 0.0 ], [ 110.358439252890193, -7.781878961116572, 0.0 ], [ 110.358441701578428, -7.781858073356174, 0.0 ], [ 110.358441700899718, -7.781837043501806, 0.0 ], [ 110.358439253142009, -7.78181615647765, 0.0 ], [ 110.358434390528302, -7.781795692730399, 0.0 ], [ 110.358427178840245, -7.781775930948535, 0.0 ], [ 110.358417715619254, -7.781757138109829, 0.0 ], [ 110.358406128354133, -7.781739568574249, 0.0 ], [ 110.358392574489343, -7.781723458656744, 0.0 ], [ 110.358377237797171, -7.781709026621974, 0.0 ], [ 110.358360323850249, -7.781696468154717, 0.0 ], [ 110.35834206274626, -7.781685953650668, 0.0 ], [ 110.358322701858157, -7.781677624587235, 0.0 ], [ 110.35830250130104, -7.78167159261245, 0.0 ], [ 110.358281736650085, -7.781667941357801, 0.0 ], [ 110.358260686256159, -7.781666718278811, 0.0 ], [ 110.358239635770843, -7.781667940993106, 0.0 ], [ 110.358225667334636, -7.781670397316325, 0.0 ], [ 110.358227889871046, -7.781667026856724, 0.0 ], [ 110.35823735310079, -7.781648234603473, 0.0 ], [ 110.358244565023313, -7.781628472928191, 0.0 ], [ 110.358249427284974, -7.781608009417091, 0.0 ], [ 110.358251875979846, -7.781587121658129, 0.0 ], [ 110.358251875309492, -7.781566091804303, 0.0 ], [ 110.358249427563095, -7.781545203875152, 0.0 ], [ 110.358244564959463, -7.781524741030995, 0.0 ], [ 110.358237353284139, -7.781504979246741, 0.0 ], [ 110.358227890077032, -7.781486186404763, 0.0 ], [ 110.358216302826762, -7.781468616865008, 0.0 ], [ 110.358202748977561, -7.781452506942554, 0.0 ], [ 110.358187412301533, -7.781438074902051, 0.0 ], [ 110.358170498371081, -7.781425516428416, 0.0 ], [ 110.358152237283676, -7.781415001917386, 0.0 ], [ 110.358132876413421, -7.781406671942014, 0.0 ], [ 110.358112675871027, -7.781400640863885, 0.0 ], [ 110.35809191033006, -7.781396988695273, 0.0 ], [ 110.358070860856444, -7.781395766513858, 0.0 ], [ 110.358049810384941, -7.781396989219806, 0.0 ], [ 110.35802904461778, -7.781400640964203, 0.0 ], [ 110.358008844773607, -7.781406672424555, 0.0 ], [ 110.357989483958363, -7.781415001703754, 0.0 ], [ 110.357971222626645, -7.781425517036809, 0.0 ], [ 110.357954309491475, -7.781438074983142, 0.0 ], [ 110.357938971538431, -7.781452506743111, 0.0 ], [ 110.357925418563269, -7.781468616355711, 0.0 ], [ 110.357913831372102, -7.781486187012432, 0.0 ], [ 110.357904368132779, -7.781504979257695, 0.0 ], [ 110.357897156197382, -7.781524740926197, 0.0 ], [ 110.357892293920258, -7.781545204432024, 0.0 ], [ 110.357889845208149, -7.781566092187505, 0.0 ], [ 110.357889845860484, -7.781587122039878, 0.0 ], [ 110.357892293588975, -7.781608009969612, 0.0 ], [ 110.357897156175824, -7.78162847281643, 0.0 ], [ 110.357904367836383, -7.78164823460521, 0.0 ], [ 110.357913831031539, -7.781667027453396, 0.0 ], [ 110.357925418271932, -7.781684597905159, 0.0 ], [ 110.357938972117935, -7.781700706931555, 0.0 ], [ 110.357954308793509, -7.781715138980925, 0.0 ], [ 110.357971222727713, -7.781727697463436, 0.0 ], [ 110.357989483822877, -7.78173821198284, 0.0 ], [ 110.358008844704457, -7.781746541965635, 0.0 ], [ 110.358029045261105, -7.78175257304984, 0.0 ], [ 110.358049810818542, -7.781756225222853, 0.0 ] ] ], [ [ [ 110.359775858281168, -7.780950530600811, 0.0 ], [ 110.359794784819584, -7.780988116225762, 0.0 ], [ 110.359809208307325, -7.78102763975263, 0.0 ], [ 110.359818933662154, -7.781068565417433, 0.0 ], [ 110.359823830217195, -7.781110341272083, 0.0 ], [ 110.359823829904414, -7.781152400990644, 0.0 ], [ 110.359818933583952, -7.781194176541946, 0.0 ], [ 110.359809208316605, -7.781235102708091, 0.0 ], [ 110.359794784630836, -7.781274625220917, 0.0 ], [ 110.359775858320234, -7.781312211618859, 0.0 ], [ 110.359752685000657, -7.781347352143328, 0.0 ], [ 110.359725577371833, -7.781379571493148, 0.0 ], [ 110.359694902486908, -7.781408435152152, 0.0 ], [ 110.359661076308313, -7.781433551189992, 0.0 ], [ 110.359624554622158, -7.781454581102635, 0.0 ], [ 110.359585831224251, -7.781471239809617, 0.0 ], [ 110.359565973454593, -7.781477169652295, 0.0 ], [ 110.359569806093418, -7.781493299233237, 0.0 ], [ 110.359574702626418, -7.781535074183824, 0.0 ], [ 110.359574702283979, -7.781577134804034, 0.0 ], [ 110.359569806838991, -7.781618909446089, 0.0 ], [ 110.359560080627901, -7.781659835601597, 0.0 ], [ 110.35954565780726, -7.781699359007964, 0.0 ], [ 110.359526730546307, -7.781736945389309, 0.0 ], [ 110.359503557180886, -7.781772085895884, 0.0 ], [ 110.359476449504385, -7.781804305225362, 0.0 ], [ 110.359445775477582, -7.781833168863269, 0.0 ], [ 110.359411948342768, -7.781858284875404, 0.0 ], [ 110.359375426607457, -7.781879314762181, 0.0 ], [ 110.35933670406817, -7.781895973443488, 0.0 ], [ 110.359296303450989, -7.781908036485213, 0.0 ], [ 110.359254772783885, -7.781915340093856, 0.0 ], [ 110.359212672692905, -7.781917785619829, 0.0 ], [ 110.359170571866144, -7.781915340455253, 0.0 ], [ 110.359129040706549, -7.781908037119672, 0.0 ], [ 110.359088640447638, -7.781895974148276, 0.0 ], [ 110.359049917713079, -7.781879315179078, 0.0 ], [ 110.359013396361405, -7.781858284418029, 0.0 ], [ 110.358979569320908, -7.781833168435651, 0.0 ], [ 110.358948894978369, -7.781804305307403, 0.0 ], [ 110.358921787201723, -7.781772085503132, 0.0 ], [ 110.358898613535786, -7.781736945552638, 0.0 ], [ 110.358879687053715, -7.781699358988249, 0.0 ], [ 110.358865263637796, -7.781659835436251, 0.0 ], [ 110.358855538368303, -7.781618909757156, 0.0 ], [ 110.358850641906884, -7.781577134804133, 0.0 ], [ 110.358850642321485, -7.781535074189792, 0.0 ], [ 110.358855537835339, -7.78149329956159, 0.0 ], [ 110.358865264108289, -7.781452373427183, 0.0 ], [ 110.35887968698043, -7.781412850047986, 0.0 ], [ 110.358898614279738, -7.781375263698434, 0.0 ], [ 110.358921787668322, -7.781340123226579, 0.0 ], [ 110.358948895351546, -7.781307903932847, 0.0 ], [ 110.358979569368302, -7.781279040329831, 0.0 ], [ 110.359013396476769, -7.781253924349808, 0.0 ], [ 110.359049918170896, -7.781232894490663, 0.0 ], [ 110.359088640656381, -7.781216235830948, 0.0 ], [ 110.359108499325259, -7.781210306011476, 0.0 ], [ 110.359104666706102, -7.781194176427799, 0.0 ], [ 110.359099770222642, -7.781152400570723, 0.0 ], [ 110.359099770607585, -7.781110340858032, 0.0 ], [ 110.359104666090005, -7.781068565319213, 0.0 ], [ 110.359114392326134, -7.7810276391755, 0.0 ], [ 110.359128815156467, -7.780988116688492, 0.0 ], [ 110.359147742412361, -7.780950530323702, 0.0 ], [ 110.359170915755101, -7.780915389833972, 0.0 ], [ 110.359198023390661, -7.780883170519911, 0.0 ], [ 110.359228698265511, -7.780854306895765, 0.0 ], [ 110.359262524417744, -7.78082919089005, 0.0 ], [ 110.359299046062731, -7.780808161005018, 0.0 ], [ 110.359337769406821, -7.780791502319668, 0.0 ], [ 110.359378169006717, -7.780779439263203, 0.0 ], [ 110.359419699559268, -7.780772135632819, 0.0 ], [ 110.359461800442816, -7.780769690078125, 0.0 ], [ 110.35950390025296, -7.78077213520343, 0.0 ], [ 110.35954543131048, -7.780779439398628, 0.0 ], [ 110.359585831481738, -7.780791502319515, 0.0 ], [ 110.359624554145142, -7.780808161234241, 0.0 ], [ 110.359661075446354, -7.78082919103429, 0.0 ], [ 110.359694902456283, -7.780854306960258, 0.0 ], [ 110.359725576790524, -7.780883170034381, 0.0 ], [ 110.359752684581181, -7.780915389788997, 0.0 ], [ 110.359775858281168, -7.780950530600811, 0.0 ] ], [ [ 110.359440750176134, -7.78131098855602, 0.0 ], [ 110.359461800560595, -7.781312211575341, 0.0 ], [ 110.359482850122589, -7.781310988797285, 0.0 ], [ 110.359503615878495, -7.781307336980331, 0.0 ], [ 110.359523815702275, -7.781301305446651, 0.0 ], [ 110.359543177394499, -7.781292976095865, 0.0 ], [ 110.359561437778282, -7.781282461594563, 0.0 ], [ 110.359578351772569, -7.78126990267653, 0.0 ], [ 110.359593688758949, -7.781255471755197, 0.0 ], [ 110.359607242575564, -7.781239361180261, 0.0 ], [ 110.359618829691016, -7.781221791375295, 0.0 ], [ 110.359628292851141, -7.7812029981803, 0.0 ], [ 110.359635504701131, -7.781183236475039, 0.0 ], [ 110.359640366888399, -7.781162773846186, 0.0 ], [ 110.359642814603774, -7.781141886071556, 0.0 ], [ 110.359642814769202, -7.781120856213017, 0.0 ], [ 110.359640366954068, -7.781099968286066, 0.0 ], [ 110.359635504285052, -7.781079505452348, 0.0 ], [ 110.359628292548564, -7.781059743686659, 0.0 ], [ 110.359618829285324, -7.781040950871067, 0.0 ], [ 110.359607241986126, -7.781023380460728, 0.0 ], [ 110.359593689, -7.781007270580565, 0.0 ], [ 110.359578351378943, -7.780992839490628, 0.0 ], [ 110.359561438326253, -7.78098028107163, 0.0 ], [ 110.35954317721901, -7.780969765714494, 0.0 ], [ 110.359523815427508, -7.780961436704971, 0.0 ], [ 110.359503615788881, -7.780955404789937, 0.0 ], [ 110.359482850250515, -7.780951753594641, 0.0 ], [ 110.359461799883803, -7.780950530577818, 0.0 ], [ 110.3594407503399, -7.780951753356309, 0.0 ], [ 110.359419984601431, -7.780955405171643, 0.0 ], [ 110.359399784793553, -7.780961436701684, 0.0 ], [ 110.3593804231148, -7.780969766047064, 0.0 ], [ 110.359362162741292, -7.780980280541445, 0.0 ], [ 110.359345248753598, -7.78099283945147, 0.0 ], [ 110.359329911769734, -7.781007270364078, 0.0 ], [ 110.359316357951414, -7.781023380930078, 0.0 ], [ 110.359304770830178, -7.781040950726347, 0.0 ], [ 110.359295307660474, -7.78105974391341, 0.0 ], [ 110.359288095797595, -7.78107950561188, 0.0 ], [ 110.35928323359488, -7.781099968235479, 0.0 ], [ 110.359280785862282, -7.781120856006629, 0.0 ], [ 110.359280785678834, -7.7811418858637, 0.0 ], [ 110.359283233476035, -7.781162773791256, 0.0 ], [ 110.359288096128296, -7.78118323662762, 0.0 ], [ 110.359295307850019, -7.78120299839787, 0.0 ], [ 110.359304771101293, -7.781221791219641, 0.0 ], [ 110.359316358391993, -7.781239361637516, 0.0 ], [ 110.359329911373536, -7.781255471526091, 0.0 ], [ 110.35934524899416, -7.781269902624918, 0.0 ], [ 110.35936216205063, -7.7812824610528, 0.0 ], [ 110.359380423165632, -7.781292976418293, 0.0 ], [ 110.359399784968446, -7.78130130543522, 0.0 ], [ 110.35941998462134, -7.781307337356342, 0.0 ], [ 110.359440750176134, -7.78131098855602, 0.0 ] ], [ [ 110.359191622081852, -7.781735722102337, 0.0 ], [ 110.359212672485668, -7.781736945135646, 0.0 ], [ 110.359233722068652, -7.781735722371756, 0.0 ], [ 110.35925448784694, -7.781732070568927, 0.0 ], [ 110.359274687694125, -7.781726039049195, 0.0 ], [ 110.359294049410494, -7.781717709711928, 0.0 ], [ 110.35931230982024, -7.78170719431907, 0.0 ], [ 110.359329223837818, -7.781694636317693, 0.0 ], [ 110.359344560848584, -7.78168020540759, 0.0 ], [ 110.359358114689059, -7.781664094842831, 0.0 ], [ 110.359369701827418, -7.781646525046815, 0.0 ], [ 110.359379165009244, -7.781627731859423, 0.0 ], [ 110.359386376879456, -7.781607970160328, 0.0 ], [ 110.359391239085141, -7.781587507536101, 0.0 ], [ 110.359393686816915, -7.781566619764562, 0.0 ], [ 110.359393686996484, -7.781545589907439, 0.0 ], [ 110.359391239193073, -7.781524701980262, 0.0 ], [ 110.359386376533124, -7.781504239144683, 0.0 ], [ 110.359379164803045, -7.781484477375489, 0.0 ], [ 110.359369701543386, -7.781465684554861, 0.0 ], [ 110.359358114244884, -7.781448114137942, 0.0 ], [ 110.35934456125662, -7.781432004249821, 0.0 ], [ 110.359329223631946, -7.781417572246094, 0.0 ], [ 110.359312310570104, -7.781405014721142, 0.0 ], [ 110.359294049452416, -7.781394499352499, 0.0 ], [ 110.359274687647954, -7.781386170330602, 0.0 ], [ 110.359254487994036, -7.781380138402449, 0.0 ], [ 110.359233722438248, -7.781376487193505, 0.0 ], [ 110.35921267205218, -7.781375264162695, 0.0 ], [ 110.359191622487273, -7.781376486927019, 0.0 ], [ 110.35917085672645, -7.781380138728194, 0.0 ], [ 110.359150656895153, -7.781386170244311, 0.0 ], [ 110.359131295192228, -7.781394499576167, 0.0 ], [ 110.359113034792784, -7.781405014962139, 0.0 ], [ 110.359096120781786, -7.781417572955471, 0.0 ], [ 110.35908078377355, -7.781432003856841, 0.0 ], [ 110.359067229931398, -7.781448114412675, 0.0 ], [ 110.35905564278724, -7.781465684199996, 0.0 ], [ 110.359046179595822, -7.781484477379468, 0.0 ], [ 110.359038967712735, -7.781504239071749, 0.0 ], [ 110.359034105491602, -7.781524701690707, 0.0 ], [ 110.359031657742591, -7.781545589458802, 0.0 ], [ 110.359031657544989, -7.781566619314463, 0.0 ], [ 110.359034105330508, -7.781587507242222, 0.0 ], [ 110.35903896797366, -7.781607970080449, 0.0 ], [ 110.359046179688988, -7.781627731854185, 0.0 ], [ 110.359055642936681, -7.781646524681027, 0.0 ], [ 110.359067230226685, -7.781664095105445, 0.0 ], [ 110.359080783210374, -7.781680205001996, 0.0 ], [ 110.359096120834622, -7.781694637014629, 0.0 ], [ 110.359113033900229, -7.781707194548436, 0.0 ], [ 110.359131295025662, -7.781717709925451, 0.0 ], [ 110.359150656841422, -7.781726038954771, 0.0 ], [ 110.359170856509607, -7.781732070888998, 0.0 ], [ 110.359191622081852, -7.781735722102337, 0.0 ] ] ] ] } },
{ "type": "Feature", "properties": { "distance": 80.0 }, "geometry": { "type": "MultiPolygon", "coordinates": [ [ [ [ 110.361640640999966, -7.787290486999868, 0.0 ], [ 110.361615038853003, -7.787551403013841, 0.0 ], [ 110.361578640215384, -7.787535744322464, 0.0 ], [ 110.361538239341499, -7.787523681538142, 0.0 ], [ 110.361496708484665, -7.787516378389535, 0.0 ], [ 110.361454607071352, -7.787513932501369, 0.0 ], [ 110.361412506413885, -7.78751637820076, 0.0 ], [ 110.361370974299476, -7.787523681971498, 0.0 ], [ 110.36133057408081, -7.78753574426165, 0.0 ], [ 110.361291851066653, -7.787552403081159, 0.0 ], [ 110.361255328895652, -7.787573433091827, 0.0 ], [ 110.361221501367197, -7.787598550117415, 0.0 ], [ 110.361190826090194, -7.787627412943345, 0.0 ], [ 110.361163718120949, -7.787659632351765, 0.0 ], [ 110.361140544518932, -7.787694772922693, 0.0 ], [ 110.361121617083043, -7.787732358449905, 0.0 ], [ 110.361107193243356, -7.787771881891814, 0.0 ], [ 110.361097467894822, -7.787812808072754, 0.0 ], [ 110.361092571568136, -7.787854583629716, 0.0 ], [ 110.361092572233872, -7.787896643346657, 0.0 ], [ 110.361097468034728, -7.787938418284074, 0.0 ], [ 110.361107193620171, -7.787979344833706, 0.0 ], [ 110.361121617420125, -7.788018868332405, 0.0 ], [ 110.36113789466323, -7.788051193653455, 0.0 ], [ 110.361108835000067, -7.788045535999914, 0.0 ], [ 110.360982551000077, -7.788017882999944, 0.0 ], [ 110.36088207800006, -7.787994837999933, 0.0 ], [ 110.360744133000054, -7.787961625999916, 0.0 ], [ 110.360735446886792, -7.787959574162979, 0.0 ], [ 110.360730536366319, -7.787917672855845, 0.0 ], [ 110.360730536920926, -7.787833553430578, 0.0 ], [ 110.360740328736327, -7.787750002329124, 0.0 ], [ 110.360759779495254, -7.787668149988329, 0.0 ], [ 110.360788627224792, -7.78758910403618, 0.0 ], [ 110.360826481229509, -7.78751393210772, 0.0 ], [ 110.360872829363657, -7.787443651001949, 0.0 ], [ 110.360927045308856, -7.787379212220868, 0.0 ], [ 110.36098839494727, -7.787321485698119, 0.0 ], [ 110.36105604997509, -7.787271253488049, 0.0 ], [ 110.361129094275896, -7.787229193494413, 0.0 ], [ 110.361206541158666, -7.787195874973865, 0.0 ], [ 110.361287342440733, -7.787171749504925, 0.0 ], [ 110.361370405691403, -7.787157142873165, 0.0 ], [ 110.361454606933947, -7.787152251472651, 0.0 ], [ 110.361538808783919, -7.787157142333233, 0.0 ], [ 110.361621872244214, -7.787171749520121, 0.0 ], [ 110.36165825344996, -7.787182612242983, 0.0 ], [ 110.361640640999966, -7.787290486999868, 0.0 ] ] ], [ [ [ 110.357286868581326, -7.784273876041021, 0.0 ], [ 110.357324722354875, -7.78434904839479, 0.0 ], [ 110.357353569942802, -7.784428094681588, 0.0 ], [ 110.357373021176713, -7.78450994699048, 0.0 ], [ 110.357382812916953, -7.784593497803939, 0.0 ], [ 110.35738281356133, -7.784677617190384, 0.0 ], [ 110.357373021208247, -7.784761168177977, 0.0 ], [ 110.357353570891846, -7.784843020333327, 0.0 ], [ 110.357324723673088, -7.784922066930668, 0.0 ], [ 110.357286870247151, -7.784997238525121, 0.0 ], [ 110.357240521849675, -7.785067519220203, 0.0 ], [ 110.357186306611382, -7.785131958421068, 0.0 ], [ 110.357149861311456, -7.785166251924006, 0.0 ], [ 110.357178242236003, -7.785171243515537, 0.0 ], [ 110.357259043230684, -7.785195368952624, 0.0 ], [ 110.357336489122133, -7.785228687247652, 0.0 ], [ 110.357409533105496, -7.785270746370836, 0.0 ], [ 110.357477187499541, -7.785320979509775, 0.0 ], [ 110.357534048048976, -7.785374480996901, 0.0 ], [ 110.357538537350266, -7.785378705089841, 0.0 ], [ 110.357592753100192, -7.785443144883465, 0.0 ], [ 110.357639101468706, -7.785513425835337, 0.0 ], [ 110.357676954495176, -7.78558859726161, 0.0 ], [ 110.357705802216799, -7.785667643532183, 0.0 ], [ 110.357725253557831, -7.785749495830409, 0.0 ], [ 110.35773504537714, -7.785833046638937, 0.0 ], [ 110.357735045164574, -7.785917166024825, 0.0 ], [ 110.357725253738607, -7.786000717020446, 0.0 ], [ 110.357705803412344, -7.786082569188122, 0.0 ], [ 110.357676955246887, -7.78616161580196, 0.0 ], [ 110.357666591294603, -7.786182196688497, 0.0 ], [ 110.357726287245043, -7.786216570737249, 0.0 ], [ 110.357793941824809, -7.786266802934371, 0.0 ], [ 110.357855291848225, -7.78632452938533, 0.0 ], [ 110.357909506854085, -7.786388968243586, 0.0 ], [ 110.357955855369227, -7.786459249170486, 0.0 ], [ 110.357993708524191, -7.7865344214812, 0.0 ], [ 110.358022556357113, -7.786613467736826, 0.0 ], [ 110.358042007789379, -7.78669532002547, 0.0 ], [ 110.358051799678648, -7.786778870829893, 0.0 ], [ 110.358051799513802, -7.786862990217243, 0.0 ], [ 110.358042008114055, -7.786946540315255, 0.0 ], [ 110.358022556882489, -7.787028392493943, 0.0 ], [ 110.357993709602326, -7.787107439126771, 0.0 ], [ 110.357955856061281, -7.787182611671501, 0.0 ], [ 110.357909508406181, -7.787252892423393, 0.0 ], [ 110.357855292954767, -7.787317331688654, 0.0 ], [ 110.35779394292517, -7.787375057723196, 0.0 ], [ 110.357726288437789, -7.78742529118986, 0.0 ], [ 110.357653243809949, -7.787467350566461, 0.0 ], [ 110.357575797553437, -7.787500669316408, 0.0 ], [ 110.357494996050889, -7.787524794959715, 0.0 ], [ 110.357411932653235, -7.787539401719583, 0.0 ], [ 110.357327730443444, -7.787544293210074, 0.0 ], [ 110.357243528633759, -7.787539401510881, 0.0 ], [ 110.357165083073809, -7.78752560639241, 0.0 ], [ 110.357173556571212, -7.787561264145333, 0.0 ], [ 110.357183348292835, -7.787644814954039, 0.0 ], [ 110.357183348847485, -7.787728934325234, 0.0 ], [ 110.357173557241765, -7.787812485288655, 0.0 ], [ 110.357154105791182, -7.787894337407179, 0.0 ], [ 110.35712525828049, -7.787973383959589, 0.0 ], [ 110.357087404501954, -7.788048555500258, 0.0 ], [ 110.357041056601503, -7.788118837039311, 0.0 ], [ 110.356986840904298, -7.788183276170972, 0.0 ], [ 110.356925490630402, -7.788241002057513, 0.0 ], [ 110.356857835903497, -7.78829123536377, 0.0 ], [ 110.356784791042827, -7.788333295474221, 0.0 ], [ 110.356707344567411, -7.788366613141091, 0.0 ], [ 110.356626543765685, -7.788390738601659, 0.0 ], [ 110.356543480177479, -7.788405346078877, 0.0 ], [ 110.356459277798024, -7.788410237381729, 0.0 ], [ 110.356375075839054, -7.788405346401455, 0.0 ], [ 110.356292012403742, -7.788390739086863, 0.0 ], [ 110.356211210882279, -7.7883666134236, 0.0 ], [ 110.356133764540672, -7.788333294888124, 0.0 ], [ 110.356060720197206, -7.788291235518222, 0.0 ], [ 110.355993065542975, -7.788241002135109, 0.0 ], [ 110.355931715537949, -7.788183276322387, 0.0 ], [ 110.355877499741354, -7.788118836316569, 0.0 ], [ 110.355831151430152, -7.788048556085793, 0.0 ], [ 110.355793297655879, -7.787973383606305, 0.0 ], [ 110.355764450181184, -7.787894337230511, 0.0 ], [ 110.355744999163363, -7.787812484873534, 0.0 ], [ 110.35573520772833, -7.787728934055238, 0.0 ], [ 110.355735207462558, -7.787644814707641, 0.0 ], [ 110.355744999343941, -7.787561263799734, 0.0 ], [ 110.355764451042091, -7.787479411765714, 0.0 ], [ 110.355793298758854, -7.787400365322142, 0.0 ], [ 110.355831152690939, -7.787325193908829, 0.0 ], [ 110.355877500684088, -7.787254912508811, 0.0 ], [ 110.355931716408165, -7.787190473520292, 0.0 ], [ 110.355993066643023, -7.787132746868894, 0.0 ], [ 110.356060721263006, -7.787082514595647, 0.0 ], [ 110.356133765958745, -7.787040454595701, 0.0 ], [ 110.356211212218696, -7.787007137015377, 0.0 ], [ 110.356292012766062, -7.786983011612713, 0.0 ], [ 110.356375076074698, -7.786968404161606, 0.0 ], [ 110.356459278164465, -7.786963512851711, 0.0 ], [ 110.356543479839218, -7.786968403792149, 0.0 ], [ 110.356621927079672, -7.786982199923139, 0.0 ], [ 110.356613453640207, -7.786946540353967, 0.0 ], [ 110.356603662037472, -7.786862989539912, 0.0 ], [ 110.356603661584245, -7.786778870174751, 0.0 ], [ 110.356613454167942, -7.786695319229088, 0.0 ], [ 110.356632905645654, -7.78661346803934, 0.0 ], [ 110.356661753131917, -7.786534421515344, 0.0 ], [ 110.35667211623435, -7.786513840657005, 0.0 ], [ 110.356612422154399, -7.786479467371178, 0.0 ], [ 110.356544767700171, -7.78642923409022, 0.0 ], [ 110.356483417856268, -7.786371508367814, 0.0 ], [ 110.356429202179754, -7.786307068439238, 0.0 ], [ 110.356382853947352, -7.786236787367077, 0.0 ], [ 110.356345001112317, -7.786161615841616, 0.0 ], [ 110.356316153627148, -7.786082569498364, 0.0 ], [ 110.356300257845689, -7.786015678231127, 0.0 ], [ 110.356296702554843, -7.786000717157842, 0.0 ], [ 110.356286911022011, -7.785917166339695, 0.0 ], [ 110.35628691061649, -7.785833046975974, 0.0 ], [ 110.35629670322497, -7.78574949603725, 0.0 ], [ 110.35631615379873, -7.785667643954006, 0.0 ], [ 110.356345001263321, -7.785588597447632, 0.0 ], [ 110.356382855818879, -7.785513425958756, 0.0 ], [ 110.356429203501136, -7.785443144468688, 0.0 ], [ 110.356483418891045, -7.785378705378252, 0.0 ], [ 110.356519864258829, -7.785344412843331, 0.0 ], [ 110.356491483332846, -7.785339422112, 0.0 ], [ 110.356410683275442, -7.785315295626985, 0.0 ], [ 110.356333236547371, -7.785281978070842, 0.0 ], [ 110.356260192686079, -7.785239917866384, 0.0 ], [ 110.356192538463745, -7.785189685450511, 0.0 ], [ 110.356131188839967, -7.785131958787963, 0.0 ], [ 110.356076973363386, -7.785067519732545, 0.0 ], [ 110.356030626218995, -7.7849972386351, 0.0 ], [ 110.355992772636881, -7.784922066182201, 0.0 ], [ 110.35596392528538, -7.784843019822715, 0.0 ], [ 110.35594447432014, -7.784761167471551, 0.0 ], [ 110.355934682866362, -7.784677616648486, 0.0 ], [ 110.355934682510778, -7.78459349728567, 0.0 ], [ 110.355944475139395, -7.784509946353571, 0.0 ], [ 110.35596392570325, -7.784428094282654, 0.0 ], [ 110.355992773128023, -7.784349047794112, 0.0 ], [ 110.356014684077593, -7.78430553597574, 0.0 ], [ 110.356319000000113, -7.784013000999941, 0.0 ], [ 110.356353148851568, -7.78398057164173, 0.0 ], [ 110.356410684066361, -7.783955819878185, 0.0 ], [ 110.356491484007933, -7.783931693480862, 0.0 ], [ 110.356574546701893, -7.783917086843421, 0.0 ], [ 110.35665874818055, -7.783912195443265, 0.0 ], [ 110.356742949254638, -7.783917086295238, 0.0 ], [ 110.356826011844433, -7.783931693453851, 0.0 ], [ 110.356906811673554, -7.783955819841537, 0.0 ], [ 110.356984258220663, -7.783989137278867, 0.0 ], [ 110.357057301958051, -7.784031197349247, 0.0 ], [ 110.357124956120217, -7.784081429623135, 0.0 ], [ 110.357186305750815, -7.78413915614338, 0.0 ], [ 110.357240521300838, -7.784203595063873, 0.0 ], [ 110.357286868581326, -7.784273876041021, 0.0 ] ], [ [ 110.356616647551988, -7.784994793152157, 0.0 ], [ 110.356658747742102, -7.784997238592362, 0.0 ], [ 110.356700849042781, -7.784994793347867, 0.0 ], [ 110.356742380041112, -7.784987490018684, 0.0 ], [ 110.356782780106556, -7.784975427250566, 0.0 ], [ 110.356821503021564, -7.784958767931579, 0.0 ], [ 110.356858025145314, -7.784937738299847, 0.0 ], [ 110.356891852678785, -7.784912621623029, 0.0 ], [ 110.356922527106363, -7.784883758206484, 0.0 ], [ 110.35694963518165, -7.784851539076889, 0.0 ], [ 110.356972808938508, -7.784816398746034, 0.0 ], [ 110.356991735671357, -7.784778812512462, 0.0 ], [ 110.357006158853025, -7.784739289226702, 0.0 ], [ 110.357015884495624, -7.784698363160267, 0.0 ], [ 110.357020780253137, -7.784656587672718, 0.0 ], [ 110.357020780873981, -7.78461452798382, 0.0 ], [ 110.3570158845869, -7.784572752122956, 0.0 ], [ 110.357006159456276, -7.784531826416179, 0.0 ], [ 110.356991735239106, -7.78449230281073, 0.0 ], [ 110.356972808829028, -7.784454717074389, 0.0 ], [ 110.356949634298189, -7.784419577021634, 0.0 ], [ 110.356922527439949, -7.784387357093686, 0.0 ], [ 110.356891852172055, -7.784358493815064, 0.0 ], [ 110.35685802508344, -7.784333377660397, 0.0 ], [ 110.356821502745802, -7.78431234760775, 0.0 ], [ 110.356782779903781, -7.784295688422659, 0.0 ], [ 110.35674237950586, -7.784283626120469, 0.0 ], [ 110.356700848178036, -7.784276322532356, 0.0 ], [ 110.356658748058948, -7.784273877102088, 0.0 ], [ 110.356616647737567, -7.78427632234972, 0.0 ], [ 110.356575115902203, -7.784283625671015, 0.0 ], [ 110.356534715900324, -7.78429568842465, 0.0 ], [ 110.356495993039161, -7.784312347722011, 0.0 ], [ 110.356459470956622, -7.784333377326129, 0.0 ], [ 110.356425643449526, -7.78435849397083, 0.0 ], [ 110.356394969032053, -7.784387357352486, 0.0 ], [ 110.356367860950044, -7.784419576446316, 0.0 ], [ 110.356344687170022, -7.784454716742433, 0.0 ], [ 110.356325760398818, -7.784492302944157, 0.0 ], [ 110.356311337165636, -7.784531826202747, 0.0 ], [ 110.356301611461177, -7.784572752248057, 0.0 ], [ 110.35629671563477, -7.784614527721711, 0.0 ], [ 110.356296714941735, -7.784656587404711, 0.0 ], [ 110.356301611157221, -7.784698363267996, 0.0 ], [ 110.356311336220656, -7.784739288985352, 0.0 ], [ 110.356325760378738, -7.784778812608955, 0.0 ], [ 110.35634468674094, -7.784816398370081, 0.0 ], [ 110.356367861237771, -7.784851538452855, 0.0 ], [ 110.356394968077623, -7.784883758414604, 0.0 ], [ 110.356425643343826, -7.784912621728765, 0.0 ], [ 110.356459470447476, -7.784937737918952, 0.0 ], [ 110.356495992816093, -7.784958768005112, 0.0 ], [ 110.356534715703347, -7.784975427219904, 0.0 ], [ 110.356575116158353, -7.784987489546416, 0.0 ], [ 110.356616647551988, -7.784994793152157, 0.0 ] ], [ [ 110.356968877039762, -7.786234342442506, 0.0 ], [ 110.357010978264839, -7.786236787859263, 0.0 ], [ 110.357053078783764, -7.786234342588498, 0.0 ], [ 110.357094610809568, -7.786227039236064, 0.0 ], [ 110.357135010989325, -7.786214976443979, 0.0 ], [ 110.357173734010885, -7.786198317101943, 0.0 ], [ 110.357210256231966, -7.786177287448423, 0.0 ], [ 110.357244083852237, -7.786152170751344, 0.0 ], [ 110.357274758354919, -7.786123307316398, 0.0 ], [ 110.357301866492577, -7.786091088170448, 0.0 ], [ 110.35732504029825, -7.786055947825539, 0.0 ], [ 110.357343967065688, -7.786018361580398, 0.0 ], [ 110.357358390267237, -7.785978838285719, 0.0 ], [ 110.357368115914781, -7.785937912213117, 0.0 ], [ 110.357373011662219, -7.785896136722271, 0.0 ], [ 110.35737301225808, -7.785854077032941, 0.0 ], [ 110.357368115930072, -7.785812302079028, 0.0 ], [ 110.357358390747279, -7.78577137547306, 0.0 ], [ 110.357343966461883, -7.785731852780269, 0.0 ], [ 110.357325039973958, -7.785694266150203, 0.0 ], [ 110.357301865352568, -7.785659126110827, 0.0 ], [ 110.357274758393686, -7.785626906198496, 0.0 ], [ 110.357244083016411, -7.785598042937732, 0.0 ], [ 110.357210255811182, -7.785572926802773, 0.0 ], [ 110.357173734258154, -7.78555189677286, 0.0 ], [ 110.357135010382876, -7.785535237609115, 0.0 ], [ 110.357133461463988, -7.785534775142245, 0.0 ], [ 110.357094610763212, -7.78552317533204, 0.0 ], [ 110.357053079306198, -7.785515871768366, 0.0 ], [ 110.357010978152147, -7.78551342636158, 0.0 ], [ 110.357003713925423, -7.78551384828172, 0.0 ], [ 110.356968877705654, -7.785515871634102, 0.0 ], [ 110.356927345749739, -7.785523174979984, 0.0 ], [ 110.356886945633534, -7.785535237757617, 0.0 ], [ 110.356857169632846, -7.78554804793157, 0.0 ], [ 110.356848222665818, -7.785551897078006, 0.0 ], [ 110.356811700485949, -7.785572926703906, 0.0 ], [ 110.356777872892053, -7.785598043368856, 0.0 ], [ 110.356747198399489, -7.785626906768926, 0.0 ], [ 110.356720090255095, -7.785659125879074, 0.0 ], [ 110.356696916426259, -7.785694266189239, 0.0 ], [ 110.356677989620437, -7.785731852402546, 0.0 ], [ 110.356663566367359, -7.785771375670023, 0.0 ], [ 110.356653840657941, -7.785812301721511, 0.0 ], [ 110.356648944841638, -7.785854077198504, 0.0 ], [ 110.356648944173557, -7.785896136881938, 0.0 ], [ 110.356653840429942, -7.785937911838237, 0.0 ], [ 110.356663565545531, -7.785978838454763, 0.0 ], [ 110.356677989771825, -7.786018361165765, 0.0 ], [ 110.356696916211916, -7.786055947820603, 0.0 ], [ 110.356719222503543, -7.786089771276823, 0.0 ], [ 110.356720090799257, -7.786091087890106, 0.0 ], [ 110.356747197739764, -7.786123307836107, 0.0 ], [ 110.356777873115362, -7.786152171132485, 0.0 ], [ 110.356811700335655, -7.786177287302931, 0.0 ], [ 110.356848221919662, -7.786198317366361, 0.0 ], [ 110.356886945840159, -7.786214976559846, 0.0 ], [ 110.356927345516908, -7.786227038861242, 0.0 ], [ 110.356968877039762, -7.786234342442506, 0.0 ] ], [ [ 110.35699474174433, -7.786964185051683, 0.0 ], [ 110.357013668249323, -7.78700177169649, 0.0 ], [ 110.357036842003097, -7.787036911752131, 0.0 ], [ 110.357063949931259, -7.787069131684802, 0.0 ], [ 110.357094625393884, -7.787097994964356, 0.0 ], [ 110.357128452706348, -7.78712311111617, 0.0 ], [ 110.357164974386436, -7.787144141159356, 0.0 ], [ 110.357203697500097, -7.787160799425386, 0.0 ], [ 110.357244098182292, -7.787172862610081, 0.0 ], [ 110.357285629804991, -7.787180166168048, 0.0 ], [ 110.357327731128464, -7.787182611561096, 0.0 ], [ 110.357369831742986, -7.787180166266541, 0.0 ], [ 110.357411362953428, -7.787172862889178, 0.0 ], [ 110.357451764126353, -7.787160800075486, 0.0 ], [ 110.357490487227693, -7.787144140711305, 0.0 ], [ 110.357527009521007, -7.787123111036802, 0.0 ], [ 110.357560836298035, -7.787097994318874, 0.0 ], [ 110.357591511760575, -7.787069131771996, 0.0 ], [ 110.357618619036856, -7.787036911704321, 0.0 ], [ 110.357641793782932, -7.787001771347114, 0.0 ], [ 110.357660720572653, -7.786964185090675, 0.0 ], [ 110.357675143785031, -7.786924661787164, 0.0 ], [ 110.35768486943175, -7.78688373570838, 0.0 ], [ 110.357689765166768, -7.786841960214058, 0.0 ], [ 110.357689765738755, -7.786799900523995, 0.0 ], [ 110.357684869375802, -7.786758125572152, 0.0 ], [ 110.357675144147407, -7.786717198970974, 0.0 ], [ 110.357660719806347, -7.786677676285644, 0.0 ], [ 110.357641793252114, -7.786640090570137, 0.0 ], [ 110.357618619465697, -7.786604949640072, 0.0 ], [ 110.357591511519175, -7.786572729741142, 0.0 ], [ 110.357560836054859, -7.786543866497177, 0.0 ], [ 110.357527008757444, -7.786518750380869, 0.0 ], [ 110.357490487108336, -7.786497720371199, 0.0 ], [ 110.357451764039965, -7.786481062134893, 0.0 ], [ 110.35741136341484, -7.786468998974519, 0.0 ], [ 110.357369831857994, -7.786461695434164, 0.0 ], [ 110.357327730605562, -7.786459250051083, 0.0 ], [ 110.357285630063444, -7.786461695347376, 0.0 ], [ 110.357244098922905, -7.786468998718196, 0.0 ], [ 110.357203697813546, -7.786481061517431, 0.0 ], [ 110.35716497476605, -7.786497720859957, 0.0 ], [ 110.35712845251399, -7.786518750506816, 0.0 ], [ 110.357094625763295, -7.786543867192634, 0.0 ], [ 110.357063950310874, -7.786572729704614, 0.0 ], [ 110.357036843027871, -7.786604949736503, 0.0 ], [ 110.357013668258617, -7.786640090058957, 0.0 ], [ 110.356994741430498, -7.786677676283547, 0.0 ], [ 110.356980318166606, -7.786717199559871, 0.0 ], [ 110.356970592457998, -7.786758125617525, 0.0 ], [ 110.356965696654072, -7.786799901097995, 0.0 ], [ 110.356965696009851, -7.786841960782145, 0.0 ], [ 110.356970592301195, -7.786883735736434, 0.0 ], [ 110.356980317462401, -7.786924662348174, 0.0 ], [ 110.35699474174433, -7.786964185051683, 0.0 ] ], [ [ 110.356417176984579, -7.788046110320984, 0.0 ], [ 110.356459278382005, -7.788048555806827, 0.0 ], [ 110.356501379081351, -7.788046110606103, 0.0 ], [ 110.356542910386366, -7.788038807322309, 0.0 ], [ 110.356583311662362, -7.788026744600635, 0.0 ], [ 110.356622034873809, -7.788010085325767, 0.0 ], [ 110.356658557284234, -7.787989054832105, 0.0 ], [ 110.356692384179624, -7.787963939098868, 0.0 ], [ 110.356723059765685, -7.787935075721485, 0.0 ], [ 110.35675016716489, -7.787902855720602, 0.0 ], [ 110.356773341126029, -7.787867715420723, 0.0 ], [ 110.356792268035178, -7.787830129214048, 0.0 ], [ 110.356806691362806, -7.787790605950761, 0.0 ], [ 110.356816417119063, -7.787749679902064, 0.0 ], [ 110.356821312956356, -7.787707904427284, 0.0 ], [ 110.356821313622063, -7.787665844746009, 0.0 ], [ 110.356816417342927, -7.787624069792027, 0.0 ], [ 110.356806691279075, -7.78758314408096, 0.0 ], [ 110.356792267907181, -7.78754362046876, 0.0 ], [ 110.356773340494087, -7.787506034717776, 0.0 ], [ 110.356750166742245, -7.787470893743684, 0.0 ], [ 110.356723058815035, -7.787438674695911, 0.0 ], [ 110.356692384264093, -7.787409811391359, 0.0 ], [ 110.356658556958877, -7.787384695205329, 0.0 ], [ 110.356622034380848, -7.787363665117734, 0.0 ], [ 110.356583311277959, -7.7873470058946, 0.0 ], [ 110.356542910602158, -7.7873349435517, 0.0 ], [ 110.356501378983268, -7.787327639920836, 0.0 ], [ 110.35645927765691, -7.787325194444946, 0.0 ], [ 110.356417177029996, -7.787327639647448, 0.0 ], [ 110.356375645794856, -7.787334942924713, 0.0 ], [ 110.356335244582453, -7.787347005631895, 0.0 ], [ 110.356296521424852, -7.787363664885133, 0.0 ], [ 110.356259999055681, -7.787384695351169, 0.0 ], [ 110.356226172186666, -7.78740981105229, 0.0 ], [ 110.356195496610695, -7.787438674394771, 0.0 ], [ 110.356168389204797, -7.787470894359842, 0.0 ], [ 110.356145215220508, -7.787506034624983, 0.0 ], [ 110.356126288272961, -7.787543620799815, 0.0 ], [ 110.356111863986868, -7.787583144034515, 0.0 ], [ 110.356102139075674, -7.787624070063486, 0.0 ], [ 110.35609724316943, -7.787665845524368, 0.0 ], [ 110.356097242431503, -7.787707905199742, 0.0 ], [ 110.356102138639002, -7.787749680156127, 0.0 ], [ 110.35611186463565, -7.787790605877784, 0.0 ], [ 110.356126287948413, -7.787830129508142, 0.0 ], [ 110.356145215313632, -7.787867715283922, 0.0 ], [ 110.356168389031438, -7.787902856288079, 0.0 ], [ 110.356195496940288, -7.787935075369633, 0.0 ], [ 110.356226171489524, -7.787963938709756, 0.0 ], [ 110.35625999880979, -7.787989054931318, 0.0 ], [ 110.356296521418798, -7.788010085052403, 0.0 ], [ 110.356335244566978, -7.788026744305283, 0.0 ], [ 110.356375645299849, -7.788038806672495, 0.0 ], [ 110.356417176984579, -7.788046110320984, 0.0 ] ] ], [ [ [ 110.363276, -7.783712, 0.0 ], [ 110.363260000000167, -7.783838, 0.0 ], [ 110.363214, -7.784269999999895, 0.0 ], [ 110.363165000000109, -7.78466, 0.0 ], [ 110.363161475539997, -7.78468623014628, 0.0 ], [ 110.363156821270508, -7.784690609562842, 0.0 ], [ 110.363089166904587, -7.784740842167969, 0.0 ], [ 110.363016123224298, -7.784782901650405, 0.0 ], [ 110.362938676917565, -7.78481621964816, 0.0 ], [ 110.362857876166586, -7.784840345478646, 0.0 ], [ 110.362774814312104, -7.784854953350377, 0.0 ], [ 110.362690612618778, -7.784859844146076, 0.0 ], [ 110.362606411194662, -7.784854952645287, 0.0 ], [ 110.362558362425233, -7.784846502853673, 0.0 ], [ 110.362573177638993, -7.784857504068428, 0.0 ], [ 110.362634527276839, -7.784915229866813, 0.0 ], [ 110.362688742897788, -7.784979669067362, 0.0 ], [ 110.362735091209373, -7.785049949527238, 0.0 ], [ 110.362772944238074, -7.78512512147377, 0.0 ], [ 110.362801792010146, -7.785204168377495, 0.0 ], [ 110.362821243438262, -7.78528602052097, 0.0 ], [ 110.362831035366483, -7.785369571293359, 0.0 ], [ 110.362831035270901, -7.785453690762288, 0.0 ], [ 110.362821243957541, -7.785537241054367, 0.0 ], [ 110.362801792816057, -7.785619093536909, 0.0 ], [ 110.362772945616186, -7.785698140579294, 0.0 ], [ 110.362735092134997, -7.785773311824734, 0.0 ], [ 110.362688744500872, -7.785843593179605, 0.0 ], [ 110.362634529023055, -7.785908032228383, 0.0 ], [ 110.362573178905038, -7.785965759026709, 0.0 ], [ 110.362505525167194, -7.786015991514914, 0.0 ], [ 110.362432480297443, -7.786058051774874, 0.0 ], [ 110.362355034617863, -7.786091369642738, 0.0 ], [ 110.362274233592331, -7.786115495338112, 0.0 ], [ 110.362191170565296, -7.786130103071326, 0.0 ], [ 110.362106968618875, -7.786134993729679, 0.0 ], [ 110.36202276695623, -7.786130102997736, 0.0 ], [ 110.361939704586177, -7.786115495001028, 0.0 ], [ 110.361858903080261, -7.786091369516304, 0.0 ], [ 110.361781457519498, -7.78605805110358, 0.0 ], [ 110.361708412910019, -7.786015991784029, 0.0 ], [ 110.361640758759066, -7.785965759273136, 0.0 ], [ 110.36157940912922, -7.785908032427924, 0.0 ], [ 110.361525193581485, -7.785843593092421, 0.0 ], [ 110.361478845405827, -7.785773312512201, 0.0 ], [ 110.361440992568419, -7.785698140466362, 0.0 ], [ 110.361412145032673, -7.785619093489788, 0.0 ], [ 110.361392693873171, -7.785537241303855, 0.0 ], [ 110.361382902231398, -7.785453690521684, 0.0 ], [ 110.361382902615787, -7.785369571076148, 0.0 ], [ 110.361392694204767, -7.785286020839385, 0.0 ], [ 110.361412145593818, -7.785204168441108, 0.0 ], [ 110.36144099299986, -7.785125121507391, 0.0 ], [ 110.361478846636047, -7.785049949484659, 0.0 ], [ 110.36152519436169, -7.784979669173192, 0.0 ], [ 110.361579409866565, -7.784915230267514, 0.0 ], [ 110.361640759944365, -7.784857503608769, 0.0 ], [ 110.361708414483815, -7.784807271250473, 0.0 ], [ 110.361781458281939, -7.784765211099718, 0.0 ], [ 110.361858904653175, -7.784731893319862, 0.0 ], [ 110.361939704517624, -7.784707767681157, 0.0 ], [ 110.362022767265216, -7.784693159974286, 0.0 ], [ 110.362106968922077, -7.784688269309059, 0.0 ], [ 110.362191170300576, -7.784693160001378, 0.0 ], [ 110.362239219948975, -7.784701609834025, 0.0 ], [ 110.362224403841722, -7.784690609511817, 0.0 ], [ 110.36216305429636, -7.784632882756157, 0.0 ], [ 110.362108838801447, -7.784568443497485, 0.0 ], [ 110.36206249155444, -7.784498162077152, 0.0 ], [ 110.362024637797774, -7.78442299007846, 0.0 ], [ 110.361995790215772, -7.784343944039587, 0.0 ], [ 110.361976339886411, -7.784262091872511, 0.0 ], [ 110.36196654813692, -7.784178541091848, 0.0 ], [ 110.361966548384203, -7.784094421631864, 0.0 ], [ 110.361976339809871, -7.784010870460371, 0.0 ], [ 110.361995791007516, -7.783929018921007, 0.0 ], [ 110.362024639107659, -7.78384997192829, 0.0 ], [ 110.362062492511171, -7.783774799831275, 0.0 ], [ 110.362108839987357, -7.783704519432603, 0.0 ], [ 110.362163055229416, -7.783640080427969, 0.0 ], [ 110.362224405034567, -7.783582353659853, 0.0 ], [ 110.362292059295214, -7.783532121183256, 0.0 ], [ 110.362365102810827, -7.783490061811397, 0.0 ], [ 110.362442548902365, -7.783456743900296, 0.0 ], [ 110.362523349399211, -7.783432618127804, 0.0 ], [ 110.362606411881245, -7.78341801028375, 0.0 ], [ 110.362690612378117, -7.783413119479869, 0.0 ], [ 110.362774813518129, -7.783418010941073, 0.0 ], [ 110.362857876315132, -7.783432617832228, 0.0 ], [ 110.362938676489847, -7.783456743091642, 0.0 ], [ 110.363016122605259, -7.783490061267211, 0.0 ], [ 110.363089166038264, -7.783532121244773, 0.0 ], [ 110.363156820013785, -7.783582353512657, 0.0 ], [ 110.363218169565727, -7.783640080126035, 0.0 ], [ 110.363272385133882, -7.783704519249735, 0.0 ], [ 110.363276223440721, -7.783710339669891, 0.0 ], [ 110.363276, -7.783712, 0.0 ] ], [ [ 110.362648511919915, -7.78449571724326, 0.0 ], [ 110.362690612142998, -7.784498162988021, 0.0 ], [ 110.36273271340761, -7.784495717137744, 0.0 ], [ 110.362774244298549, -7.784488414109689, 0.0 ], [ 110.362814645096421, -7.784476350750113, 0.0 ], [ 110.362853367769418, -7.784459691761395, 0.0 ], [ 110.362889889589667, -7.78443866158173, 0.0 ], [ 110.362923716759468, -7.78441354529524, 0.0 ], [ 110.362954391676425, -7.784384682311103, 0.0 ], [ 110.362981499287329, -7.784352462755127, 0.0 ], [ 110.363004673444735, -7.784317322052159, 0.0 ], [ 110.363023599634715, -7.784279736407504, 0.0 ], [ 110.363038023154033, -7.78424021286973, 0.0 ], [ 110.363047749114173, -7.784199286616905, 0.0 ], [ 110.363052644268848, -7.784157511914247, 0.0 ], [ 110.363052644284195, -7.784115452175508, 0.0 ], [ 110.36304774920967, -7.784073676337944, 0.0 ], [ 110.363038023490134, -7.784032750721901, 0.0 ], [ 110.363023599611239, -7.783993227277523, 0.0 ], [ 110.363004672661845, -7.783955640863129, 0.0 ], [ 110.362981498532562, -7.783920501101949, 0.0 ], [ 110.36295439121109, -7.783888281523897, 0.0 ], [ 110.362923716436626, -7.783859417747142, 0.0 ], [ 110.362889889895456, -7.783834301143914, 0.0 ], [ 110.362853367255852, -7.783813271589286, 0.0 ], [ 110.362814644174819, -7.78379661293893, 0.0 ], [ 110.36277424451373, -7.783784549393248, 0.0 ], [ 110.362732713081655, -7.783777246391147, 0.0 ], [ 110.362690612929583, -7.783774800656283, 0.0 ], [ 110.362648511737362, -7.783777246508271, 0.0 ], [ 110.362606980916254, -7.783784549529758, 0.0 ], [ 110.36256658018192, -7.78379661287479, 0.0 ], [ 110.362527857562696, -7.7838132718419, 0.0 ], [ 110.362491335783645, -7.783834301993894, 0.0 ], [ 110.362457508640148, -7.783859418248248, 0.0 ], [ 110.362426833733224, -7.783888281197498, 0.0 ], [ 110.362399726115584, -7.783920500717706, 0.0 ], [ 110.362376551934958, -7.783955641385957, 0.0 ], [ 110.362357625706551, -7.783993226998798, 0.0 ], [ 110.362343202135705, -7.784032750509411, 0.0 ], [ 110.36233347611369, -7.784073676741197, 0.0 ], [ 110.362328579983185, -7.784115451428669, 0.0 ], [ 110.362328580802583, -7.784157511162948, 0.0 ], [ 110.362333475805499, -7.784199287002962, 0.0 ], [ 110.36234320145789, -7.784240212629606, 0.0 ], [ 110.362357625277738, -7.78427973609219, 0.0 ], [ 110.362376552179313, -7.7843173225314, 0.0 ], [ 110.362399726274631, -7.784352462322689, 0.0 ], [ 110.362426833576421, -7.784384682838973, 0.0 ], [ 110.362457508350616, -7.784413545746772, 0.0 ], [ 110.362491334906863, -7.784438662385497, 0.0 ], [ 110.362527857577504, -7.784459691973609, 0.0 ], [ 110.362566580703799, -7.784476350653658, 0.0 ], [ 110.362606980421987, -7.784488414223598, 0.0 ], [ 110.362648511919915, -7.78449571724326, 0.0 ] ], [ [ 110.362064868390902, -7.785770866821102, 0.0 ], [ 110.362106968732547, -7.785773312633689, 0.0 ], [ 110.362149069216784, -7.785770866850732, 0.0 ], [ 110.362190601147475, -7.785763563892604, 0.0 ], [ 110.362231001175672, -7.78575150059921, 0.0 ], [ 110.362269724895498, -7.7857348416775, 0.0 ], [ 110.362306246856321, -7.785713811560662, 0.0 ], [ 110.36234007416553, -7.785688695333301, 0.0 ], [ 110.362370748311903, -7.785659832402491, 0.0 ], [ 110.362397856055566, -7.785627611991477, 0.0 ], [ 110.36242103033635, -7.785592472236591, 0.0 ], [ 110.362439956644039, -7.785554885724575, 0.0 ], [ 110.362454381175297, -7.785515363122834, 0.0 ], [ 110.362464106323529, -7.785474436891429, 0.0 ], [ 110.362469002468814, -7.785432661300712, 0.0 ], [ 110.362469001645778, -7.785390601567826, 0.0 ], [ 110.362464105718161, -7.785348825728133, 0.0 ], [ 110.36245438094393, -7.785307900104711, 0.0 ], [ 110.362439957087417, -7.785268376643734, 0.0 ], [ 110.362421030142826, -7.785230791109623, 0.0 ], [ 110.362397856004705, -7.785195650412403, 0.0 ], [ 110.362370748656843, -7.785163430795936, 0.0 ], [ 110.362340073838752, -7.785134567878956, 0.0 ], [ 110.362306246333119, -7.78510945122381, 0.0 ], [ 110.362269724528403, -7.785088421614971, 0.0 ], [ 110.362231001363156, -7.785071762000188, 0.0 ], [ 110.36219060069584, -7.785059699294231, 0.0 ], [ 110.362149069154768, -7.785052396226082, 0.0 ], [ 110.362106968884135, -7.785049950423377, 0.0 ], [ 110.362064868472316, -7.785052396208066, 0.0 ], [ 110.362023336611486, -7.785059699159614, 0.0 ], [ 110.361982936646839, -7.785071762438467, 0.0 ], [ 110.361944212980831, -7.78508842133855, 0.0 ], [ 110.361907691061177, -7.785109451427745, 0.0 ], [ 110.361873863778285, -7.785134567622952, 0.0 ], [ 110.361843189641959, -7.785163430518883, 0.0 ], [ 110.361816081892897, -7.785195649989618, 0.0 ], [ 110.361792907587557, -7.785230790614285, 0.0 ], [ 110.361773981241441, -7.78526837709448, 0.0 ], [ 110.361759556658626, -7.785307899669069, 0.0 ], [ 110.361749831448492, -7.785348825879443, 0.0 ], [ 110.361744935234313, -7.785390601456279, 0.0 ], [ 110.361744935985158, -7.785432661183338, 0.0 ], [ 110.361749831841166, -7.785474437025479, 0.0 ], [ 110.361759556548236, -7.785515362659514, 0.0 ], [ 110.36177398034566, -7.785554886138697, 0.0 ], [ 110.361792907242432, -7.785592471697615, 0.0 ], [ 110.361816081346561, -7.785627612424945, 0.0 ], [ 110.361843188676133, -7.785659832075134, 0.0 ], [ 110.361873863492576, -7.78568869502769, 0.0 ], [ 110.361907691013272, -7.785713811718328, 0.0 ], [ 110.361944212849039, -7.785734841360672, 0.0 ], [ 110.361982936059547, -7.785751501005141, 0.0 ], [ 110.362023336783963, -7.785763563735364, 0.0 ], [ 110.362064868390902, -7.785770866821102, 0.0 ] ] ], [ [ [ 110.359576464425118, -7.783191198459144, 0.0 ], [ 110.359614318542029, -7.78326637063769, 0.0 ], [ 110.359643165607366, -7.783345416800323, 0.0 ], [ 110.359662616354498, -7.783427269039101, 0.0 ], [ 110.359672408544952, -7.783510819838838, 0.0 ], [ 110.359672408756637, -7.783594939265319, 0.0 ], [ 110.359662616895392, -7.783678490348992, 0.0 ], [ 110.359643166174862, -7.783760342652394, 0.0 ], [ 110.359614319463034, -7.783839389450457, 0.0 ], [ 110.35958628909404, -7.783895052278252, 0.0 ], [ 110.359662738229204, -7.783872225708909, 0.0 ], [ 110.35974580085103, -7.783857619344963, 0.0 ], [ 110.359830002331194, -7.783852728215735, 0.0 ], [ 110.359914203480429, -7.783857619344645, 0.0 ], [ 110.359997265312458, -7.783872225888838, 0.0 ], [ 110.360078066268258, -7.783896351687638, 0.0 ], [ 110.360155512194396, -7.783929669468607, 0.0 ], [ 110.36018558910564, -7.783946988443549, 0.0 ], [ 110.360228556281498, -7.783971729922394, 0.0 ], [ 110.360296209945446, -7.784021962623621, 0.0 ], [ 110.36035756003956, -7.784079688719921, 0.0 ], [ 110.360411775192006, -7.784144128177154, 0.0 ], [ 110.360458123023477, -7.784214408850429, 0.0 ], [ 110.360495976475278, -7.784289580061031, 0.0 ], [ 110.360524823763669, -7.784368627083531, 0.0 ], [ 110.360544275623027, -7.784450479297062, 0.0 ], [ 110.36055406709005, -7.784534030087181, 0.0 ], [ 110.360554067460853, -7.784618149523937, 0.0 ], [ 110.360544275733659, -7.784701699731726, 0.0 ], [ 110.36052482511748, -7.784783552081682, 0.0 ], [ 110.360495977573407, -7.784862598942337, 0.0 ], [ 110.360458123788746, -7.784937770865146, 0.0 ], [ 110.36041177589864, -7.785008051950577, 0.0 ], [ 110.360357561120026, -7.785072491597125, 0.0 ], [ 110.360296211756392, -7.785130217149721, 0.0 ], [ 110.360228557010828, -7.785180450168617, 0.0 ], [ 110.360155513004386, -7.78522251003267, 0.0 ], [ 110.360078067336275, -7.785255828388319, 0.0 ], [ 110.359997266379835, -7.785279953653165, 0.0 ], [ 110.359914203477231, -7.78529456094784, 0.0 ], [ 110.359830001707508, -7.78529945207014, 0.0 ], [ 110.359745800274155, -7.785294560901523, 0.0 ], [ 110.359662738178812, -7.785279954286993, 0.0 ], [ 110.359581936994701, -7.785255828390973, 0.0 ], [ 110.359504490887502, -7.785222510491252, 0.0 ], [ 110.359431446676396, -7.785180449903469, 0.0 ], [ 110.359363792950788, -7.785130217964762, 0.0 ], [ 110.35930244286476, -7.785072490821665, 0.0 ], [ 110.359294569560049, -7.785063132626878, 0.0 ], [ 110.359264460649214, -7.785098918390317, 0.0 ], [ 110.359203111143373, -7.785156644676713, 0.0 ], [ 110.359135457184323, -7.785206877511609, 0.0 ], [ 110.359062413079485, -7.785248937178081, 0.0 ], [ 110.358984967336326, -7.78528225532664, 0.0 ], [ 110.358904166327846, -7.785306381282159, 0.0 ], [ 110.358821103399606, -7.785320988359209, 0.0 ], [ 110.358736901628276, -7.785325880167496, 0.0 ], [ 110.358652700220119, -7.785320988782432, 0.0 ], [ 110.358623767519944, -7.785315900526637, 0.0 ], [ 110.358569638176391, -7.785306381051952, 0.0 ], [ 110.358488837065508, -7.785282255856872, 0.0 ], [ 110.358411391056322, -7.785248937764166, 0.0 ], [ 110.358338346963876, -7.785206877901171, 0.0 ], [ 110.358270692473198, -7.785156644892505, 0.0 ], [ 110.358209343451705, -7.785098918509065, 0.0 ], [ 110.358155127641055, -7.785034478789182, 0.0 ], [ 110.358114479959866, -7.784972841050179, 0.0 ], [ 110.358108780134941, -7.784964197890807, 0.0 ], [ 110.358070927075246, -7.784889026499164, 0.0 ], [ 110.358042079325841, -7.78480997934481, 0.0 ], [ 110.358022628857455, -7.784728127057414, 0.0 ], [ 110.358012836988337, -7.78464457624866, 0.0 ], [ 110.35801283712469, -7.784560456853231, 0.0 ], [ 110.358022629342955, -7.784476906743853, 0.0 ], [ 110.358042080416283, -7.784395054545841, 0.0 ], [ 110.35807092746046, -7.784316007883834, 0.0 ], [ 110.358108781588243, -7.784240836201994, 0.0 ], [ 110.358155128839797, -7.784170555388742, 0.0 ], [ 110.358209344711582, -7.784106116040348, 0.0 ], [ 110.358270694177079, -7.784048389893479, 0.0 ], [ 110.358338348030713, -7.783998157187091, 0.0 ], [ 110.358365168329726, -7.783982713458835, 0.0 ], [ 110.358320225192429, -7.78391456121336, 0.0 ], [ 110.358282371266839, -7.78383938893563, 0.0 ], [ 110.358253524437856, -7.783760342700294, 0.0 ], [ 110.358234073959309, -7.78367849041918, 0.0 ], [ 110.358224282055261, -7.783594939609764, 0.0 ], [ 110.358224282132312, -7.783510820206772, 0.0 ], [ 110.358234074269092, -7.78342726917854, 0.0 ], [ 110.35825352523706, -7.783345416959491, 0.0 ], [ 110.358282372154932, -7.783266370270164, 0.0 ], [ 110.358320226137081, -7.783191198555018, 0.0 ], [ 110.358366574132575, -7.783120917704293, 0.0 ], [ 110.358420788919332, -7.783056478310718, 0.0 ], [ 110.358482138194006, -7.782998752115653, 0.0 ], [ 110.358549792753607, -7.782948519358681, 0.0 ], [ 110.358622836485239, -7.782906459747718, 0.0 ], [ 110.358700281800068, -7.782873141628392, 0.0 ], [ 110.358781082338226, -7.782849016576462, 0.0 ], [ 110.358864144773463, -7.782834409466046, 0.0 ], [ 110.358948345138799, -7.782829517589967, 0.0 ], [ 110.359032546060263, -7.782834408876692, 0.0 ], [ 110.35911560855466, -7.782849016481264, 0.0 ], [ 110.359196409255091, -7.78287314242914, 0.0 ], [ 110.359273854917234, -7.782906460351732, 0.0 ], [ 110.35934689873659, -7.782948520033308, 0.0 ], [ 110.359414552131327, -7.78299875195119, 0.0 ], [ 110.359475901955662, -7.78305647906038, 0.0 ], [ 110.359530116846869, -7.783120917707238, 0.0 ], [ 110.359576464425118, -7.783191198459144, 0.0 ] ], [ [ 110.358906244354657, -7.783912116059279, 0.0 ], [ 110.358948345376049, -7.783914561265973, 0.0 ], [ 110.358990445666606, -7.783912115782787, 0.0 ], [ 110.359031977442427, -7.783904812218461, 0.0 ], [ 110.359072377354067, -7.783892749217815, 0.0 ], [ 110.359111100091539, -7.783876090577989, 0.0 ], [ 110.359147622019137, -7.783855060731072, 0.0 ], [ 110.359181449339147, -7.783829943852147, 0.0 ], [ 110.359212124444369, -7.783801081155224, 0.0 ], [ 110.3592392313749, -7.783768860951833, 0.0 ], [ 110.359262405791313, -7.783733720475079, 0.0 ], [ 110.359281332270683, -7.783696135021342, 0.0 ], [ 110.359295756105809, -7.783656611636588, 0.0 ], [ 110.359305481497017, -7.783615685495439, 0.0 ], [ 110.359310377008626, -7.783573909959844, 0.0 ], [ 110.359310377392333, -7.783531850250204, 0.0 ], [ 110.35930548087876, -7.783490075300691, 0.0 ], [ 110.359295755539449, -7.783449148723774, 0.0 ], [ 110.359281332037014, -7.783409625181095, 0.0 ], [ 110.359262405455226, -7.783372039532379, 0.0 ], [ 110.359239231682423, -7.783336899593654, 0.0 ], [ 110.359212123793213, -7.78330467980041, 0.0 ], [ 110.359181449334656, -7.783275816680961, 0.0 ], [ 110.359147622177687, -7.783250699799074, 0.0 ], [ 110.359111099799037, -7.783229669940867, 0.0 ], [ 110.359072376945349, -7.783213010964736, 0.0 ], [ 110.359031976566598, -7.783200947978627, 0.0 ], [ 110.35899044619272, -7.783193644621176, 0.0 ], [ 110.358948345242354, -7.783191199424399, 0.0 ], [ 110.358906245024173, -7.783193644909341, 0.0 ], [ 110.358864713318155, -7.783200948467135, 0.0 ], [ 110.35882431347008, -7.783213011453268, 0.0 ], [ 110.358785590786454, -7.783229670071492, 0.0 ], [ 110.358749068900039, -7.783250699890792, 0.0 ], [ 110.358715241606376, -7.783275816737598, 0.0 ], [ 110.358684566511229, -7.783304679399632, 0.0 ], [ 110.358657459573976, -7.783336899567256, 0.0 ], [ 110.358634285134372, -7.783372040009279, 0.0 ], [ 110.358615358616632, -7.783409625431166, 0.0 ], [ 110.358600934729992, -7.783449148788772, 0.0 ], [ 110.358591209276923, -7.783490074908836, 0.0 ], [ 110.358586313696435, -7.783531850430577, 0.0 ], [ 110.358586313240536, -7.783573910134316, 0.0 ], [ 110.35859120968253, -7.783615685086267, 0.0 ], [ 110.35860093495468, -7.783656611673771, 0.0 ], [ 110.358615358398026, -7.783696135234629, 0.0 ], [ 110.358634284931981, -7.783733720908121, 0.0 ], [ 110.358657458670777, -7.783768860876937, 0.0 ], [ 110.358684566541655, -7.783801080703913, 0.0 ], [ 110.358715240998535, -7.783829943858914, 0.0 ], [ 110.358749068170553, -7.783855060776304, 0.0 ], [ 110.358785590580183, -7.783876090668015, 0.0 ], [ 110.358824313479133, -7.783892749673843, 0.0 ], [ 110.358864713914969, -7.783904812684254, 0.0 ], [ 110.358906244354657, -7.783912116059279, 0.0 ] ], [ [ 110.359705970160377, -7.784236221453376, 0.0 ], [ 110.359667246500806, -7.784252880145118, 0.0 ], [ 110.359630724559381, -7.784273910035704, 0.0 ], [ 110.359596898133731, -7.784299026046067, 0.0 ], [ 110.359566223012195, -7.784327889673849, 0.0 ], [ 110.359539115160004, -7.78436010899055, 0.0 ], [ 110.359515941633617, -7.784395249481838, 0.0 ], [ 110.359497015136469, -7.784432835848455, 0.0 ], [ 110.359482591288511, -7.784472358333505, 0.0 ], [ 110.359472865887611, -7.784513284476871, 0.0 ], [ 110.359467969466522, -7.784555060011559, 0.0 ], [ 110.359467969090161, -7.784597119720444, 0.0 ], [ 110.359472865622507, -7.784638895572783, 0.0 ], [ 110.359482590998681, -7.784679821242503, 0.0 ], [ 110.359497014554236, -7.784719344781055, 0.0 ], [ 110.3595159412084, -7.784756930423536, 0.0 ], [ 110.359539115072465, -7.78479207125755, 0.0 ], [ 110.359566223074651, -7.784824291037464, 0.0 ], [ 110.359596897665725, -7.784853154138278, 0.0 ], [ 110.359630724974451, -7.784878270090584, 0.0 ], [ 110.359667246611721, -7.784899299914776, 0.0 ], [ 110.359705969642718, -7.78491595884978, 0.0 ], [ 110.35974637020621, -7.784928021785649, 0.0 ], [ 110.359787901673059, -7.784935325989298, 0.0 ], [ 110.359830001901443, -7.784937771115702, 0.0 ], [ 110.359872102296634, -7.784935325553002, 0.0 ], [ 110.359913634166475, -7.784928021909637, 0.0 ], [ 110.359954034160154, -7.784915958831514, 0.0 ], [ 110.359992757873513, -7.78489930011814, 0.0 ], [ 110.360029279856136, -7.784878270199933, 0.0 ], [ 110.360063106308147, -7.784853154157422, 0.0 ], [ 110.360093781439758, -7.784824290494753, 0.0 ], [ 110.360120889285227, -7.78479207114231, 0.0 ], [ 110.360144062788407, -7.784756930616274, 0.0 ], [ 110.360162989247172, -7.784719344217831, 0.0 ], [ 110.360177413043587, -7.784679821705615, 0.0 ], [ 110.360187138382614, -7.784638895541184, 0.0 ], [ 110.360192034734823, -7.784597119992628, 0.0 ], [ 110.360192034132055, -7.784555060276487, 0.0 ], [ 110.360187138435023, -7.784513284427969, 0.0 ], [ 110.360177412991689, -7.784472358768843, 0.0 ], [ 110.360162989377031, -7.784432835248493, 0.0 ], [ 110.360144062675047, -7.784395249630782, 0.0 ], [ 110.36012088877699, -7.784360108826868, 0.0 ], [ 110.360093780756486, -7.784327889080707, 0.0 ], [ 110.360063106163722, -7.78429902601545, 0.0 ], [ 110.360029278870073, -7.784273910098634, 0.0 ], [ 110.359992757263782, -7.784252880307937, 0.0 ], [ 110.35995403427809, -7.784236221402633, 0.0 ], [ 110.359913633771654, -7.784224158491062, 0.0 ], [ 110.35987210237063, -7.784216854304964, 0.0 ], [ 110.359830002213286, -7.784214409188499, 0.0 ], [ 110.359787901890471, -7.784216854752933, 0.0 ], [ 110.359746370090477, -7.784224158389759, 0.0 ], [ 110.359705970160377, -7.784236221453376, 0.0 ] ], [ [ 110.358779002376778, -7.784243281832024, 0.0 ], [ 110.35873690223201, -7.784240836607337, 0.0 ], [ 110.358694801002187, -7.784243282061136, 0.0 ], [ 110.358653270096298, -7.784250585590526, 0.0 ], [ 110.358612870140874, -7.784262648547282, 0.0 ], [ 110.358574147350723, -7.784279307136843, 0.0 ], [ 110.358537625360114, -7.784300336928625, 0.0 ], [ 110.358536897690172, -7.784300877223205, 0.0 ], [ 110.358503797965952, -7.784325453749472, 0.0 ], [ 110.358473122775379, -7.784354316387419, 0.0 ], [ 110.358446015749095, -7.784386536533103, 0.0 ], [ 110.358422841227977, -7.784421676955734, 0.0 ], [ 110.358403914637421, -7.784459262360987, 0.0 ], [ 110.358389490687614, -7.784498785704907, 0.0 ], [ 110.358379765181908, -7.78453971181449, 0.0 ], [ 110.358374869559981, -7.784581487329024, 0.0 ], [ 110.358374869074439, -7.784623547029001, 0.0 ], [ 110.358379765497588, -7.7846653228851, 0.0 ], [ 110.358389490766058, -7.784706248571257, 0.0 ], [ 110.358403914216836, -7.784745772138659, 0.0 ], [ 110.358422840770601, -7.784783357822085, 0.0 ], [ 110.358446015446901, -7.78481849870985, 0.0 ], [ 110.358473122455862, -7.784850717647058, 0.0 ], [ 110.358503797874363, -7.784879580822349, 0.0 ], [ 110.358537624204573, -7.784904697759847, 0.0 ], [ 110.358574146688781, -7.784925727675243, 0.0 ], [ 110.358599342338849, -7.784936567107738, 0.0 ], [ 110.35861286967075, -7.784942386706743, 0.0 ], [ 110.358653270196953, -7.784954449744382, 0.0 ], [ 110.358694801640041, -7.784961753149257, 0.0 ], [ 110.358736901855835, -7.784964198383898, 0.0 ], [ 110.358779003158077, -7.784961752931826, 0.0 ], [ 110.358820534133784, -7.784954449395888, 0.0 ], [ 110.358860934152773, -7.784942386424667, 0.0 ], [ 110.358899656996783, -7.784925727813469, 0.0 ], [ 110.358936179935498, -7.78490469799542, 0.0 ], [ 110.358970006449098, -7.784879581141093, 0.0 ], [ 110.359000681649746, -7.784850718468271, 0.0 ], [ 110.35902778866928, -7.784818498286796, 0.0 ], [ 110.359050963167221, -7.784783357829428, 0.0 ], [ 110.359069889719393, -7.784745772392338, 0.0 ], [ 110.359084313617672, -7.784706249021246, 0.0 ], [ 110.359094039061503, -7.784665322890595, 0.0 ], [ 110.359098934614551, -7.784623547362183, 0.0 ], [ 110.359098935027916, -7.784581487656307, 0.0 ], [ 110.359094038533172, -7.784539711802645, 0.0 ], [ 110.359084313197528, -7.784498786127073, 0.0 ], [ 110.359069889687646, -7.784459262577852, 0.0 ], [ 110.359050963086048, -7.784421676919247, 0.0 ], [ 110.359027788375727, -7.784386536061558, 0.0 ], [ 110.359000681348434, -7.784354317158061, 0.0 ], [ 110.358970005928228, -7.784325454018348, 0.0 ], [ 110.358936179613096, -7.784300337116362, 0.0 ], [ 110.358899657159895, -7.784279307234434, 0.0 ], [ 110.358860934223173, -7.784262648232658, 0.0 ], [ 110.358820533754056, -7.784250585219321, 0.0 ], [ 110.358779002376778, -7.784243281832024, 0.0 ] ] ], [ [ [ 110.36008991608189, -7.780769688963875, 0.0 ], [ 110.360127769205121, -7.780844861093517, 0.0 ], [ 110.360156616239692, -7.78092390812905, 0.0 ], [ 110.360176067922012, -7.781005760353934, 0.0 ], [ 110.360185859292557, -7.781089310249063, 0.0 ], [ 110.360185859644687, -7.781173430597925, 0.0 ], [ 110.360176067980902, -7.781256980811237, 0.0 ], [ 110.360156617508068, -7.78133883316462, 0.0 ], [ 110.360127770185301, -7.781417880026418, 0.0 ], [ 110.360089916696907, -7.781493051948254, 0.0 ], [ 110.360043570080961, -7.781563333031932, 0.0 ], [ 110.35998935483002, -7.781627771767297, 0.0 ], [ 110.359928005958395, -7.781685498217061, 0.0 ], [ 110.359925620801661, -7.781687269267476, 0.0 ], [ 110.359907490081213, -7.781763567187999, 0.0 ], [ 110.359878642678993, -7.781842613120666, 0.0 ], [ 110.359840790010665, -7.781917785013438, 0.0 ], [ 110.359794442396094, -7.781988066059939, 0.0 ], [ 110.359740227955399, -7.782052505660549, 0.0 ], [ 110.359678878079222, -7.782110232063961, 0.0 ], [ 110.359611224688805, -7.782160465026235, 0.0 ], [ 110.359538181176987, -7.782202524827394, 0.0 ], [ 110.359460735136309, -7.782235843114777, 0.0 ], [ 110.359379935653621, -7.782259968310952, 0.0 ], [ 110.359296873342686, -7.782274575533418, 0.0 ], [ 110.359212672180092, -7.782279467486815, 0.0 ], [ 110.359128471363817, -7.782274576244529, 0.0 ], [ 110.359045408980236, -7.782259968651267, 0.0 ], [ 110.358964609312252, -7.782235842685553, 0.0 ], [ 110.358891291204216, -7.782204300176084, 0.0 ], [ 110.35888880418679, -7.782209239564237, 0.0 ], [ 110.358842456386199, -7.782279520490225, 0.0 ], [ 110.358788241768977, -7.782343959953449, 0.0 ], [ 110.358726892635104, -7.782401686205721, 0.0 ], [ 110.3586592381873, -7.782451919001086, 0.0 ], [ 110.358586194541175, -7.782493978625933, 0.0 ], [ 110.35850874929109, -7.782527296729937, 0.0 ], [ 110.358427948803353, -7.782551422638611, 0.0 ], [ 110.35834488732344, -7.782566029668486, 0.0 ], [ 110.358260686106831, -7.782570921427194, 0.0 ], [ 110.358176485259179, -7.782566029992193, 0.0 ], [ 110.358093422865906, -7.782551423115236, 0.0 ], [ 110.35801262230585, -7.782527296967037, 0.0 ], [ 110.357935176829301, -7.782493978827364, 0.0 ], [ 110.357862133245547, -7.782451918919706, 0.0 ], [ 110.357794479232737, -7.782401685869214, 0.0 ], [ 110.357733130651766, -7.782343959447463, 0.0 ], [ 110.357678915237017, -7.782279520597694, 0.0 ], [ 110.357632568079524, -7.782209239669383, 0.0 ], [ 110.357594715316495, -7.782134067348151, 0.0 ], [ 110.357587664422056, -7.782114748103683, 0.0 ], [ 110.357543305339775, -7.782073008362311, 0.0 ], [ 110.357489090895697, -7.782008568589523, 0.0 ], [ 110.357442742890683, -7.78193828764323, 0.0 ], [ 110.357404890183233, -7.781863115308838, 0.0 ], [ 110.357403705772057, -7.781859869848964, 0.0 ], [ 110.357483, -7.781799999999878, 0.0 ], [ 110.357559, -7.781744999999886, 0.0 ], [ 110.357606, -7.781558, 0.0 ], [ 110.357636, -7.78124699999989, 0.0 ], [ 110.357859, -7.781125000999912, 0.0 ], [ 110.357954, -7.780986000999981, 0.0 ], [ 110.358037000000166, -7.780863999999892, 0.0 ], [ 110.358043392183532, -7.780854840070796, 0.0 ], [ 110.358070860723089, -7.780853244257157, 0.0 ], [ 110.358155061227649, -7.780858135685553, 0.0 ], [ 110.358238123295564, -7.780872742524595, 0.0 ], [ 110.358318922656068, -7.780896868605561, 0.0 ], [ 110.358396367885874, -7.780930186656223, 0.0 ], [ 110.358469411279444, -7.78097224645779, 0.0 ], [ 110.358537065166203, -7.781022479391837, 0.0 ], [ 110.358598414597665, -7.781080204791095, 0.0 ], [ 110.358633142052071, -7.781121481228221, 0.0 ], [ 110.358685117835833, -7.781059703072795, 0.0 ], [ 110.358746467671722, -7.781001976808885, 0.0 ], [ 110.358748852828739, -7.781000205765098, 0.0 ], [ 110.358766983710552, -7.780923907905764, 0.0 ], [ 110.358795831239306, -7.780844861152622, 0.0 ], [ 110.358833684881176, -7.780769689357983, 0.0 ], [ 110.35888003158982, -7.780699408413218, 0.0 ], [ 110.358934246869055, -7.78063496891637, 0.0 ], [ 110.358995595700407, -7.780577242606117, 0.0 ], [ 110.359063249792371, -7.780527010629485, 0.0 ], [ 110.359136293041161, -7.780484950887034, 0.0 ], [ 110.359213737863058, -7.780451632630732, 0.0 ], [ 110.359294537906237, -7.780427506533629, 0.0 ], [ 110.359377599847079, -7.780412900185285, 0.0 ], [ 110.359461800634875, -7.780408009072768, 0.0 ], [ 110.359546001091118, -7.780412899314825, 0.0 ], [ 110.359629062234816, -7.780427506781789, 0.0 ], [ 110.35970986252029, -7.780451632599297, 0.0 ], [ 110.359787307801867, -7.780484950399049, 0.0 ], [ 110.359860351280233, -7.780527009967014, 0.0 ], [ 110.359928004376741, -7.780577242686626, 0.0 ], [ 110.359989353952429, -7.780634969705178, 0.0 ], [ 110.360043568646532, -7.780699408274783, 0.0 ], [ 110.36008991608189, -7.780769688963875, 0.0 ] ], [ [ 110.359099770607585, -7.781110340858032, 0.0 ], [ 110.359099770222642, -7.781152400570723, 0.0 ], [ 110.359104666706102, -7.781194176427799, 0.0 ], [ 110.359108499325259, -7.781210306011476, 0.0 ], [ 110.359088640656381, -7.781216235830948, 0.0 ], [ 110.359049918170896, -7.781232894490663, 0.0 ], [ 110.359013396476769, -7.781253924349808, 0.0 ], [ 110.358979569368302, -7.781279040329831, 0.0 ], [ 110.358948895351546, -7.781307903932847, 0.0 ], [ 110.358921787668322, -7.781340123226579, 0.0 ], [ 110.358898614279738, -7.781375263698434, 0.0 ], [ 110.35887968698043, -7.781412850047986, 0.0 ], [ 110.358865264108289, -7.781452373427183, 0.0 ], [ 110.358855537835339, -7.78149329956159, 0.0 ], [ 110.358850642321485, -7.781535074189792, 0.0 ], [ 110.358850641906884, -7.781577134804133, 0.0 ], [ 110.358855538368303, -7.781618909757156, 0.0 ], [ 110.358865263637796, -7.781659835436251, 0.0 ], [ 110.358879687053715, -7.781699358988249, 0.0 ], [ 110.358898613535786, -7.781736945552638, 0.0 ], [ 110.358921787201723, -7.781772085503132, 0.0 ], [ 110.358948894978369, -7.781804305307403, 0.0 ], [ 110.358979569320908, -7.781833168435651, 0.0 ], [ 110.359013396361405, -7.781858284418029, 0.0 ], [ 110.359049917713079, -7.781879315179078, 0.0 ], [ 110.359088640447638, -7.781895974148276, 0.0 ], [ 110.359129040706549, -7.781908037119672, 0.0 ], [ 110.359170571866144, -7.781915340455253, 0.0 ], [ 110.359212672692905, -7.781917785619829, 0.0 ], [ 110.359254772783885, -7.781915340093856, 0.0 ], [ 110.359296303450989, -7.781908036485213, 0.0 ], [ 110.35933670406817, -7.781895973443488, 0.0 ], [ 110.359375426607457, -7.781879314762181, 0.0 ], [ 110.359411948342768, -7.781858284875404, 0.0 ], [ 110.359445775477582, -7.781833168863269, 0.0 ], [ 110.359476449504385, -7.781804305225362, 0.0 ], [ 110.359503557180886, -7.781772085895884, 0.0 ], [ 110.359526730546307, -7.781736945389309, 0.0 ], [ 110.35954565780726, -7.781699359007964, 0.0 ], [ 110.359560080627901, -7.781659835601597, 0.0 ], [ 110.359569806838991, -7.781618909446089, 0.0 ], [ 110.359574702283979, -7.781577134804034, 0.0 ], [ 110.359574702626418, -7.781535074183824, 0.0 ], [ 110.359569806093418, -7.781493299233237, 0.0 ], [ 110.359565973454593, -7.781477169652295, 0.0 ], [ 110.359585831224251, -7.781471239809617, 0.0 ], [ 110.359624554622158, -7.781454581102635, 0.0 ], [ 110.359661076308313, -7.781433551189992, 0.0 ], [ 110.359694902486908, -7.781408435152152, 0.0 ], [ 110.359725577371833, -7.781379571493148, 0.0 ], [ 110.359752685000657, -7.781347352143328, 0.0 ], [ 110.359775858320234, -7.781312211618859, 0.0 ], [ 110.359794784630836, -7.781274625220917, 0.0 ], [ 110.359809208316605, -7.781235102708091, 0.0 ], [ 110.359818933583952, -7.781194176541946, 0.0 ], [ 110.359823829904414, -7.781152400990644, 0.0 ], [ 110.359823830217195, -7.781110341272083, 0.0 ], [ 110.359818933662154, -7.781068565417433, 0.0 ], [ 110.359809208307325, -7.78102763975263, 0.0 ], [ 110.359794784819584, -7.780988116225762, 0.0 ], [ 110.359775858281168, -7.780950530600811, 0.0 ], [ 110.359752684581181, -7.780915389788997, 0.0 ], [ 110.359725576790524, -7.780883170034381, 0.0 ], [ 110.359694902456283, -7.780854306960258, 0.0 ], [ 110.359661075446354, -7.78082919103429, 0.0 ], [ 110.359624554145142, -7.780808161234241, 0.0 ], [ 110.359585831481738, -7.780791502319515, 0.0 ], [ 110.35954543131048, -7.780779439398628, 0.0 ], [ 110.35950390025296, -7.78077213520343, 0.0 ], [ 110.359461800442816, -7.780769690078125, 0.0 ], [ 110.359419699559268, -7.780772135632819, 0.0 ], [ 110.359378169006717, -7.780779439263203, 0.0 ], [ 110.359337769406821, -7.780791502319668, 0.0 ], [ 110.359299046062731, -7.780808161005018, 0.0 ], [ 110.359262524417744, -7.78082919089005, 0.0 ], [ 110.359228698265511, -7.780854306895765, 0.0 ], [ 110.359198023390661, -7.780883170519911, 0.0 ], [ 110.359170915755101, -7.780915389833972, 0.0 ], [ 110.359147742412361, -7.780950530323702, 0.0 ], [ 110.359128815156467, -7.780988116688492, 0.0 ], [ 110.359114392326134, -7.7810276391755, 0.0 ], [ 110.359104666090005, -7.781068565319213, 0.0 ], [ 110.359099770607585, -7.781110340858032, 0.0 ] ], [ [ 110.358112960955211, -7.781217371331334, 0.0 ], [ 110.358070860213274, -7.781214926063742, 0.0 ], [ 110.358028760195268, -7.78121737147746, 0.0 ], [ 110.357987229585362, -7.781224674966006, 0.0 ], [ 110.357946829005982, -7.781236737881687, 0.0 ], [ 110.357908106482, -7.781253396433311, 0.0 ], [ 110.35787158473579, -7.781274427093887, 0.0 ], [ 110.357837757565079, -7.781299542977175, 0.0 ], [ 110.357807083475393, -7.781328406491119, 0.0 ], [ 110.357779975709548, -7.781360625704653, 0.0 ], [ 110.357756802229716, -7.781395766106267, 0.0 ], [ 110.357737875738721, -7.781433352397852, 0.0 ], [ 110.357723451855065, -7.781472875728061, 0.0 ], [ 110.357713726379799, -7.781513801828559, 0.0 ], [ 110.357708830752216, -7.781555577338818, 0.0 ], [ 110.357708830225008, -7.781597637039313, 0.0 ], [ 110.357713726572385, -7.78163941199628, 0.0 ], [ 110.357723451727935, -7.781680338597047, 0.0 ], [ 110.357737875035639, -7.781719861274663, 0.0 ], [ 110.357756802319514, -7.781757447883095, 0.0 ], [ 110.357779975886274, -7.781792587888272, 0.0 ], [ 110.35780708266401, -7.781824807757117, 0.0 ], [ 110.357837757829969, -7.78185367096301, 0.0 ], [ 110.357871584796612, -7.781878787031004, 0.0 ], [ 110.357901896425105, -7.78189624110149, 0.0 ], [ 110.357903551826467, -7.781910363908153, 0.0 ], [ 110.357913277006219, -7.781951289601571, 0.0 ], [ 110.357927700338067, -7.781990813178942, 0.0 ], [ 110.357946627651089, -7.782028398876297, 0.0 ], [ 110.357969801246156, -7.782063539777684, 0.0 ], [ 110.3579969080551, -7.782095759636576, 0.0 ], [ 110.358027583253346, -7.782124622831063, 0.0 ], [ 110.35806141025293, -7.782149738886294, 0.0 ], [ 110.358097931575827, -7.782170768822699, 0.0 ], [ 110.358136654291513, -7.782187427877681, 0.0 ], [ 110.358177054543006, -7.782199490939631, 0.0 ], [ 110.358218585706737, -7.782206794369309, 0.0 ], [ 110.358260685642293, -7.782209239628891, 0.0 ], [ 110.358302786667181, -7.782206794201604, 0.0 ], [ 110.358344317372215, -7.782199490689937, 0.0 ], [ 110.358384718037769, -7.78218742774353, 0.0 ], [ 110.358423440635207, -7.782170769154585, 0.0 ], [ 110.358459962437678, -7.782149739355972, 0.0 ], [ 110.358493788742166, -7.78212462252073, 0.0 ], [ 110.358524463758229, -7.782095758960464, 0.0 ], [ 110.358551571522966, -7.78206353969968, 0.0 ], [ 110.358574744981397, -7.78202839925335, 0.0 ], [ 110.358593671431947, -7.781990812921554, 0.0 ], [ 110.358608095258205, -7.781951289557529, 0.0 ], [ 110.358617820661976, -7.781910363431098, 0.0 ], [ 110.358622716206014, -7.781868588808579, 0.0 ], [ 110.358622716644362, -7.781826529101188, 0.0 ], [ 110.358617820206888, -7.781784753243042, 0.0 ], [ 110.358608094959962, -7.781743827560199, 0.0 ], [ 110.358593671569054, -7.781704304001016, 0.0 ], [ 110.358574744208184, -7.781666718328462, 0.0 ], [ 110.358551570579138, -7.781631577457139, 0.0 ], [ 110.358524463751834, -7.781599357631951, 0.0 ], [ 110.358493788551911, -7.781570494473044, 0.0 ], [ 110.358459961567377, -7.781545378453297, 0.0 ], [ 110.358429649936539, -7.781527924422575, 0.0 ], [ 110.358427994517882, -7.781513801616382, 0.0 ], [ 110.358418269293807, -7.781472875930692, 0.0 ], [ 110.358403845928407, -7.781433352366741, 0.0 ], [ 110.35838491859532, -7.781395766687598, 0.0 ], [ 110.358361744995946, -7.781360625807962, 0.0 ], [ 110.35833463819985, -7.781328405972851, 0.0 ], [ 110.358303963032199, -7.781299542802502, 0.0 ], [ 110.35827013608062, -7.781274426769989, 0.0 ], [ 110.358233614821799, -7.781253396853157, 0.0 ], [ 110.358194892184272, -7.78123673781297, 0.0 ], [ 110.358154492022052, -7.781224674759652, 0.0 ], [ 110.358112960955211, -7.781217371331334, 0.0 ] ] ] ] } },
{ "type": "Feature", "properties": { "distance": 160.0 }, "geometry": { "type": "MultiPolygon", "coordinates": [ [ [ [ 110.363276223440721, -7.783710339669891, 0.0 ], [ 110.363272385133882, -7.783704519249735, 0.0 ], [ 110.363218169565727, -7.783640080126035, 0.0 ], [ 110.363156820013785, -7.783582353512657, 0.0 ], [ 110.363089166038264, -7.783532121244773, 0.0 ], [ 110.363016122605259, -7.783490061267211, 0.0 ], [ 110.362938676489847, -7.783456743091642, 0.0 ], [ 110.362857876315132, -7.783432617832228, 0.0 ], [ 110.362774813518129, -7.783418010941073, 0.0 ], [ 110.362690612378117, -7.783413119479869, 0.0 ], [ 110.362606411881245, -7.78341801028375, 0.0 ], [ 110.362523349399211, -7.783432618127804, 0.0 ], [ 110.362442548902365, -7.783456743900296, 0.0 ], [ 110.362365102810827, -7.783490061811397, 0.0 ], [ 110.362292059295214, -7.783532121183256, 0.0 ], [ 110.362224405034567, -7.783582353659853, 0.0 ], [ 110.362163055229416, -7.783640080427969, 0.0 ], [ 110.362108839987357, -7.783704519432603, 0.0 ], [ 110.362062492511171, -7.783774799831275, 0.0 ], [ 110.362024639107659, -7.78384997192829, 0.0 ], [ 110.361995791007516, -7.783929018921007, 0.0 ], [ 110.361976339809871, -7.784010870460371, 0.0 ], [ 110.361966548384203, -7.784094421631864, 0.0 ], [ 110.36196654813692, -7.784178541091848, 0.0 ], [ 110.361976339886411, -7.784262091872511, 0.0 ], [ 110.361995790215772, -7.784343944039587, 0.0 ], [ 110.362024637797774, -7.78442299007846, 0.0 ], [ 110.36206249155444, -7.784498162077152, 0.0 ], [ 110.362108838801447, -7.784568443497485, 0.0 ], [ 110.36216305429636, -7.784632882756157, 0.0 ], [ 110.362224403841722, -7.784690609511817, 0.0 ], [ 110.362239219948975, -7.784701609834025, 0.0 ], [ 110.362191170300576, -7.784693160001378, 0.0 ], [ 110.362106968922077, -7.784688269309059, 0.0 ], [ 110.362022767265216, -7.784693159974286, 0.0 ], [ 110.361939704517624, -7.784707767681157, 0.0 ], [ 110.361858904653175, -7.784731893319862, 0.0 ], [ 110.361781458281939, -7.784765211099718, 0.0 ], [ 110.361708414483815, -7.784807271250473, 0.0 ], [ 110.361640759944365, -7.784857503608769, 0.0 ], [ 110.361579409866565, -7.784915230267514, 0.0 ], [ 110.36152519436169, -7.784979669173192, 0.0 ], [ 110.361478846636047, -7.785049949484659, 0.0 ], [ 110.36144099299986, -7.785125121507391, 0.0 ], [ 110.361412145593818, -7.785204168441108, 0.0 ], [ 110.361392694204767, -7.785286020839385, 0.0 ], [ 110.361382902615787, -7.785369571076148, 0.0 ], [ 110.361382902231398, -7.785453690521684, 0.0 ], [ 110.361392693873171, -7.785537241303855, 0.0 ], [ 110.361412145032673, -7.785619093489788, 0.0 ], [ 110.361440992568419, -7.785698140466362, 0.0 ], [ 110.361478845405827, -7.785773312512201, 0.0 ], [ 110.361525193581485, -7.785843593092421, 0.0 ], [ 110.36157940912922, -7.785908032427924, 0.0 ], [ 110.361640758759066, -7.785965759273136, 0.0 ], [ 110.361708412910019, -7.786015991784029, 0.0 ], [ 110.361781457519498, -7.78605805110358, 0.0 ], [ 110.361858903080261, -7.786091369516304, 0.0 ], [ 110.361939704586177, -7.786115495001028, 0.0 ], [ 110.36202276695623, -7.786130102997736, 0.0 ], [ 110.362106968618875, -7.786134993729679, 0.0 ], [ 110.362191170565296, -7.786130103071326, 0.0 ], [ 110.362274233592331, -7.786115495338112, 0.0 ], [ 110.362355034617863, -7.786091369642738, 0.0 ], [ 110.362432480297443, -7.786058051774874, 0.0 ], [ 110.362505525167194, -7.786015991514914, 0.0 ], [ 110.362573178905038, -7.785965759026709, 0.0 ], [ 110.362634529023055, -7.785908032228383, 0.0 ], [ 110.362688744500872, -7.785843593179605, 0.0 ], [ 110.362735092134997, -7.785773311824734, 0.0 ], [ 110.362772945616186, -7.785698140579294, 0.0 ], [ 110.362801792816057, -7.785619093536909, 0.0 ], [ 110.362821243957541, -7.785537241054367, 0.0 ], [ 110.362831035270901, -7.785453690762288, 0.0 ], [ 110.362831035366483, -7.785369571293359, 0.0 ], [ 110.362821243438262, -7.78528602052097, 0.0 ], [ 110.362801792010146, -7.785204168377495, 0.0 ], [ 110.362772944238074, -7.78512512147377, 0.0 ], [ 110.362735091209373, -7.785049949527238, 0.0 ], [ 110.362688742897788, -7.784979669067362, 0.0 ], [ 110.362634527276839, -7.784915229866813, 0.0 ], [ 110.362573177638993, -7.784857504068428, 0.0 ], [ 110.362558362425233, -7.784846502853673, 0.0 ], [ 110.362606411194662, -7.784854952645287, 0.0 ], [ 110.362690612618778, -7.784859844146076, 0.0 ], [ 110.362774814312104, -7.784854953350377, 0.0 ], [ 110.362857876166586, -7.784840345478646, 0.0 ], [ 110.362938676917565, -7.78481621964816, 0.0 ], [ 110.363016123224298, -7.784782901650405, 0.0 ], [ 110.363089166904587, -7.784740842167969, 0.0 ], [ 110.363156821270508, -7.784690609562842, 0.0 ], [ 110.363161475539997, -7.78468623014628, 0.0 ], [ 110.363113, -7.785047, 0.0 ], [ 110.362962, -7.785655999999881, 0.0 ], [ 110.362935, -7.785816, 0.0 ], [ 110.362802, -7.786428000999911, 0.0 ], [ 110.362738583001047, -7.786712821235411, 0.0 ], [ 110.362603100230089, -7.786771107650497, 0.0 ], [ 110.3624421040264, -7.786819178204116, 0.0 ], [ 110.362509729995253, -7.786882809976849, 0.0 ], [ 110.362618160762821, -7.787011688428668, 0.0 ], [ 110.362658439217057, -7.787072764610147, 0.0 ], [ 110.362631000000164, -7.787195999999848, 0.0 ], [ 110.362628885229398, -7.787208737425142, 0.0 ], [ 110.36249887100017, -7.787185519999982, 0.0 ], [ 110.362379040999954, -7.787168005999889, 0.0 ], [ 110.362172912702803, -7.787140494851109, 0.0 ], [ 110.362042076107059, -7.787120675071361, 0.0 ], [ 110.361862067177228, -7.787098979831421, 0.0 ], [ 110.361675208000079, -7.787078766999968, 0.0 ], [ 110.36165825344996, -7.787182612242983, 0.0 ], [ 110.361621872244214, -7.787171749520121, 0.0 ], [ 110.361538808783919, -7.787157142333233, 0.0 ], [ 110.361454606933947, -7.787152251472651, 0.0 ], [ 110.361370405691403, -7.787157142873165, 0.0 ], [ 110.361287342440733, -7.787171749504925, 0.0 ], [ 110.361206541158666, -7.787195874973865, 0.0 ], [ 110.361129094275896, -7.787229193494413, 0.0 ], [ 110.36105604997509, -7.787271253488049, 0.0 ], [ 110.36098839494727, -7.787321485698119, 0.0 ], [ 110.360927045308856, -7.787379212220868, 0.0 ], [ 110.360872829363657, -7.787443651001949, 0.0 ], [ 110.360826481229509, -7.78751393210772, 0.0 ], [ 110.360788627224792, -7.78758910403618, 0.0 ], [ 110.360759779495254, -7.787668149988329, 0.0 ], [ 110.360740328736327, -7.787750002329124, 0.0 ], [ 110.360730536920926, -7.787833553430578, 0.0 ], [ 110.360730536366319, -7.787917672855845, 0.0 ], [ 110.360735446886792, -7.787959574162979, 0.0 ], [ 110.360583368000022, -7.787923649999862, 0.0 ], [ 110.360349183000082, -7.787866685999974, 0.0 ], [ 110.360178291000139, -7.787827444999897, 0.0 ], [ 110.360036514000086, -7.787799595999873, 0.0 ], [ 110.360006465993393, -7.787792991985544, 0.0 ], [ 110.36000646599777, -7.787791491206194, 0.0 ], [ 110.360026049902871, -7.787624389963188, 0.0 ], [ 110.360064953480858, -7.787460686273162, 0.0 ], [ 110.36012264914747, -7.787302593573134, 0.0 ], [ 110.3601983564036, -7.78715224984212, 0.0 ], [ 110.360291052764751, -7.787011687769521, 0.0 ], [ 110.360399484683555, -7.786882809446003, 0.0 ], [ 110.360522184825641, -7.786767357445978, 0.0 ], [ 110.36065749387042, -7.786666892248514, 0.0 ], [ 110.360803583212771, -7.786582773277675, 0.0 ], [ 110.360958475854702, -7.786516137226388, 0.0 ], [ 110.361119474786634, -7.786468065434882, 0.0 ], [ 110.361051847294533, -7.786404432554306, 0.0 ], [ 110.3609434171793, -7.786275553749681, 0.0 ], [ 110.360850720965345, -7.786134991564341, 0.0 ], [ 110.360775014574898, -7.785984647372064, 0.0 ], [ 110.360717319738399, -7.785826554250636, 0.0 ], [ 110.360695358933242, -7.78573413810533, 0.0 ], [ 110.360627113053582, -7.785784809883133, 0.0 ], [ 110.360481024875938, -7.785868929721801, 0.0 ], [ 110.360326132417484, -7.785935566518341, 0.0 ], [ 110.360164531155959, -7.785983818011873, 0.0 ], [ 110.359998405071281, -7.786013032627474, 0.0 ], [ 110.359830002149153, -7.786022814866507, 0.0 ], [ 110.359661598998343, -7.786013032489584, 0.0 ], [ 110.359495473638745, -7.785983818284288, 0.0 ], [ 110.359333871042153, -7.785935566395063, 0.0 ], [ 110.359314166442445, -7.785927089407008, 0.0 ], [ 110.359233032429515, -7.785961993956089, 0.0 ], [ 110.359071431066596, -7.786010245021962, 0.0 ], [ 110.358905304929294, -7.786039460106752, 0.0 ], [ 110.358736902006697, -7.786049241908719, 0.0 ], [ 110.358655197943392, -7.786044496034104, 0.0 ], [ 110.358568498904887, -7.786039460003372, 0.0 ], [ 110.358542662051704, -7.786034916461842, 0.0 ], [ 110.35858397792525, -7.786097566505964, 0.0 ], [ 110.358659686241779, -7.786247910126426, 0.0 ], [ 110.358676859325371, -7.786294967083389, 0.0 ], [ 110.358717381235749, -7.78640600346809, 0.0 ], [ 110.358756284370415, -7.786569707098523, 0.0 ], [ 110.358775868435472, -7.786736808697693, 0.0 ], [ 110.358775869301567, -7.786905047497279, 0.0 ], [ 110.358771522459648, -7.786942138364985, 0.0 ], [ 110.358756285868054, -7.78707214955645, 0.0 ], [ 110.358717384559384, -7.787235853999562, 0.0 ], [ 110.358659689298293, -7.787393947372624, 0.0 ], [ 110.358583982372537, -7.787544290780432, 0.0 ], [ 110.358491287153726, -7.787684853327677, 0.0 ], [ 110.358382855370891, -7.787813732000022, 0.0 ], [ 110.358260156176911, -7.787929185114564, 0.0 ], [ 110.35812484619251, -7.788029650366066, 0.0 ], [ 110.357978757677444, -7.788113770135675, 0.0 ], [ 110.357823864043411, -7.788180406816256, 0.0 ], [ 110.357819804590306, -7.788181619041077, 0.0 ], [ 110.357791239505133, -7.788259890909424, 0.0 ], [ 110.357715532100244, -7.788410235022637, 0.0 ], [ 110.357622836393475, -7.788550797335217, 0.0 ], [ 110.357556379836709, -7.788629786255131, 0.0 ], [ 110.357418000000123, -7.788629, 0.0 ], [ 110.3573880000001, -7.788629, 0.0 ], [ 110.356899, -7.788597, 0.0 ], [ 110.355489, -7.788521, 0.0 ], [ 110.355269519775533, -7.788511068768456, 0.0 ], [ 110.355268090524945, -7.788508901471432, 0.0 ], [ 110.355279, -7.788256, 0.0 ], [ 110.355164000000144, -7.78771, 0.0 ], [ 110.355129, -7.787486999999868, 0.0 ], [ 110.355215, -7.787043, 0.0 ], [ 110.355229202665598, -7.786923821139563, 0.0 ], [ 110.355295724557166, -7.786822949179005, 0.0 ], [ 110.355404156032165, -7.786694071345198, 0.0 ], [ 110.355526855553109, -7.786578619085055, 0.0 ], [ 110.355662165595831, -7.786478153763969, 0.0 ], [ 110.355686956471914, -7.786463878482836, 0.0 ], [ 110.355679022261569, -7.78644812344455, 0.0 ], [ 110.35562132843603, -7.786290029782232, 0.0 ], [ 110.355582426558755, -7.786126325963409, 0.0 ], [ 110.355562843779637, -7.785959224317556, 0.0 ], [ 110.355562844165746, -7.785790984710608, 0.0 ], [ 110.355582427843061, -7.78562388379048, 0.0 ], [ 110.355586267961129, -7.785607725142635, 0.0 ], [ 110.355495197652573, -7.785499479805972, 0.0 ], [ 110.35540250259163, -7.785358918393974, 0.0 ], [ 110.355326795617486, -7.785208574293529, 0.0 ], [ 110.355285776552691, -7.785096172579351, 0.0 ], [ 110.355280088501985, -7.785080586001823, 0.0 ], [ 110.355389, -7.784922, 0.0 ], [ 110.355564, -7.784756, 0.0 ], [ 110.355575, -7.78474899999989, 0.0 ], [ 110.355703000000148, -7.784636000999903, 0.0 ], [ 110.356009, -7.784311, 0.0 ], [ 110.356014684077593, -7.78430553597574, 0.0 ], [ 110.355992773128023, -7.784349047794112, 0.0 ], [ 110.35596392570325, -7.784428094282654, 0.0 ], [ 110.355944475139395, -7.784509946353571, 0.0 ], [ 110.355934682510778, -7.78459349728567, 0.0 ], [ 110.355934682866362, -7.784677616648486, 0.0 ], [ 110.35594447432014, -7.784761167471551, 0.0 ], [ 110.35596392528538, -7.784843019822715, 0.0 ], [ 110.355992772636881, -7.784922066182201, 0.0 ], [ 110.356030626218995, -7.7849972386351, 0.0 ], [ 110.356076973363386, -7.785067519732545, 0.0 ], [ 110.356131188839967, -7.785131958787963, 0.0 ], [ 110.356192538463745, -7.785189685450511, 0.0 ], [ 110.356260192686079, -7.785239917866384, 0.0 ], [ 110.356333236547371, -7.785281978070842, 0.0 ], [ 110.356410683275442, -7.785315295626985, 0.0 ], [ 110.356491483332846, -7.785339422112, 0.0 ], [ 110.356519864258829, -7.785344412843331, 0.0 ], [ 110.356483418891045, -7.785378705378252, 0.0 ], [ 110.356429203501136, -7.785443144468688, 0.0 ], [ 110.356382855818879, -7.785513425958756, 0.0 ], [ 110.356345001263321, -7.785588597447632, 0.0 ], [ 110.35631615379873, -7.785667643954006, 0.0 ], [ 110.35629670322497, -7.78574949603725, 0.0 ], [ 110.35628691061649, -7.785833046975974, 0.0 ], [ 110.356286911022011, -7.785917166339695, 0.0 ], [ 110.356296702554843, -7.786000717157842, 0.0 ], [ 110.356300257845689, -7.786015678231127, 0.0 ], [ 110.356316153627148, -7.786082569498364, 0.0 ], [ 110.356345001112317, -7.786161615841616, 0.0 ], [ 110.356382853947352, -7.786236787367077, 0.0 ], [ 110.356429202179754, -7.786307068439238, 0.0 ], [ 110.356483417856268, -7.786371508367814, 0.0 ], [ 110.356544767700171, -7.78642923409022, 0.0 ], [ 110.356612422154399, -7.786479467371178, 0.0 ], [ 110.35667211623435, -7.786513840657005, 0.0 ], [ 110.356661753131917, -7.786534421515344, 0.0 ], [ 110.356632905645654, -7.78661346803934, 0.0 ], [ 110.356613454167942, -7.786695319229088, 0.0 ], [ 110.356603661584245, -7.786778870174751, 0.0 ], [ 110.356603662037472, -7.786862989539912, 0.0 ], [ 110.356613453640207, -7.786946540353967, 0.0 ], [ 110.356621927079672, -7.786982199923139, 0.0 ], [ 110.356543479839218, -7.786968403792149, 0.0 ], [ 110.356459278164465, -7.786963512851711, 0.0 ], [ 110.356375076074698, -7.786968404161606, 0.0 ], [ 110.356292012766062, -7.786983011612713, 0.0 ], [ 110.356211212218696, -7.787007137015377, 0.0 ], [ 110.356133765958745, -7.787040454595701, 0.0 ], [ 110.356060721263006, -7.787082514595647, 0.0 ], [ 110.355993066643023, -7.787132746868894, 0.0 ], [ 110.355931716408165, -7.787190473520292, 0.0 ], [ 110.355877500684088, -7.787254912508811, 0.0 ], [ 110.355831152690939, -7.787325193908829, 0.0 ], [ 110.355793298758854, -7.787400365322142, 0.0 ], [ 110.355764451042091, -7.787479411765714, 0.0 ], [ 110.355744999343941, -7.787561263799734, 0.0 ], [ 110.355735207462558, -7.787644814707641, 0.0 ], [ 110.35573520772833, -7.787728934055238, 0.0 ], [ 110.355744999163363, -7.787812484873534, 0.0 ], [ 110.355764450181184, -7.787894337230511, 0.0 ], [ 110.355793297655879, -7.787973383606305, 0.0 ], [ 110.355831151430152, -7.788048556085793, 0.0 ], [ 110.355877499741354, -7.788118836316569, 0.0 ], [ 110.355931715537949, -7.788183276322387, 0.0 ], [ 110.355993065542975, -7.788241002135109, 0.0 ], [ 110.356060720197206, -7.788291235518222, 0.0 ], [ 110.356133764540672, -7.788333294888124, 0.0 ], [ 110.356211210882279, -7.7883666134236, 0.0 ], [ 110.356292012403742, -7.788390739086863, 0.0 ], [ 110.356375075839054, -7.788405346401455, 0.0 ], [ 110.356459277798024, -7.788410237381729, 0.0 ], [ 110.356543480177479, -7.788405346078877, 0.0 ], [ 110.356626543765685, -7.788390738601659, 0.0 ], [ 110.356707344567411, -7.788366613141091, 0.0 ], [ 110.356784791042827, -7.788333295474221, 0.0 ], [ 110.356857835903497, -7.78829123536377, 0.0 ], [ 110.356925490630402, -7.788241002057513, 0.0 ], [ 110.356986840904298, -7.788183276170972, 0.0 ], [ 110.357041056601503, -7.788118837039311, 0.0 ], [ 110.357087404501954, -7.788048555500258, 0.0 ], [ 110.35712525828049, -7.787973383959589, 0.0 ], [ 110.357154105791182, -7.787894337407179, 0.0 ], [ 110.357173557241765, -7.787812485288655, 0.0 ], [ 110.357183348847485, -7.787728934325234, 0.0 ], [ 110.357183348292835, -7.787644814954039, 0.0 ], [ 110.357173556571212, -7.787561264145333, 0.0 ], [ 110.357165083073809, -7.78752560639241, 0.0 ], [ 110.357243528633759, -7.787539401510881, 0.0 ], [ 110.357327730443444, -7.787544293210074, 0.0 ], [ 110.357411932653235, -7.787539401719583, 0.0 ], [ 110.357494996050889, -7.787524794959715, 0.0 ], [ 110.357575797553437, -7.787500669316408, 0.0 ], [ 110.357653243809949, -7.787467350566461, 0.0 ], [ 110.357726288437789, -7.78742529118986, 0.0 ], [ 110.35779394292517, -7.787375057723196, 0.0 ], [ 110.357855292954767, -7.787317331688654, 0.0 ], [ 110.357909508406181, -7.787252892423393, 0.0 ], [ 110.357955856061281, -7.787182611671501, 0.0 ], [ 110.357993709602326, -7.787107439126771, 0.0 ], [ 110.358022556882489, -7.787028392493943, 0.0 ], [ 110.358042008114055, -7.786946540315255, 0.0 ], [ 110.358051799513802, -7.786862990217243, 0.0 ], [ 110.358051799678648, -7.786778870829893, 0.0 ], [ 110.358042007789379, -7.78669532002547, 0.0 ], [ 110.358022556357113, -7.786613467736826, 0.0 ], [ 110.357993708524191, -7.7865344214812, 0.0 ], [ 110.357955855369227, -7.786459249170486, 0.0 ], [ 110.357909506854085, -7.786388968243586, 0.0 ], [ 110.357855291848225, -7.78632452938533, 0.0 ], [ 110.357793941824809, -7.786266802934371, 0.0 ], [ 110.357726287245043, -7.786216570737249, 0.0 ], [ 110.357666591294603, -7.786182196688497, 0.0 ], [ 110.357676955246887, -7.78616161580196, 0.0 ], [ 110.357705803412344, -7.786082569188122, 0.0 ], [ 110.357725253738607, -7.786000717020446, 0.0 ], [ 110.357735045164574, -7.785917166024825, 0.0 ], [ 110.35773504537714, -7.785833046638937, 0.0 ], [ 110.357725253557831, -7.785749495830409, 0.0 ], [ 110.357705802216799, -7.785667643532183, 0.0 ], [ 110.357676954495176, -7.78558859726161, 0.0 ], [ 110.357639101468706, -7.785513425835337, 0.0 ], [ 110.357592753100192, -7.785443144883465, 0.0 ], [ 110.357538537350266, -7.785378705089841, 0.0 ], [ 110.357534048048976, -7.785374480996901, 0.0 ], [ 110.357477187499541, -7.785320979509775, 0.0 ], [ 110.357409533105496, -7.785270746370836, 0.0 ], [ 110.357336489122133, -7.785228687247652, 0.0 ], [ 110.357259043230684, -7.785195368952624, 0.0 ], [ 110.357178242236003, -7.785171243515537, 0.0 ], [ 110.357149861311456, -7.785166251924006, 0.0 ], [ 110.357186306611382, -7.785131958421068, 0.0 ], [ 110.357240521849675, -7.785067519220203, 0.0 ], [ 110.357286870247151, -7.784997238525121, 0.0 ], [ 110.357324723673088, -7.784922066930668, 0.0 ], [ 110.357353570891846, -7.784843020333327, 0.0 ], [ 110.357373021208247, -7.784761168177977, 0.0 ], [ 110.35738281356133, -7.784677617190384, 0.0 ], [ 110.357382812916953, -7.784593497803939, 0.0 ], [ 110.357373021176713, -7.78450994699048, 0.0 ], [ 110.357353569942802, -7.784428094681588, 0.0 ], [ 110.357324722354875, -7.78434904839479, 0.0 ], [ 110.357286868581326, -7.784273876041021, 0.0 ], [ 110.357240521300838, -7.784203595063873, 0.0 ], [ 110.357186305750815, -7.78413915614338, 0.0 ], [ 110.357124956120217, -7.784081429623135, 0.0 ], [ 110.357057301958051, -7.784031197349247, 0.0 ], [ 110.356984258220663, -7.783989137278867, 0.0 ], [ 110.356906811673554, -7.783955819841537, 0.0 ], [ 110.356826011844433, -7.783931693453851, 0.0 ], [ 110.356742949254638, -7.783917086295238, 0.0 ], [ 110.35665874818055, -7.783912195443265, 0.0 ], [ 110.356574546701893, -7.783917086843421, 0.0 ], [ 110.356491484007933, -7.783931693480862, 0.0 ], [ 110.356410684066361, -7.783955819878185, 0.0 ], [ 110.356353148851568, -7.78398057164173, 0.0 ], [ 110.356458000000103, -7.783881, 0.0 ], [ 110.356693, -7.783644, 0.0 ], [ 110.35686900000016, -7.783317, 0.0 ], [ 110.356902075056823, -7.783211791727025, 0.0 ], [ 110.356993274218155, -7.78322782982583, 0.0 ], [ 110.35715487546473, -7.783276080697706, 0.0 ], [ 110.357309767468323, -7.783342717261086, 0.0 ], [ 110.357455854820557, -7.783426836363375, 0.0 ], [ 110.357501187666216, -7.783460494899234, 0.0 ], [ 110.357519802830183, -7.783301656838502, 0.0 ], [ 110.357558705920511, -7.783137952486196, 0.0 ], [ 110.35756681769638, -7.783115724688993, 0.0 ], [ 110.357463580158154, -7.783056278625761, 0.0 ], [ 110.357328272070959, -7.782955813287373, 0.0 ], [ 110.357205574008916, -7.782840360300185, 0.0 ], [ 110.357097144161088, -7.782711481562626, 0.0 ], [ 110.357071535015365, -7.782672648099508, 0.0 ], [ 110.357120000000151, -7.782517, 0.0 ], [ 110.357164, -7.782189, 0.0 ], [ 110.357185, -7.782025, 0.0 ], [ 110.357403705772057, -7.781859869848964, 0.0 ], [ 110.357404890183233, -7.781863115308838, 0.0 ], [ 110.357442742890683, -7.78193828764323, 0.0 ], [ 110.357489090895697, -7.782008568589523, 0.0 ], [ 110.357543305339775, -7.782073008362311, 0.0 ], [ 110.357587664422056, -7.782114748103683, 0.0 ], [ 110.357594715316495, -7.782134067348151, 0.0 ], [ 110.357632568079524, -7.782209239669383, 0.0 ], [ 110.357678915237017, -7.782279520597694, 0.0 ], [ 110.357733130651766, -7.782343959447463, 0.0 ], [ 110.357794479232737, -7.782401685869214, 0.0 ], [ 110.357862133245547, -7.782451918919706, 0.0 ], [ 110.357935176829301, -7.782493978827364, 0.0 ], [ 110.35801262230585, -7.782527296967037, 0.0 ], [ 110.358093422865906, -7.782551423115236, 0.0 ], [ 110.358176485259179, -7.782566029992193, 0.0 ], [ 110.358260686106831, -7.782570921427194, 0.0 ], [ 110.35834488732344, -7.782566029668486, 0.0 ], [ 110.358427948803353, -7.782551422638611, 0.0 ], [ 110.35850874929109, -7.782527296729937, 0.0 ], [ 110.358586194541175, -7.782493978625933, 0.0 ], [ 110.3586592381873, -7.782451919001086, 0.0 ], [ 110.358726892635104, -7.782401686205721, 0.0 ], [ 110.358788241768977, -7.782343959953449, 0.0 ], [ 110.358842456386199, -7.782279520490225, 0.0 ], [ 110.35888880418679, -7.782209239564237, 0.0 ], [ 110.358891291204216, -7.782204300176084, 0.0 ], [ 110.358964609312252, -7.782235842685553, 0.0 ], [ 110.359045408980236, -7.782259968651267, 0.0 ], [ 110.359128471363817, -7.782274576244529, 0.0 ], [ 110.359212672180092, -7.782279467486815, 0.0 ], [ 110.359296873342686, -7.782274575533418, 0.0 ], [ 110.359379935653621, -7.782259968310952, 0.0 ], [ 110.359460735136309, -7.782235843114777, 0.0 ], [ 110.359538181176987, -7.782202524827394, 0.0 ], [ 110.359611224688805, -7.782160465026235, 0.0 ], [ 110.359678878079222, -7.782110232063961, 0.0 ], [ 110.359740227955399, -7.782052505660549, 0.0 ], [ 110.359794442396094, -7.781988066059939, 0.0 ], [ 110.359840790010665, -7.781917785013438, 0.0 ], [ 110.359878642678993, -7.781842613120666, 0.0 ], [ 110.359907490081213, -7.781763567187999, 0.0 ], [ 110.359925620801661, -7.781687269267476, 0.0 ], [ 110.359928005958395, -7.781685498217061, 0.0 ], [ 110.35998935483002, -7.781627771767297, 0.0 ], [ 110.360043570080961, -7.781563333031932, 0.0 ], [ 110.360089916696907, -7.781493051948254, 0.0 ], [ 110.360127770185301, -7.781417880026418, 0.0 ], [ 110.360156617508068, -7.78133883316462, 0.0 ], [ 110.360176067980902, -7.781256980811237, 0.0 ], [ 110.360185859644687, -7.781173430597925, 0.0 ], [ 110.360185859292557, -7.781089310249063, 0.0 ], [ 110.360176067922012, -7.781005760353934, 0.0 ], [ 110.360156616239692, -7.78092390812905, 0.0 ], [ 110.360127769205121, -7.780844861093517, 0.0 ], [ 110.36008991608189, -7.780769688963875, 0.0 ], [ 110.360043568646532, -7.780699408274783, 0.0 ], [ 110.359989353952429, -7.780634969705178, 0.0 ], [ 110.359928004376741, -7.780577242686626, 0.0 ], [ 110.359860351280233, -7.780527009967014, 0.0 ], [ 110.359787307801867, -7.780484950399049, 0.0 ], [ 110.35970986252029, -7.780451632599297, 0.0 ], [ 110.359629062234816, -7.780427506781789, 0.0 ], [ 110.359546001091118, -7.780412899314825, 0.0 ], [ 110.359461800634875, -7.780408009072768, 0.0 ], [ 110.359377599847079, -7.780412900185285, 0.0 ], [ 110.359294537906237, -7.780427506533629, 0.0 ], [ 110.359213737863058, -7.780451632630732, 0.0 ], [ 110.359136293041161, -7.780484950887034, 0.0 ], [ 110.359063249792371, -7.780527010629485, 0.0 ], [ 110.358995595700407, -7.780577242606117, 0.0 ], [ 110.358934246869055, -7.78063496891637, 0.0 ], [ 110.35888003158982, -7.780699408413218, 0.0 ], [ 110.358833684881176, -7.780769689357983, 0.0 ], [ 110.358795831239306, -7.780844861152622, 0.0 ], [ 110.358766983710552, -7.780923907905764, 0.0 ], [ 110.358748852828739, -7.781000205765098, 0.0 ], [ 110.358746467671722, -7.781001976808885, 0.0 ], [ 110.358685117835833, -7.781059703072795, 0.0 ], [ 110.358633142052071, -7.781121481228221, 0.0 ], [ 110.358598414597665, -7.781080204791095, 0.0 ], [ 110.358537065166203, -7.781022479391837, 0.0 ], [ 110.358469411279444, -7.78097224645779, 0.0 ], [ 110.358396367885874, -7.780930186656223, 0.0 ], [ 110.358318922656068, -7.780896868605561, 0.0 ], [ 110.358238123295564, -7.780872742524595, 0.0 ], [ 110.358155061227649, -7.780858135685553, 0.0 ], [ 110.358070860723089, -7.780853244257157, 0.0 ], [ 110.358043392183532, -7.780854840070796, 0.0 ], [ 110.358134, -7.780725, 0.0 ], [ 110.358226, -7.780663999999883, 0.0 ], [ 110.358439, -7.780657000999923, 0.0 ], [ 110.358722, -7.780686, 0.0 ], [ 110.358757, -7.780686, 0.0 ], [ 110.358777000000103, -7.780667, 0.0 ], [ 110.358909, -7.780473, 0.0 ], [ 110.358975, -7.780382000999897, 0.0 ], [ 110.359038, -7.780332, 0.0 ], [ 110.35914000000011, -7.780232, 0.0 ], [ 110.359241000000154, -7.780104, 0.0 ], [ 110.359290000000144, -7.779957, 0.0 ], [ 110.359354, -7.779745999999852, 0.0 ], [ 110.359513, -7.779809, 0.0 ], [ 110.359747, -7.779872, 0.0 ], [ 110.360040000000168, -7.779944999999868, 0.0 ], [ 110.360071999000027, -7.779959, 0.0 ], [ 110.360244000000179, -7.779993000999982, 0.0 ], [ 110.36037797691975, -7.780011062962712, 0.0 ], [ 110.360394208191863, -7.780023114575626, 0.0 ], [ 110.36051690553883, -7.780138566658763, 0.0 ], [ 110.360625335904487, -7.780267445473529, 0.0 ], [ 110.360718030911102, -7.780408006731413, 0.0 ], [ 110.360793737348828, -7.780558350891518, 0.0 ], [ 110.360851431656897, -7.780716443080833, 0.0 ], [ 110.360879876929459, -7.780836142066267, 0.0 ], [ 110.360879000000153, -7.780853000999974, 0.0 ], [ 110.360869, -7.781147, 0.0 ], [ 110.36086400000012, -7.781443, 0.0 ], [ 110.360860793411931, -7.781506910872701, 0.0 ], [ 110.360851434651664, -7.781546294166056, 0.0 ], [ 110.360793741120432, -7.78170438709529, 0.0 ], [ 110.360718035202723, -7.781854731972038, 0.0 ], [ 110.36062534025109, -7.781995293370911, 0.0 ], [ 110.360569025351666, -7.782062229083575, 0.0 ], [ 110.360544614059776, -7.782129120615657, 0.0 ], [ 110.360468907968382, -7.782279465431528, 0.0 ], [ 110.360376213740267, -7.782420026760245, 0.0 ], [ 110.360267783978912, -7.782548906103172, 0.0 ], [ 110.360145086000102, -7.782664359052257, 0.0 ], [ 110.360111911640189, -7.78268899128444, 0.0 ], [ 110.360204583407665, -7.782829516452053, 0.0 ], [ 110.360280290020327, -7.782979859802692, 0.0 ], [ 110.360337985292873, -7.783137952961086, 0.0 ], [ 110.360360156810046, -7.783231252238619, 0.0 ], [ 110.360481021259304, -7.783283249336138, 0.0 ], [ 110.36062710931229, -7.783367368300696, 0.0 ], [ 110.360762417486796, -7.78346783356263, 0.0 ], [ 110.360778428045265, -7.783482898580269, 0.0 ], [ 110.360885116773417, -7.783583286516085, 0.0 ], [ 110.360993547152944, -7.783712164391102, 0.0 ], [ 110.361086242951842, -7.783852725617297, 0.0 ], [ 110.361161950044021, -7.784003069748299, 0.0 ], [ 110.361219644858451, -7.784161162816014, 0.0 ], [ 110.3612416084367, -7.78425358618379, 0.0 ], [ 110.361245970195327, -7.784250348274637, 0.0 ], [ 110.361242483680911, -7.784220599110499, 0.0 ], [ 110.361242484464256, -7.78405236021396, 0.0 ], [ 110.361262068498064, -7.783885257927683, 0.0 ], [ 110.361300971142242, -7.783721554028699, 0.0 ], [ 110.361358665733448, -7.783563461053724, 0.0 ], [ 110.361434373599579, -7.783413117892748, 0.0 ], [ 110.361527068646126, -7.783272556329801, 0.0 ], [ 110.361635499158638, -7.783143677559072, 0.0 ], [ 110.361758198727358, -7.783028225066916, 0.0 ], [ 110.361893506236498, -7.782927760240839, 0.0 ], [ 110.362039594011307, -7.782843640704499, 0.0 ], [ 110.362059259697546, -7.782835180376956, 0.0 ], [ 110.362515000000101, -7.782836, 0.0 ], [ 110.362983000000128, -7.782854, 0.0 ], [ 110.363368221271642, -7.782858952422185, 0.0 ], [ 110.363371829973417, -7.782861030354017, 0.0 ], [ 110.363341, -7.783229000999946, 0.0 ], [ 110.363276223440721, -7.783710339669891, 0.0 ] ], [ [ 110.359576464425118, -7.783191198459144, 0.0 ], [ 110.359530116846869, -7.783120917707238, 0.0 ], [ 110.359475901955662, -7.78305647906038, 0.0 ], [ 110.359414552131327, -7.78299875195119, 0.0 ], [ 110.35934689873659, -7.782948520033308, 0.0 ], [ 110.359273854917234, -7.782906460351732, 0.0 ], [ 110.359196409255091, -7.78287314242914, 0.0 ], [ 110.35911560855466, -7.782849016481264, 0.0 ], [ 110.359032546060263, -7.782834408876692, 0.0 ], [ 110.358948345138799, -7.782829517589967, 0.0 ], [ 110.358864144773463, -7.782834409466046, 0.0 ], [ 110.358781082338226, -7.782849016576462, 0.0 ], [ 110.358700281800068, -7.782873141628392, 0.0 ], [ 110.358622836485239, -7.782906459747718, 0.0 ], [ 110.358549792753607, -7.782948519358681, 0.0 ], [ 110.358482138194006, -7.782998752115653, 0.0 ], [ 110.358420788919332, -7.783056478310718, 0.0 ], [ 110.358366574132575, -7.783120917704293, 0.0 ], [ 110.358320226137081, -7.783191198555018, 0.0 ], [ 110.358282372154932, -7.783266370270164, 0.0 ], [ 110.35825352523706, -7.783345416959491, 0.0 ], [ 110.358234074269092, -7.78342726917854, 0.0 ], [ 110.358224282132312, -7.783510820206772, 0.0 ], [ 110.358224282055261, -7.783594939609764, 0.0 ], [ 110.358234073959309, -7.78367849041918, 0.0 ], [ 110.358253524437856, -7.783760342700294, 0.0 ], [ 110.358282371266839, -7.78383938893563, 0.0 ], [ 110.358320225192429, -7.78391456121336, 0.0 ], [ 110.358365168329726, -7.783982713458835, 0.0 ], [ 110.358338348030713, -7.783998157187091, 0.0 ], [ 110.358270694177079, -7.784048389893479, 0.0 ], [ 110.358209344711582, -7.784106116040348, 0.0 ], [ 110.358155128839797, -7.784170555388742, 0.0 ], [ 110.358108781588243, -7.784240836201994, 0.0 ], [ 110.35807092746046, -7.784316007883834, 0.0 ], [ 110.358042080416283, -7.784395054545841, 0.0 ], [ 110.358022629342955, -7.784476906743853, 0.0 ], [ 110.35801283712469, -7.784560456853231, 0.0 ], [ 110.358012836988337, -7.78464457624866, 0.0 ], [ 110.358022628857455, -7.784728127057414, 0.0 ], [ 110.358042079325841, -7.78480997934481, 0.0 ], [ 110.358070927075246, -7.784889026499164, 0.0 ], [ 110.358108780134941, -7.784964197890807, 0.0 ], [ 110.358114479959866, -7.784972841050179, 0.0 ], [ 110.358155127641055, -7.785034478789182, 0.0 ], [ 110.358209343451705, -7.785098918509065, 0.0 ], [ 110.358270692473198, -7.785156644892505, 0.0 ], [ 110.358338346963876, -7.785206877901171, 0.0 ], [ 110.358411391056322, -7.785248937764166, 0.0 ], [ 110.358488837065508, -7.785282255856872, 0.0 ], [ 110.358569638176391, -7.785306381051952, 0.0 ], [ 110.358623767519944, -7.785315900526637, 0.0 ], [ 110.358652700220119, -7.785320988782432, 0.0 ], [ 110.358736901628276, -7.785325880167496, 0.0 ], [ 110.358821103399606, -7.785320988359209, 0.0 ], [ 110.358904166327846, -7.785306381282159, 0.0 ], [ 110.358984967336326, -7.78528225532664, 0.0 ], [ 110.359062413079485, -7.785248937178081, 0.0 ], [ 110.359135457184323, -7.785206877511609, 0.0 ], [ 110.359203111143373, -7.785156644676713, 0.0 ], [ 110.359264460649214, -7.785098918390317, 0.0 ], [ 110.359294569560049, -7.785063132626878, 0.0 ], [ 110.35930244286476, -7.785072490821665, 0.0 ], [ 110.359363792950788, -7.785130217964762, 0.0 ], [ 110.359431446676396, -7.785180449903469, 0.0 ], [ 110.359504490887502, -7.785222510491252, 0.0 ], [ 110.359581936994701, -7.785255828390973, 0.0 ], [ 110.359662738178812, -7.785279954286993, 0.0 ], [ 110.359745800274155, -7.785294560901523, 0.0 ], [ 110.359830001707508, -7.78529945207014, 0.0 ], [ 110.359914203477231, -7.78529456094784, 0.0 ], [ 110.359997266379835, -7.785279953653165, 0.0 ], [ 110.360078067336275, -7.785255828388319, 0.0 ], [ 110.360155513004386, -7.78522251003267, 0.0 ], [ 110.360228557010828, -7.785180450168617, 0.0 ], [ 110.360296211756392, -7.785130217149721, 0.0 ], [ 110.360357561120026, -7.785072491597125, 0.0 ], [ 110.36041177589864, -7.785008051950577, 0.0 ], [ 110.360458123788746, -7.784937770865146, 0.0 ], [ 110.360495977573407, -7.784862598942337, 0.0 ], [ 110.36052482511748, -7.784783552081682, 0.0 ], [ 110.360544275733659, -7.784701699731726, 0.0 ], [ 110.360554067460853, -7.784618149523937, 0.0 ], [ 110.36055406709005, -7.784534030087181, 0.0 ], [ 110.360544275623027, -7.784450479297062, 0.0 ], [ 110.360524823763669, -7.784368627083531, 0.0 ], [ 110.360495976475278, -7.784289580061031, 0.0 ], [ 110.360458123023477, -7.784214408850429, 0.0 ], [ 110.360411775192006, -7.784144128177154, 0.0 ], [ 110.36035756003956, -7.784079688719921, 0.0 ], [ 110.360296209945446, -7.784021962623621, 0.0 ], [ 110.360228556281498, -7.783971729922394, 0.0 ], [ 110.36018558910564, -7.783946988443549, 0.0 ], [ 110.360155512194396, -7.783929669468607, 0.0 ], [ 110.360078066268258, -7.783896351687638, 0.0 ], [ 110.359997265312458, -7.783872225888838, 0.0 ], [ 110.359914203480429, -7.783857619344645, 0.0 ], [ 110.359830002331194, -7.783852728215735, 0.0 ], [ 110.35974580085103, -7.783857619344963, 0.0 ], [ 110.359662738229204, -7.783872225708909, 0.0 ], [ 110.35958628909404, -7.783895052278252, 0.0 ], [ 110.359614319463034, -7.783839389450457, 0.0 ], [ 110.359643166174862, -7.783760342652394, 0.0 ], [ 110.359662616895392, -7.783678490348992, 0.0 ], [ 110.359672408756637, -7.783594939265319, 0.0 ], [ 110.359672408544952, -7.783510819838838, 0.0 ], [ 110.359662616354498, -7.783427269039101, 0.0 ], [ 110.359643165607366, -7.783345416800323, 0.0 ], [ 110.359614318542029, -7.78326637063769, 0.0 ], [ 110.359576464425118, -7.783191198459144, 0.0 ] ] ] ] } }
]
}
